DATE,SP500,DOWJONES,NASDAQ100,RUSSELL2000,EUROSTOXX50,FTSE100,CAC40,DAX40,HSI,SHENZHEN,NIKKEI225,ASX200,NIFTY50,VIX
2026-07-01,7631.4702148438,52766.87890625,29077.220703125,2920.1298828125,6359.9301757812,10789.2998046875,8301.849609375,25970.109375,25311.2109375,13611.546875,64263.08984375,8978.400390625,23826.150390625,16.3400001526
2026-04-01,7499.3598632812,52319.19921875,30276.349609375,3024.3701171875,6328.08984375,10497.099609375,8403.990234375,24995.810546875,22881.01953125,16205.5595703125,70062.3203125,8778.7001953125,23865.75,16.4500007629
2026-01-01,6528.5200195312,46341.51171875,23740.189453125,2496.3701171875,5569.7299804688,10176.5,7816.9399414062,22680.0390625,24788.140625,13478.0595703125,51063.71875,8481.7998046875,22331.400390625,25.25
2025-10-01,6845.5,48063.2890625,25249.849609375,2481.9099121094,5796.2202148438,9931.400390625,8149.5,24490.41015625,25630.5390625,13525.01953125,50339.48046875,8714.2998046875,26129.599609375,14.9499998093
2025-07-01,6688.4599609375,46397.890625,24679.990234375,2436.4799804688,5529.9599609375,9350.400390625,7895.9399414062,23880.720703125,26855.560546875,13526.509765625,44932.62890625,8848.7998046875,24611.099609375,16.2800006866
2025-04-01,6204.9501953125,44094.76953125,22679.009765625,2175.0400390625,5303.240234375,8761,7665.91015625,23909.609375,24072.279296875,10465.1201171875,40487.390625,8542.2998046875,25517.05078125,16.7299995422
2025-01-01,5611.8500976562,42001.76171875,19278.44921875,2011.9100341797,5248.3901367188,8582.7998046875,7790.7099609375,22163.490234375,23119.580078125,10504.330078125,35617.55859375,7843.3999023438,23519.349609375,22.2800006866
2024-10-01,5881.6298828125,42544.21875,21012.169921875,2230.1599121094,4869.2797851562,8173,7380.740234375,19909.140625,20059.94921875,10414.6103515625,39894.5390625,8159.1000976562,23644.80078125,17.3500003815
2024-07-01,5762.4799804688,42330.1484375,20060.689453125,2229.9699707031,5000.4501953125,8237,7635.75,19324.9296875,21133.6796875,10529.759765625,37919.55078125,8269.7998046875,25810.849609375,16.7299995422
2024-04-01,5460.4799804688,39118.859375,19682.869140625,2047.6899414062,4894.0200195312,8164.1000976562,7479.3999023438,18235.44921875,17718.609375,8848.7001953125,39583.078125,7767.5,24010.599609375,12.4399995804
2024-01-01,5254.3500976562,39807.37109375,18254.689453125,2124.5500488281,5083.419921875,7952.6000976562,8205.8095703125,18492.490234375,16541.419921875,9400.849609375,40369.44140625,7896.8999023438,22326.900390625,13.0100002289
2023-10-01,4769.830078125,37689.5390625,16825.9296875,2027.0699462891,4521.6499023438,7733.2001953125,7543.1801757812,16751.640625,17047.390625,9524.6904296875,33464.171875,7590.7998046875,21731.400390625,12.4499998093
2023-07-01,4288.0498046875,33507.5,14715.240234375,1785.0999755859,4174.66015625,7608.1000976562,7135.0600585938,15386.580078125,17809.66015625,10109.5302734375,31857.619140625,7048.6000976562,19638.30078125,17.5200004578
2023-04-01,4450.3798828125,34407.6015625,15179.2099609375,1888.7299804688,4399.08984375,7531.5,7400.0600585938,16147.900390625,18916.4296875,11026.58984375,33189.0390625,7203.2998046875,19189.05078125,13.5900001526
2023-01-01,4109.3100585938,33274.1484375,13181.349609375,1802.4799804688,4315.0498046875,7631.7001953125,7322.3901367188,15628.83984375,20400.109375,11726.400390625,28041.48046875,7177.7998046875,17359.75,18.7000007629
2022-10-01,3839.5,33147.25,10939.759765625,1761.25,3793.6201171875,7451.7001953125,6473.759765625,13923.58984375,19781.41015625,11015.990234375,26094.5,7038.7001953125,18105.30078125,21.6700000763
2022-07-01,3585.6201171875,28725.509765625,10971.2197265625,1664.7199707031,3318.1999511719,6893.7998046875,5762.33984375,12114.3603515625,17222.830078125,10778.6103515625,25937.2109375,6474.2001953125,17094.349609375,31.6200008392
2022-04-01,3785.3798828125,30775.4296875,11503.7197265625,1707.9899902344,3454.8601074219,7169.2998046875,5922.8598632812,12783.76953125,21859.7890625,12896.2001953125,26393.0390625,6568.1000976562,15780.25,28.7099990845
2022-01-01,4530.41015625,34678.3515625,14838.490234375,2070.1298828125,3902.5200195312,7515.7001953125,6659.8701171875,14414.75,21996.849609375,12118.25,27821.4296875,7499.6000976562,17464.75,20.5599994659
2021-10-01,4766.1801757812,36338.30078125,16320.080078125,2245.3100585938,4306.0698242188,7384.5,7153.0297851562,15884.8603515625,23397.669921875,14857.349609375,28791.7109375,7444.6000976562,17354.05078125,17.2199993134
2021-07-01,4307.5400390625,33843.921875,14689.6201171875,2204.3701171875,4048.080078125,7086.3999023438,6520.009765625,15260.6904296875,24575.640625,14309.009765625,29452.66015625,7332.2001953125,17618.150390625,23.1399993896
2021-04-01,4297.5,34502.51171875,14554.7998046875,2310.5500488281,4064.3000488281,7037.5,6507.830078125,15531.0400390625,28827.94921875,15161.7001953125,28791.529296875,7313,15721.5,15.8299999237
2021-01-01,3972.8898925781,32981.55078125,13091.4404296875,2220.5200195312,3919.2099609375,6713.6000976562,6067.2299804688,15008.33984375,28378.349609375,13778.669921875,29178.80078125,6790.7001953125,14690.7001953125,19.3999996185
2020-10-01,3756.0700683594,30606.48046875,12888.2802734375,1974.8599853516,3571.5900878906,6460.5,5551.41015625,13718.7802734375,27231.130859375,14470.6796875,27444.169921875,6587.1000976562,13981.75,22.75
2020-07-01,3363,27781.69921875,11418.0595703125,1507.6899414062,3193.6101074219,5866.1000976562,4803.4399414062,12760.73046875,23459.05078125,12907.4501953125,23185.119140625,5815.8999023438,11247.5498046875,26.3700008392
2020-04-01,3100.2900390625,25812.880859375,10156.849609375,1441.3699951172,3234.0700683594,6169.7001953125,4935.990234375,12310.9296875,24427.189453125,11992.349609375,22288.140625,5897.8999023438,10302.099609375,30.4300003052
2020-01-01,2584.5900878906,21917.16015625,7813.5,1153.0999755859,2786.8999023438,5672,4396.1201171875,9935.83984375,23603.48046875,9962.2998046875,18917.009765625,5076.7998046875,8597.75,53.5400009155
2019-10-01,3230.7800292969,28538.439453125,8733.0703125,1668.4699707031,3748.4699707031,7542.3999023438,5978.0600585938,13249.009765625,28189.75,10430.76953125,23656.619140625,6684.1000976562,12168.4501953125,13.779999733
2019-07-01,2976.7399902344,26916.830078125,7749.4501953125,1523.3699951172,3569.4499511719,7408.2001953125,5677.7900390625,12428.080078125,26092.26953125,9446.240234375,21755.83984375,6688.2998046875,11474.4501953125,16.2399997711
2019-04-01,2941.7600097656,26599.9609375,7671.080078125,1566.5699462891,3473.6899414062,7425.6000976562,5538.9702148438,12398.7998046875,28542.619140625,9178.3095703125,21275.919921875,6618.7998046875,11788.849609375,15.0799999237
2019-01-01,2834.3999023438,25928.6796875,7378.7700195312,1539.7399902344,3351.7099609375,7279.2001953125,5350.5297851562,11526.0400390625,29051.359375,9906.8603515625,21205.810546875,6180.7001953125,11570,13.7100000381
2018-10-01,2506.8500976562,23327.4609375,6329.9702148438,1348.5600585938,2986.5300292969,6728.1000976562,4730.6899414062,10558.9599609375,25845.69921875,7239.7900390625,20014.76953125,5646.3999023438,10862.5498046875,25.4200000763
2018-07-01,2913.9799804688,26458.310546875,7627.6499023438,1696.5699462891,3399.1999511719,7510.2001953125,5493.490234375,12246.73046875,27788.51953125,8401.08984375,24120.0390625,6207.6000976562,10930.4501953125,12.1199998856
2018-04-01,2718.3701171875,24271.41015625,7040.7998046875,1643.0699462891,3395.6000976562,7636.8999023438,5323.5297851562,12306,28955.109375,9379.4697265625,22304.509765625,6194.6000976562,10714.2998046875,16.0900001526
2018-01-01,2640.8701171875,24103.109375,6581.1298828125,1529.4300537109,3361.5,7056.6000976562,5167.2998046875,12096.73046875,30093.380859375,10868.650390625,21454.30078125,5759.3999023438,10113.7001953125,19.9699993134
2017-10-01,2673.6101074219,24719.220703125,6396.419921875,1535.5100097656,3503.9599609375,7687.7998046875,5312.5600585938,12917.6396484375,29919.150390625,11040.4501953125,22764.939453125,6065.1000976562,10530.7001953125,11.0399999619
2017-07-01,2519.3601074219,22405.08984375,5979.2998046875,1490.8599853516,3594.8500976562,7372.7998046875,5329.8100585938,12828.8603515625,27554.30078125,11087.1904296875,20356.279296875,5681.6000976562,9788.599609375,9.5100002289
2017-04-01,2423.4099121094,21349.630859375,5646.919921875,1415.3599853516,3441.8798828125,7312.7001953125,5120.6801757812,12325.1201171875,25764.580078125,10529.6103515625,20033.4296875,5721.5,9520.900390625,11.1800003052
2017-01-01,2362.7199707031,20663.220703125,5436.2299804688,1385.9200439453,3500.9299316406,7322.8999023438,5122.509765625,12312.8701171875,24111.58984375,10428.7197265625,18909.259765625,5864.8999023438,9173.75,12.3699998856
2016-10-01,2238.830078125,19762.599609375,4863.6201171875,1357.1300048828,3290.5200195312,7142.7998046875,4862.3100585938,11481.0595703125,22000.560546875,10177.1396484375,19114.369140625,5665.7998046875,8185.7998046875,14.0399999619
2016-07-01,2168.2700195312,18308.150390625,4875.7001953125,1251.6500244141,3002.2399902344,6899.2998046875,4448.259765625,10511.01953125,23297.150390625,10567.580078125,16449.83984375,5435.8999023438,8611.150390625,13.2899999619
2016-04-01,2098.8601074219,17929.990234375,4417.7001953125,1151.9200439453,2864.7399902344,6504.2998046875,4237.4799804688,9680.08984375,20794.369140625,10489.990234375,15575.919921875,5233.3999023438,8287.75,15.6300001144
2016-01-01,2059.7399902344,17685.08984375,4483.66015625,1114.0300292969,3004.9299316406,6174.8999023438,4385.0600585938,9965.509765625,20776.69921875,10455.3701171875,16758.669921875,5082.7998046875,7738.3999023438,13.9499998093
2015-10-01,2043.9399414062,17425.029296875,4593.2700195312,1135.8900146484,3287.9799804688,6242.2998046875,4677.1401367188,10743.009765625,21914.400390625,12664.8896484375,19033.7109375,5295.8999023438,7946.3500976562,18.2099990845
2015-07-01,1920.0300292969,16284.7001953125,4181.0600585938,1100.6899414062,3100.669921875,6061.6000976562,4455.2900390625,9660.4404296875,20846.30078125,9988.25,17388.150390625,5021.6000976562,7948.8999023438,24.5
2015-04-01,2063.1101074219,17619.509765625,4396.759765625,1253.9499511719,3424.3000488281,6521,4790.2001953125,10944.9697265625,26250.029296875,14337.9697265625,20235.73046875,5459,8368.5,18.2299995422
2015-01-01,2067.8898925781,17776.119140625,4333.6899414062,1252.7700195312,3697.3798828125,6773,5033.6401367188,11966.169921875,24900.890625,13160.66015625,19206.990234375,5891.5,8491,15.2899999619
2014-10-01,2058.8999023438,17823.0703125,4236.2797851562,1204.6999511719,3135.9499511719,6566.1000976562,4272.75,9805.5498046875,23605.0390625,11014.6201171875,17450.76953125,5411,8282.7001953125,19.2000007629
2014-07-01,1972.2900390625,17042.900390625,4049.4499511719,1101.6800537109,3225.9299316406,6622.7001953125,4416.240234375,9474.2998046875,22932.98046875,8080.3500976562,16173.51953125,5292.7998046875,7964.7998046875,16.3099994659
2014-04-01,1960.2299804688,16826.599609375,3849.4799804688,1192.9599609375,3228.2399902344,6743.8999023438,4422.83984375,9833.0703125,23190.720703125,7343.2797851562,15162.099609375,5395.7001953125,7611.3500976562,11.5699996948
2014-01-01,1872.3399658203,16457.66015625,3595.7399902344,1173.0400390625,3161.6000976562,6598.3999023438,4391.5,9555.91015625,22151.060546875,7189.580078125,14827.830078125,5394.7998046875,6704.2001953125,13.8800001144
2013-10-01,1848.3599853516,16576.66015625,3592,1163.6400146484,3100.9299316406,6749.1000976562,4295.9501953125,9552.16015625,23306.390625,8121.7900390625,16291.3095703125,5352.2001953125,6304,13.720000267
2013-07-01,1681.5500488281,15129.669921875,3218.1999511719,1073.7900390625,2893.1499023438,6462.2001953125,4143.4399414062,8594.400390625,22859.859375,8514.5703125,14455.7998046875,5218.8999023438,5735.2998046875,16.6000003815
2013-04-01,1606.2800292969,14909.599609375,2909.6000976562,977.4799804688,2602.5900878906,6215.5,3738.9099121094,7959.2202148438,20803.2890625,7694.4702148438,13677.3203125,4802.6000976562,5842.2001953125,16.8600006104
2013-01-01,1569.1899414062,14578.5400390625,2818.6899414062,951.5399780273,2624.0200195312,6411.7001953125,3731.419921875,7795.3100585938,22299.630859375,8889.76953125,12397.91015625,4966.5,5682.5498046875,12.6999998093
2012-10-01,1426.1899414062,13104.1396484375,2660.9299316406,849.3499755859,2626.8500976562,5897.7998046875,3620.25,7612.3901367188,22656.919921875,9116.48046875,10395.1796875,4649,5905.1000976562,18.0200004578
2012-07-01,1440.6700439453,13437.1298828125,2799.1899414062,837.450012207,2454.2600097656,5742.1000976562,3354.8200683594,7216.1499023438,20840.380859375,8679.2197265625,8870.16015625,4387,5703.2998046875,15.7299995422
2012-04-01,1362.1600341797,12880.08984375,2615.7199707031,798.4899902344,2264.7199707031,5571.2001953125,3196.6499023438,6416.2797851562,19441.4609375,9500.3203125,9006.7802734375,4094.6000976562,5278.8999023438,17.0799999237
2012-01-01,1408.4699707031,13212.0400390625,2755.2700195312,830.299987793,2477.2800292969,5768.5,3423.8100585938,6946.830078125,20555.580078125,9410.259765625,10083.5595703125,4335.2001953125,5295.5498046875,15.5
2011-10-01,1257.5999755859,12217.5595703125,2277.830078125,740.9199829102,2316.5500488281,5572.2998046875,3159.8100585938,5898.3500976562,18434.390625,8918.8203125,8455.349609375,4056.6000976562,4624.2998046875,23.3999996185
2011-07-01,1131.4200439453,10913.3798828125,2139.1799316406,644.1599731445,2179.6599121094,5128.5,2981.9599609375,5502.0200195312,17592.41015625,10292.330078125,8700.2900390625,4008.6000976562,4943.25,42.9599990845
2011-04-01,1320.6400146484,12414.33984375,2325.0700683594,827.4299926758,2848.5300292969,5945.7001953125,3982.2099609375,7376.240234375,22398.099609375,12110.9296875,9816.08984375,4608,5647.3999023438,16.5200004578
2011-01-01,1325.8299560547,12319.73046875,2338.9899902344,843.549987793,2910.9099121094,5908.7998046875,3989.1799316406,7041.3100585938,23527.51953125,12562.900390625,9755.099609375,4837.8999023438,5833.75,17.7399997711
2010-10-01,1257.6400146484,11577.509765625,2217.8601074219,783.6500244141,2807.0400390625,5899.8999023438,3850.7600097656,6914.1899414062,23035.44921875,12458.5498046875,10228.919921875,4745.2001953125,6134.5,17.75
2010-07-01,1141.1999511719,10788.0498046875,1998.0400390625,676.1400146484,2747.8999023438,5548.6000976562,3715.1799316406,6229.0200195312,22358.169921875,11468.5400390625,9369.349609375,4582.8999023438,6029.9501953125,23.7000007629
2010-04-01,1030.7099609375,9774.01953125,1739.1400146484,609.4899902344,2573.3200683594,4916.8999023438,3442.8898925781,5965.5200195312,20128.990234375,9386.9404296875,9382.6396484375,4301.5,5312.5,34.5400009155
2010-01-01,1169.4300537109,10856.6298828125,1958.3399658203,678.6400146484,2931.1599121094,5679.6000976562,3974.0100097656,6153.5498046875,21239.349609375,12494.349609375,11089.9404296875,4875.5,5249.1000976562,17.5900001526
2009-10-01,1115.0999755859,10428.0498046875,1860.3100585938,625.3900146484,2966.2399902344,5412.8999023438,3936.330078125,5957.4301757812,21872.5,13699.9697265625,10546.4404296875,4870.6000976562,5201.0498046875,21.6800003052
2009-07-01,1057.0799560547,9712.2802734375,1718.9899902344,604.2800292969,2872.6298828125,5133.8999023438,3795.4099121094,5675.16015625,20955.25,11206.849609375,10133.23046875,4743.6000976562,5083.9501953125,25.6100006104
2009-04-01,919.3200073242,8447,1477.25,508.2799987793,2401.6899414062,4249.2001953125,3140.4399414062,4808.6401367188,18378.73046875,11566.6103515625,9958.4404296875,3954.8999023438,4291.1000976562,26.3500003815
2009-01-01,797.8699951172,7608.919921875,1237.0100097656,422.75,2071.1298828125,3926.1000976562,2807.3400878906,4084.7600097656,13576.01953125,8981.9501953125,8109.5297851562,3582.1000976562,3020.9499511719,44.1399993896
2008-10-01,903.25,8776.3896484375,1211.6500244141,499.450012207,2451.4799804688,4434.2001953125,3217.9699707031,4810.2001953125,14387.48046875,6485.509765625,8859.5595703125,3722.3000488281,2959.1499023438,40
2008-07-01,1166.3599853516,10850.66015625,1594.6300048828,679.5800170898,3038.1999511719,4902.5,4032.1000976562,5831.0200195312,18016.2109375,7559.2700195312,11259.8603515625,4600.5,3921.1999511719,39.3899993896
2008-04-01,1280,11350.009765625,1837.0899658203,689.6599731445,3352.8100585938,5625.8999023438,4434.8500976562,6418.3198242188,22102.009765625,9370.7802734375,13481.3798828125,5215.2998046875,4040.5500488281,23.9500007629
2008-01-01,1322.6999511719,12262.8896484375,1781.9300537109,687.9699707031,3628.0600585938,5702.1000976562,4707.0698242188,6534.9702148438,22849.19921875,13302.1396484375,12525.5400390625,5355.7001953125,4734.5,25.6100006104
2007-10-01,1468.3599853516,13264.8203125,2084.9299316406,766.0300292969,4399.7202148438,6456.8999023438,5614.080078125,8067.3198242188,27812.650390625,17700.619140625,15307.7802734375,6339.7998046875,6138.6000976562,22.5
2007-07-01,1526.75,13895.6298828125,2091.1101074219,805.450012207,4381.7099609375,6466.7998046875,5715.6899414062,7861.509765625,27142.470703125,18864.55078125,16785.689453125,6567.7998046875,5021.3500976562,18
2007-04-01,1503.3499755859,13408.6201171875,1934.0999755859,833.700012207,4489.7700195312,6607.8999023438,6054.9301757812,8007.3198242188,21772.73046875,12546.4501953125,18138.359375,6274.8999023438,,16.2299995422
2007-01-01,1420.8599853516,12354.349609375,1772.3599853516,800.7100219727,4181.0297851562,6308,5634.16015625,6917.0297851562,19800.9296875,8549.2001953125,17287.650390625,5995,,14.6400003433
2006-10-01,1418.3000488281,12463.150390625,1756.9000244141,787.6599731445,,6220.7998046875,5541.759765625,6596.919921875,19964.720703125,6647.1401367188,17225.830078125,5669.8999023438,,11.5600004196
2006-07-01,1335.8499755859,11679.0703125,1654.1300048828,725.5900268555,,5960.7998046875,5250.009765625,6004.330078125,17543.05078125,4326.7797851562,16127.580078125,5154.1000976562,,11.9799995422
2006-04-01,1270.1999511719,11150.2197265625,1575.2299804688,724.6699829102,,5833.3999023438,4965.9599609375,5683.3100585938,16267.6201171875,4301.66015625,15505.1796875,5073.8999023438,,13.0799999237
2006-01-01,1294.8699951172,11109.3203125,1703.6600341797,765.1400146484,,5964.6000976562,5220.8500976562,5970.080078125,15805.0400390625,3516.3999023438,17059.66015625,5129.7001953125,,11.3900003433
2005-10-01,1248.2900390625,10717.5,1645.1999511719,673.2199707031,,5618.7998046875,4715.2299804688,5408.259765625,14876.4296875,2863.6101074219,16111.4296875,4763.3999023438,,12.0699996948
2005-07-01,1228.8100585938,10568.7001953125,1601.6600341797,667.799987793,,5477.7001953125,4600.0200195312,5044.1201171875,15428.51953125,2903.1101074219,13574.2998046875,4641.2001953125,,11.9200000763
2005-04-01,1191.3299560547,10274.9697265625,1493.5200195312,639.6599731445,,5113.2001953125,4229.3500976562,4586.2797851562,14201.0595703125,2760.2299804688,11584.009765625,4277.5,,12.0399999619
2005-01-01,1180.5899658203,10503.759765625,1482.5300292969,615.0700073242,,4894.3999023438,4067.7800292969,4348.7700195312,13516.8798828125,3170.3500976562,11668.9501953125,4109.7998046875,,14.0200004578
2004-10-01,1211.9200439453,10783.009765625,1621.1199951172,651.5700073242,,4814.2998046875,3821.1599121094,4256.080078125,14230.1396484375,3067.5700683594,11488.759765625,4050.6000976562,,13.2899999619
2004-07-01,1114.5799560547,10080.26953125,1412.7399902344,572.9400024414,,4570.7998046875,3640.6101074219,3892.8999023438,13120.0302734375,3453.9099121094,10823.5703125,3665,,13.3400001526
2004-04-01,1140.8399658203,10435.48046875,1516.6400146484,591.5200195312,,4464.1000976562,3732.9899902344,4052.7299804688,12285.75,3275.8500976562,11858.8701171875,3532.8999023438,,14.3400001526
2004-01-01,1126.2099609375,10357.7001953125,1438.4100341797,590.3099975586,,4385.7001953125,3625.2299804688,3856.6999511719,12681.669921875,4060.1398925781,11715.3896484375,3415.3000488281,,16.7399997711
2003-10-01,1111.9200439453,10453.919921875,1467.9200439453,556.9099731445,,4476.8999023438,3557.8999023438,3965.1599121094,12575.9404296875,3479.8000488281,10676.6396484375,3299.8000488281,,18.3099994659
2003-07-01,995.9699707031,9275.0595703125,1303.6999511719,487.6799926758,,4091.3000488281,3134.9899902344,3256.7800292969,11229.8701171875,3054.8999023438,10219.0498046875,3169.5,,22.7199993134
2003-04-01,974.5,8985.4404296875,1201.6899414062,448.3699951172,,4031.1999511719,3084.1000976562,3220.580078125,9577.1201171875,3224.8100585938,9083.1103515625,3026.8999023438,,19.5200004578
2003-01-01,848.1799926758,7992.1298828125,1018.6599731445,364.5400085449,,3613.3000488281,2618.4599609375,2423.8701171875,8634.4501953125,3101.8601074219,7972.7099609375,2885.1999511719,,29.1499996185
2002-10-01,879.8200073242,8341.6298828125,984.3699951172,383.0899963379,,3940.3999023438,3063.9099121094,2892.6298828125,9321.2900390625,2759.3000488281,8578.9501953125,3007.1000976562,,28.6200008392
2002-07-01,815.2800292969,7591.9301757812,832.5200195312,362.2699890137,,3721.8000488281,2777.4499511719,2769.0300292969,9072.2099609375,3243.9299316406,9383.2900390625,2970.8999023438,,39.6899986267
2002-04-01,989.8200073242,9243.259765625,1051.4100341797,462.6400146484,,4656.3999023438,3897.9899902344,4382.5600585938,10598.5498046875,3551.330078125,10621.83984375,3216,,25.3999996185
2002-01-01,1147.3900146484,10403.9404296875,1452.8100585938,506.4599914551,,5271.7998046875,4688.0200195312,5397.2900390625,11032.919921875,3173.8999023438,11024.9404296875,3414.8000488281,,17.3999996185
2001-10-01,1148.0799560547,10021.5703125,1577.0500488281,488.5,,5217.3999023438,4624.580078125,5160.1000976562,11397.2099609375,3325.6599121094,10542.6201171875,3422.3000488281,,23.7999992371
2001-07-01,1040.9399414062,8847.5595703125,1168.3699951172,404.8699951172,,4903.3999023438,4079.0200195312,4308.1499023438,9950.7001953125,3498.6298828125,9774.6796875,3049.5,,31.9300003052
2001-04-01,1224.3800048828,10502.400390625,1830.1899414062,512.6400146484,,5642.5,5225.330078125,6058.3798828125,13042.5302734375,4716.8999023438,12969.0498046875,3490.3000488281,,19.0599994659
2001-01-01,1160.3299560547,9878.7802734375,1573.25,450.5299987793,,5633.7001953125,5180.4501953125,5829.9501953125,12760.6396484375,4965.990234375,12999.7001953125,3147.1999511719,,28.6399993896
2000-10-01,1320.2800292969,10787.990234375,2341.6999511719,483.5299987793,,6222.5,5926.419921875,6433.6098632812,15095.5302734375,4752.75,13785.6904296875,3206.1999511719,,26.8500003815
2000-07-01,1436.5100097656,10650.919921875,3570.6101074219,521.3699951172,,6294.2001953125,6266.6298828125,6798.1201171875,15648.98046875,4523.66015625,15747.259765625,3298.8000488281,,20.5699996948
2000-04-01,1454.5999755859,10447.8896484375,3763.7900390625,517.2299804688,,6312.7001953125,6446.5400390625,6898.2099609375,16155.7802734375,4830.669921875,17411.05078125,3311.1999511719,,19.5400009155
2000-01-01,1498.5799560547,10921.919921875,4397.83984375,539.0900268555,,6540.2001953125,6286.0498046875,7599.3901367188,17406.5390625,4532.3100585938,20337.3203125,3133.3000488281,,24.1100006104
1999-10-01,1469.25,11497.1201171875,3707.830078125,504.75,,6930.2001953125,5958.3198242188,6958.1401367188,16962.099609375,3369.6101074219,18934.33984375,3117.6999511719,,24.6399993896
1999-07-01,1282.7099609375,10336.9501953125,2407.8999023438,427.299987793,,6029.7998046875,4591.419921875,5149.830078125,12733.240234375,3967.8400878906,17605.4609375,2817,,25.4099998474
1999-04-01,1372.7099609375,10970.7998046875,2296.7700195312,457.6799926758,,6318.5,4536.6098632812,5378.5200195312,13532.1396484375,4702.7700195312,17529.740234375,2903.6999511719,,21.0900001526
1999-01-01,1286.3699951172,9786.16015625,2106.3898925781,397.6300048828,,6295.2998046875,4197.8798828125,4865.2700195312,10942.2001953125,2872.1499023438,15836.58984375,2867,,23.2600002289
1998-10-01,1229.2299804688,9181.4296875,1836.0100097656,421.9599914551,,5882.6000976562,3942.6599121094,5006.5698242188,10048.580078125,2949.3200683594,13842.169921875,2717.6000976562,,24.4200000763
1998-07-01,1017.0100097656,7842.6201171875,1345.4799804688,363.5899963379,,5064.3999023438,3197.9499511719,4430.91015625,7883.4599609375,3283.3701171875,13406.3896484375,2511.3000488281,,40.9500007629
1998-04-01,1133.8399658203,8952.01953125,1337.3399658203,457.3900146484,,5832.6000976562,4203.4501953125,5841.830078125,8543.099609375,3737.1398925781,15830.26953125,2620.1000976562,,19.7099990845
1998-01-01,1101.75,8799.8095703125,1220.6600341797,480.6799926758,,5932.2001953125,3875.3000488281,5097.25,11518.7001953125,4063.2900390625,16527.169921875,2686,,24.2199993134
1997-10-01,970.4299926758,7908.2998046875,990.8300170898,437.0199890137,,5135.5,2998.8999023438,4224.2998046875,10722.7998046875,4184.83984375,15258.740234375,2567.3999023438,,24.0100002289
1997-07-01,947.2800292969,7945.2998046875,1097.1600341797,453.8200073242,,5244.2001953125,3008.3000488281,4154.8901367188,15049.2998046875,3916.9599609375,17887.7109375,2703.1000976562,,22.9099998474
1997-04-01,885.1400146484,7672.7998046875,957.299987793,396.3699951172,,4604.6000976562,2858.3000488281,3766.8898925781,15196.7998046875,,20604.9609375,2664.6999511719,,21.5300006866
1997-01-01,757.1199951172,6583.4799804688,797.0599975586,342.5599975586,,4312.8999023438,2656.6999511719,3407.830078125,12534.2998046875,,18003.400390625,2360.5,,22.1399993896
1996-10-01,740.7399902344,6448.2700195312,821.3599853516,362.6099853516,,4118.5,2315.6999511719,2880.0700683594,13451.5,,19361.349609375,2367.8000488281,,20.9200000763
1996-07-01,687.3300170898,5882.169921875,737.5700073242,346.3900146484,,3953.6999511719,2132.8000488281,2655.4899902344,11902.400390625,,21556.400390625,2218.6000976562,,16.9500007629
1996-04-01,670.6300048828,5654.6298828125,677.299987793,346.6099853516,,3711,2123.6999511719,2570.4399414062,11020.900390625,,22530.75,2171.8000488281,,13.6800003052
1996-01-01,645.5,5587.1401367188,609.6900024414,330.7699890137,,3699.6999511719,2044.8000488281,2489.3500976562,10957.2001953125,,21406.849609375,2164,,18.8799991608
1995-10-01,615.9299926758,5117.1201171875,576.2299804688,315.9700012207,,3689.3000488281,1872,2260.6899414062,10073.400390625,,19868.150390625,2154.8999023438,,12.5200004578
1995-07-01,584.4099731445,4789.080078125,585.0800170898,310.3800048828,,3508.1999511719,1788.4000244141,2201.2700195312,9646.2998046875,,17913.060546875,2091.3000488281,,12.7399997711
1995-04-01,544.75,4556.1000976562,538.0300292969,283.6300048828,,3314.6000976562,1858.8000488281,2089.0400390625,9206.5,,14517.400390625,1981,,11.3800001144
1995-01-01,500.7099914551,4157.6899414062,447.1499938965,260.7699890137,,3137.8999023438,1859.5,1914.6899414062,8587.7001953125,,16139.9501953125,1867.0999755859,,13.3699998856
1994-10-01,459.2699890137,3834.4399414062,404.2699890137,250.3600006104,,3065.5,1881.1999511719,2097.5100097656,8191,,19723.060546875,1857.4000244141,,13.1999998093
1994-07-01,462.7099914551,3843.1899414062,393.8500061035,256.1199951172,,3026.3000488281,1879.3000488281,2002.3000488281,9521.2001953125,,19563.810546875,1967.6999511719,,14.279999733
1994-04-01,444.2699890137,3624.9599609375,360.299987793,240.2899932861,,2919.1999511719,1892,2020.8499755859,8758.400390625,,20643.9296875,1931.0999755859,,14.970000267
1994-01-01,445.7699890137,3635.9599609375,382.9599914551,251.0599975586,,3086.3999023438,2081.8999023438,2142.8798828125,9029.900390625,,19111.919921875,1980.0999755859,,20.4500007629
1993-10-01,466.450012207,3754.0900878906,398.2799987793,258.5899963379,,3418.3999023438,2268.1999511719,2255.2900390625,11888.400390625,,17417.240234375,2113.6000976562,,11.6599998474
1993-07-01,458.9299926758,3555.1201171875,382.7149963379,252.9499969482,,3037.5,2114.6000976562,1910.2299804688,7676.2001953125,,20105.7109375,1919.8000488281,,12.9899997711
1993-04-01,450.5299987793,3516.080078125,366.125,233.3500061035,,2900,1971.9000244141,1700.9300537109,7099.2998046875,,19590,1734.5999755859,,11.2600002289
1993-01-01,451.6700134277,3435.1101074219,359.4200134277,229.2100067139,,2878.6999511719,2031.4000244141,1676.8399658203,6388.8999023438,,18591.44921875,1674.5,,12.529999733
1992-10-01,435.7099914551,3301.1101074219,360.1849975586,221.0099945068,,2846.5,1857.8000488281,1538.4300537109,5512.3999023438,,16924.94921875,1564.6999511719,,12.5699996948
1992-07-01,417.799987793,3271.6999511719,313.1849975586,192.9100036621,,2553,1736.6999511719,1470.0899658203,5505.3999023438,,17399.080078125,,,14.279999733
1992-04-01,408.1400146484,3318.5,301.2300109863,188.5800018311,,2521.1999511719,1900.5999755859,1754.9499511719,6103.8999023438,,15951.73046875,,,13.3500003815
1992-01-01,403.6900024414,3235.5,323.049987793,203.6999969482,,2440.1000976562,1942.4000244141,1718.3499755859,4938.2998046875,,19345.94921875,,,16.1800003052
1991-10-01,417.0899963379,,330.8550109863,189.9400024414,,2493.1000976562,1765.6999511719,1577.2600097656,4297.2998046875,,22983.76953125,,,19.3099994659
1991-07-01,387.8599853516,,287.5350036621,180.1600036621,,2621.6999511719,1880.5999755859,1605.4699707031,3956.6999511719,,23916.439453125,,,15.8500003815
1991-04-01,371.1600036621,,254.1950073242,167.6100006104,,2414.8000488281,1747.5999755859,1623.7299804688,3668,,23290.9609375,,,19.5499992371
1991-01-01,375.2200012207,,264.9049987793,171.0099945068,,2456.5,1816,1515.3199462891,3745,,26292.0390625,,,16.8799991608
1990-10-01,330.2200012207,,200.5299987793,132.1999969482,,2143.5,1509,1389.3499755859,3024,,23848.7109375,,,26.3799991608
1990-07-01,306.049987793,,177.0549926758,126.6999969482,,1990.1999511719,1499,1327.9799804688,2760,,20983.5,,,29.1100006104
1990-04-01,358.0199890137,,238.4600067139,169.1199951172,,2374.6000976562,2035,1884.6700439453,3278,,31940.240234375,,,15.5
1990-01-01,339.9400024414,,213.1450042725,163.6300048828,,2247.8999023438,1972,1966.75,2997,,29980.44921875,,,19.7299995422
1989-10-01,353.3999938965,,223.8350067139,168.3099975586,,2422.6999511719,,1778.1199951172,2836.6000976562,,38915.87109375,,,
1989-07-01,349.1499938965,,226.3899993896,178.2100067139,,2299.3999023438,,1570.6400146484,2758.1999511719,,35636.76171875,,,
1989-04-01,317.9800109863,,204.5850067139,167.4199981689,,2151,,1477.2199707031,2273.8999023438,,32948.69140625,,,
1989-01-01,294.8699951172,,185.8699951172,157.8999938965,,2075,,1319.8800048828,3005,,32838.6796875,,,
1988-10-01,277.7200012207,,177.4100036621,147.3699951172,,1793.0999755859,,1330.2299804688,2687.3999023438,,30159,,,
1988-07-01,271.9100036621,,179.3650054932,149.0899963379,,1826.5,,1253.6800537109,2441,,27923.669921875,,,
1988-04-01,273.5,,189.0249938965,151.3000030518,,1857.5999755859,,1133.8100585938,2671.5,,27769.400390625,,,
1988-01-01,258.8900146484,,173.2599945068,142.1499938965,,1742.5,,1062.3299560547,2544,,26260.259765625,,,
1987-10-01,247.0800018311,,156.25,120.4199981689,,1713.9000244141,,1005.1900024414,2302.8000488281,,21564,,,
1987-07-01,321.8299865723,,205.5050048828,170.8099975586,,2366,,,3943.6000976562,,26010.880859375,,,
1987-04-01,304,,189.2400054932,,,2284.1000976562,,,3178.1999511719,,24176.400390625,,,
1987-01-01,291.700012207,,186.0399932861,,,1997.5999755859,,,2713.8000488281,,21566.66015625,,,
1986-10-01,242.1699981689,,141.4049987793,,,1679,,,2568.3000488281,,18820.650390625,,,
1986-07-01,231.3200073242,,137.4949951172,,,1555.8000488281,,,,,17852.859375,,,
1986-04-01,250.8399963379,,162.6150054932,,,1649.8000488281,,,,,17654.189453125,,,
1986-01-01,238.8999938965,,148.8600006104,,,1668.8000488281,,,,,15859.75,,,
1985-10-01,211.2799987793,,132.2949981689,,,1412.5999755859,,,,,13083.1796875,,,
1985-07-01,182.0800018311,,,,,1290,,,,,12700.1103515625,,,
1985-04-01,191.8500061035,,,,,1234.9000244141,,,,,12882.08984375,,,
1985-01-01,180.6600036621,,,,,1277,,,,,12580.759765625,,,
1984-10-01,167.2400054932,,,,,1232.1999511719,,,,,11542.599609375,,,
1984-07-01,166.1000061035,,,,,1140.3000488281,,,,,10649.25,,,
1984-04-01,153.1799926758,,,,,1041.4000244141,,,,,10377.9697265625,,,
1984-01-01,159.1799926758,,,,,1112.5,,,,,10929.169921875,,,
1983-10-01,164.9299926758,,,,,,,,,,9893.8203125,,,
1983-07-01,166.0700073242,,,,,,,,,,9402.58984375,,,
1983-04-01,167.6399993896,,,,,,,,,,8870.9501953125,,,
1983-01-01,152.9600067139,,,,,,,,,,8478.7001953125,,,
1982-10-01,140.6399993896,,,,,,,,,,8016.669921875,,,
1982-07-01,120.4199981689,,,,,,,,,,6910.7299804688,,,
1982-04-01,109.6100006104,,,,,,,,,,7213.8701171875,,,
1982-01-01,111.9599990845,,,,,,,,,,7260.4799804688,,,
1981-10-01,122.5500030518,,,,,,,,,,7681.83984375,,,
1981-07-01,116.1800003052,,,,,,,,,,7455.5,,,
1981-04-01,131.2100067139,,,,,,,,,,7867.419921875,,,
1981-01-01,136,,,,,,,,,,7334.3100585938,,,
1980-10-01,135.7599945068,,,,,,,,,,7063.1298828125,,,
1980-07-01,125.4599990845,,,,,,,,,,7076.4599609375,,,
1980-04-01,114.2399978638,,,,,,,,,,6870.7001953125,,,
1980-01-01,102.0899963379,,,,,,,,,,6556.1899414062,,,
1979-10-01,107.9400024414,,,,,,,,,,6569.4702148438,,,
1979-07-01,109.3199996948,,,,,,,,,,6568.6098632812,,,
1979-04-01,102.9100036621,,,,,,,,,,6247.259765625,,,
1979-01-01,101.5899963379,,,,,,,,,,6133.9702148438,,,
1978-10-01,96.1100006104,,,,,,,,,,6001.8500976562,,,
1978-07-01,102.5400009155,,,,,,,,,,5772.3598632812,,,
1978-04-01,95.5299987793,,,,,,,,,,5543.1401367188,,,
1978-01-01,89.2099990845,,,,,,,,,,5447.759765625,,,
1977-10-01,95.0999984741,,,,,,,,,,4863.009765625,,,
1977-07-01,96.5299987793,,,,,,,,,,5264.740234375,,,
1977-04-01,100.4800033569,,,,,,,,,,4989.08984375,,,
1977-01-01,98.4199981689,,,,,,,,,,5011.75,,,
1976-10-01,107.4599990845,,,,,,,,,,4990.8500976562,,,
1976-07-01,105.2399978638,,,,,,,,,,4830.3999023438,,,
1976-04-01,104.2799987793,,,,,,,,,,4852.1298828125,,,
1976-01-01,102.7699966431,,,,,,,,,,4596.4799804688,,,
1975-10-01,90.1900024414,,,,,,,,,,4342.0600585938,,,
1975-07-01,83.8700027466,,,,,,,,,,3886.3898925781,,,
1975-04-01,95.1900024414,,,,,,,,,,4532.5400390625,,,
1975-01-01,83.3600006104,,,,,,,,,,4484.9702148438,,,
1974-10-01,68.5599975586,,,,,,,,,,3836.9299316406,,,
1974-07-01,63.5400009155,,,,,,,,,,3950,,,
1974-04-01,86,,,,,,,,,,4602.8701171875,,,
1974-01-01,93.9800033569,,,,,,,,,,4466.1401367188,,,
1973-10-01,97.5500030518,,,,,,,,,,4306.7998046875,,,
1973-07-01,108.4300003052,,,,,,,,,,4617.330078125,,,
1973-04-01,104.2600021362,,,,,,,,,,4675.1201171875,,,
1973-01-01,111.5199966431,,,,,,,,,,5233.7900390625,,,
1972-10-01,118.0500030518,,,,,,,,,,5207.9399414062,,,
1972-07-01,110.5500030518,,,,,,,,,,4320.6298828125,,,
1972-04-01,107.1399993896,,,,,,,,,,3710.6999511719,,,
1972-01-01,107.1999969482,,,,,,,,,,3187.6201171875,,,
1971-10-01,102.0899963379,,,,,,,,,,2713.7399902344,,,
1971-07-01,98.3399963379,,,,,,,,,,2428.25,,,
1971-04-01,98.6999969482,,,,,,,,,,2637.3500976562,,,
1971-01-01,100.3099975586,,,,,,,,,,2403.3000488281,,,
1970-10-01,92.1500015259,,,,,,,,,,1987.1400146484,,,
1970-07-01,84.3000030518,,,,,,,,,,2065.4399414062,,,
1970-04-01,72.7200012207,,,,,,,,,,2138.1101074219,,,
1970-01-01,89.6299972534,,,,,,,,,,2510.2399902344,,,
1969-10-01,92.0599975586,,,,,,,,,,2348.0300292969,,,
1969-07-01,93.1200027466,,,,,,,,,,2016.1500244141,,,
1969-04-01,97.7099990845,,,,,,,,,,1953.5200195312,,,
1969-01-01,101.5100021362,,,,,,,,,,1841.0200195312,,,
1968-10-01,103.8600006104,,,,,,,,,,1699.0799560547,,,
1968-07-01,102.6699981689,,,,,,,,,,1826.6800537109,,,
1968-04-01,99.5800018311,,,,,,,,,,1531.1800537109,,,
1968-01-01,90.1999969482,,,,,,,,,,1361.1500244141,,,
1967-10-01,96.4700012207,,,,,,,,,,1283.4699707031,,,
1967-07-01,96.7099990845,,,,,,,,,,1323.9100341797,,,
1967-04-01,90.6399993896,,,,,,,,,,1494.1800537109,,,
1967-01-01,90.1999969482,,,,,,,,,,1455.5799560547,,,
1966-10-01,80.3300018311,,,,,,,,,,1452.0999755859,,,
1966-07-01,76.5599975586,,,,,,,,,,1464.5899658203,,,
1966-04-01,84.7399978638,,,,,,,,,,1494.9000244141,,,
1966-01-01,89.2300033569,,,,,,,,,,1584.2800292969,,,
1965-10-01,92.4300003052,,,,,,,,,,1417.8299560547,,,
1965-07-01,89.9599990845,,,,,,,,,,1223.7399902344,,,
1965-04-01,84.1200027466,,,,,,,,,,1060.1099853516,,,
1965-01-01,86.1600036621,,,,,,,,,,1132.7700195312,,,
1964-10-01,84.75,,,,,,,,,,,,,
1964-07-01,84.1800003052,,,,,,,,,,,,,
1964-04-01,81.6900024414,,,,,,,,,,,,,
1964-01-01,78.9800033569,,,,,,,,,,,,,
1963-10-01,75.0199966431,,,,,,,,,,,,,
1963-07-01,71.6999969482,,,,,,,,,,,,,
1963-04-01,69.3700027466,,,,,,,,,,,,,
1963-01-01,66.5699996948,,,,,,,,,,,,,
1962-10-01,63.0999984741,,,,,,,,,,,,,
1962-07-01,56.2700004578,,,,,,,,,,,,,
1962-04-01,54.75,,,,,,,,,,,,,
1962-01-01,69.5500030518,,,,,,,,,,,,,
1961-10-01,71.5500030518,,,,,,,,,,,,,
1961-07-01,66.7300033569,,,,,,,,,,,,,
1961-04-01,64.6399993896,,,,,,,,,,,,,
1961-01-01,65.0599975586,,,,,,,,,,,,,
1960-10-01,58.1100006104,,,,,,,,,,,,,
1960-07-01,53.5200004578,,,,,,,,,,,,,
1960-04-01,56.9199981689,,,,,,,,,,,,,
1960-01-01,55.3400001526,,,,,,,,,,,,,
1959-10-01,59.8899993896,,,,,,,,,,,,,
1959-07-01,56.8800010681,,,,,,,,,,,,,
1959-04-01,58.4700012207,,,,,,,,,,,,,
1959-01-01,55.4399986267,,,,,,,,,,,,,
1958-10-01,55.2099990845,,,,,,,,,,,,,
1958-07-01,50.0600013733,,,,,,,,,,,,,
1958-04-01,45.2400016785,,,,,,,,,,,,,
1958-01-01,42.0999984741,,,,,,,,,,,,,
1957-10-01,39.9900016785,,,,,,,,,,,,,
1957-07-01,42.4199981689,,,,,,,,,,,,,
1957-04-01,47.3699989319,,,,,,,,,,,,,
1957-01-01,44.1100006104,,,,,,,,,,,,,
1956-10-01,46.6699981689,,,,,,,,,,,,,
1956-07-01,45.3499984741,,,,,,,,,,,,,
1956-04-01,46.9700012207,,,,,,,,,,,,,
1956-01-01,48.4799995422,,,,,,,,,,,,,
1955-10-01,45.4799995422,,,,,,,,,,,,,
1955-07-01,43.6699981689,,,,,,,,,,,,,
1955-04-01,41.0299987793,,,,,,,,,,,,,
1955-01-01,36.5800018311,,,,,,,,,,,,,
1954-10-01,35.9799995422,,,,,,,,,,,,,
1954-07-01,32.3100013733,,,,,,,,,,,,,
1954-04-01,29.2099990845,,,,,,,,,,,,,
1954-01-01,26.9400005341,,,,,,,,,,,,,
1953-10-01,24.8099994659,,,,,,,,,,,,,
1953-07-01,23.3500003815,,,,,,,,,,,,,
1953-04-01,24.1399993896,,,,,,,,,,,,,
1953-01-01,25.2900009155,,,,,,,,,,,,,
1952-10-01,26.5699996948,,,,,,,,,,,,,
1952-07-01,24.5400009155,,,,,,,,,,,,,
1952-04-01,24.9599990845,,,,,,,,,,,,,
1952-01-01,24.3700008392,,,,,,,,,,,,,
1951-10-01,23.7700004578,,,,,,,,,,,,,
1951-07-01,23.2600002289,,,,,,,,,,,,,
1951-04-01,20.9599990845,,,,,,,,,,,,,
1951-01-01,21.4799995422,,,,,,,,,,,,,
1950-10-01,20.4300003052,,,,,,,,,,,,,
1950-07-01,19.4500007629,,,,,,,,,,,,,
1950-04-01,17.6900005341,,,,,,,,,,,,,
1950-01-01,17.2900009155,,,,,,,,,,,,,
1949-10-01,16.7900009155,,,,,,,,,,,,,
1949-07-01,15.5799999237,,,,,,,,,,,,,
1949-04-01,14.1599998474,,,,,,,,,,,,,
1949-01-01,15.0600004196,,,,,,,,,,,,,
1948-10-01,15.1999998093,,,,,,,,,,,,,
1948-07-01,15.4899997711,,,,,,,,,,,,,
1948-04-01,16.7399997711,,,,,,,,,,,,,
1948-01-01,15.0799999237,,,,,,,,,,,,,
1947-10-01,15.3000001907,,,,,,,,,,,,,
1947-07-01,15.1099996567,,,,,,,,,,,,,
1947-04-01,15.2100000381,,,,,,,,,,,,,
1947-01-01,15.1700000763,,,,,,,,,,,,,
1946-10-01,15.3000001907,,,,,,,,,,,,,
1946-07-01,14.9600000381,,,,,,,,,,,,,
1946-04-01,18.4300003052,,,,,,,,,,,,,
1946-01-01,18.0400009155,,,,,,,,,,,,,
1945-10-01,17.3600006104,,,,,,,,,,,,,
1945-07-01,16.0499992371,,,,,,,,,,,,,
1945-04-01,14.8699998856,,,,,,,,,,,,,
1945-01-01,13.6099996567,,,,,,,,,,,,,
1944-10-01,13.279999733,,,,,,,,,,,,,
1944-07-01,12.7399997711,,,,,,,,,,,,,
1944-04-01,12.9799995422,,,,,,,,,,,,,
1944-01-01,12.0200004578,,,,,,,,,,,,,
1943-10-01,11.6700000763,,,,,,,,,,,,,
1943-07-01,12.0799999237,,,,,,,,,,,,,
1943-04-01,12.3500003815,,,,,,,,,,,,,
1943-01-01,11.5799999237,,,,,,,,,,,,,
1942-10-01,9.7700004578,,,,,,,,,,,,,
1942-07-01,8.8500003815,,,,,,,,,,,,,
1942-04-01,8.3000001907,,,,,,,,,,,,,
1942-01-01,8.0100002289,,,,,,,,,,,,,
1941-10-01,8.6899995804,,,,,,,,,,,,,
1941-07-01,10.1999998093,,,,,,,,,,,,,
1941-04-01,9.8500003815,,,,,,,,,,,,,
1941-01-01,9.9600000381,,,,,,,,,,,,,
1940-10-01,10.5799999237,,,,,,,,,,,,,
1940-07-01,10.6599998474,,,,,,,,,,,,,
1940-04-01,9.9799995422,,,,,,,,,,,,,
1940-01-01,12.1800003052,,,,,,,,,,,,,
1939-10-01,12.4600000381,,,,,,,,,,,,,
1939-07-01,12.7899999619,,,,,,,,,,,,,
1939-04-01,10.8599996567,,,,,,,,,,,,,
1939-01-01,10.9799995422,,,,,,,,,,,,,
1938-10-01,13.1400003433,,,,,,,,,,,,,
1938-07-01,12.2399997711,,,,,,,,,,,,,
1938-04-01,11.5600004196,,,,,,,,,,,,,
1938-01-01,8.5,,,,,,,,,,,,,
1937-10-01,10.5500001907,,,,,,,,,,,,,
1937-07-01,13.7600002289,,,,,,,,,,,,,
1937-04-01,15.3999996185,,,,,,,,,,,,,
1937-01-01,17.9200000763,,,,,,,,,,,,,
1936-10-01,17.1800003052,,,,,,,,,,,,,
1936-07-01,16.0100002289,,,,,,,,,,,,,
1936-04-01,14.8400001526,,,,,,,,,,,,,
1936-01-01,14.9200000763,,,,,,,,,,,,,
1935-10-01,13.4300003052,,,,,,,,,,,,,
1935-07-01,11.5900001526,,,,,,,,,,,,,
1935-04-01,10.2399997711,,,,,,,,,,,,,
1935-01-01,8.4499998093,,,,,,,,,,,,,
1934-10-01,9.5,,,,,,,,,,,,,
1934-07-01,9.0799999237,,,,,,,,,,,,,
1934-04-01,9.8100004196,,,,,,,,,,,,,
1934-01-01,10.6199998856,,,,,,,,,,,,,
1933-10-01,9.970000267,,,,,,,,,,,,,
1933-07-01,9.720000267,,,,,,,,,,,,,
1933-04-01,10.9099998474,,,,,,,,,,,,,
1933-01-01,5.8499999046,,,,,,,,,,,,,
1932-10-01,6.9200000763,,,,,,,,,,,,,
1932-07-01,8.0799999237,,,,,,,,,,,,,
1932-04-01,4.4299998283,,,,,,,,,,,,,
1932-01-01,7.3099999428,,,,,,,,,,,,,
1931-10-01,8.1199998856,,,,,,,,,,,,,
1931-07-01,9.7100000381,,,,,,,,,,,,,
1931-04-01,14.8299999237,,,,,,,,,,,,,
1931-01-01,16.6900005341,,,,,,,,,,,,,
1930-10-01,15.3400001526,,,,,,,,,,,,,
1930-07-01,18.5900001526,,,,,,,,,,,,,
1930-04-01,20.4599990845,,,,,,,,,,,,,
1930-01-01,24.1499996185,,,,,,,,,,,,,
1929-10-01,21.4500007629,,,,,,,,,,,,,
1929-07-01,30.1599998474,,,,,,,,,,,,,
1929-04-01,27.4099998474,,,,,,,,,,,,,
1929-01-01,25.5300006866,,,,,,,,,,,,,
1928-10-01,24.3500003815,,,,,,,,,,,,,
1928-07-01,21.1399993896,,,,,,,,,,,,,
1928-04-01,19.1399993896,,,,,,,,,,,,,
1928-01-01,19.2800006866,,,,,,,,,,,,,
1927-10-01,17.6599998474,,,,,,,,,,,,,
