DATE,AFGHANISTAN,ALBANIA,ALGERIA,AMERICAN SAMOA,ANDORRA,ANGOLA,ANTIGUA AND BARBUDA,ARGENTINA,ARMENIA,ARUBA,AUSTRALIA,AUSTRIA,AZERBAIJAN,BAHAMAS,BAHRAIN,BANGLADESH,BARBADOS,BELARUS,BELGIUM,BELIZE,BENIN,BERMUDA,BHUTAN,BOLIVIA,BOSNIA AND HERZEGOVINA,BOTSWANA,BRAZIL,BRUNEI,BULGARIA,BURKINA FASO,BURUNDI,CAMBODIA,CAMEROON,CANADA,CAPE VERDE,CAYMAN ISLANDS,CENTRAL AFRICAN REPUBLIC,CHAD,CHANNEL ISLANDS,CHILE,CHINA,COLOMBIA,COMOROS,CONGO,COSTA RICA,CROATIA,CUBA,CURAÇAO,CYPRUS,CZECH REPUBLIC,DR CONGO,DENMARK,DJIBOUTI,DOMINICA,DOMINICAN REPUBLIC,ECUADOR,EGYPT,EL SALVADOR,EQUATORIAL GUINEA,ERITREA,ESTONIA,ESWATINI,ETHIOPIA,FAROE ISLANDS,FEDERATED STATES OF MICRONESIA,FIJI,FINLAND,FRANCE,FRENCH POLYNESIA,GABON,GAMBIA,GEORGIA,GERMANY,GHANA,GREECE,GREENLAND,GRENADA,GUAM,GUATEMALA,GUINEA,GUINEA-BISSAU,GUYANA,HAITI,HONDURAS,HONG KONG,HUNGARY,ICELAND,INDIA,INDONESIA,IRAN,IRAQ,IRELAND,ISLE OF MAN,ISRAEL,ITALY,IVORY COAST,JAMAICA,JAPAN,JORDAN,KAZAKHSTAN,KENYA,KIRIBATI,KOSOVO,KUWAIT,KYRGYZSTAN,LAOS,LATVIA,LEBANON,LESOTHO,LIBERIA,LIBYA,LIECHTENSTEIN,LITHUANIA,LUXEMBOURG,MACAU,MADAGASCAR,MALAWI,MALAYSIA,MALDIVES,MALI,MALTA,MARSHALL ISLANDS,MAURITANIA,MAURITIUS,MEXICO,MOLDOVA,MONACO,MONGOLIA,MONTENEGRO,MOROCCO,MOZAMBIQUE,MYANMAR,NAMIBIA,NAURU,NEPAL,NETHERLANDS,NEW CALEDONIA,NEW ZEALAND,NICARAGUA,NIGER,NIGERIA,NORTH MACEDONIA,NORTHERN MARIANA ISLANDS,NORWAY,OMAN,PAKISTAN,PALAU,PALESTINE,PANAMA,PAPUA NEW GUINEA,PARAGUAY,PERU,PHILIPPINES,POLAND,PORTUGAL,PUERTO RICO,QATAR,ROMANIA,RUSSIA,RWANDA,SAINT KITTS AND NEVIS,SAINT LUCIA,SAINT MARTIN,SAINT VINCENT AND THE GRENADINES,SAMOA,SAN MARINO,SAUDI ARABIA,SENEGAL,SERBIA,SEYCHELLES,SIERRA LEONE,SINGAPORE,SINT MAARTEN,SLOVAKIA,SLOVENIA,SOLOMON ISLANDS,SOMALIA,SOUTH AFRICA,SOUTH KOREA,SOUTH SUDAN,SPAIN,SRI LANKA,SUDAN,SURINAME,SWEDEN,SWITZERLAND,SYRIA,SÃO TOMÉ AND PRÍNCIPE,TAJIKISTAN,TANZANIA,THAILAND,TIMOR-LESTE,TOGO,TONGA,TRINIDAD AND TOBAGO,TUNISIA,TURKEY,TURKMENISTAN,TURKS AND CAICOS ISLANDS,TUVALU,U.S. VIRGIN ISLANDS,UGANDA,UKRAINE,UNITED ARAB EMIRATES,UNITED KINGDOM,UNITED STATES,URUGUAY,UZBEKISTAN,VANUATU,VENEZUELA,VIETNAM,WORLD,YEMEN,ZAMBIA,ZIMBABWE
2025-01-01,,30540,287031,,4501,122175,2338,683098,29243,,1798519,579470,75938,,48966,456319,8017,93397,725466,3327,24566,,3579,64769,32600,19928,2279920,15032,130777,27627,3365,51267,58933,2319900,3057,,3066,21473,,357371,19498039,457410,1815,16307,102905,105060,,,41226,391027,91031,462527,4625,724,127407,130321,365255,36708,12823,,47031,5161,126359,,502,6198,317039,3366316,,21427,2594,38144,5050923,114210,280636,,1420,,123306,28346,2528,27097,32077,39601,427310,246490,38583,3956067,1445643,362682,254367,721701,,610778,2551557,99774,22705,4435163,61610,306239,135941,349,12456,157209,22624,18303,48619,,2574,5246,48099,,95210,101158,52061,19620,14918,472193,7741,30069,27772,308,11680,16158,1832641,20352,,25369,9233,182374,22338,81666,15080,176,45490,1332768,,264057,22237,21646,290794,19101,,530756,109605,407307,345,17167,90463,32499,49278,334855,487086,1035492,346640,129368,215560,428678,2561310,16372,1184,2656,,1255,1288,,1276943,37007,99953,2387,7464,603870,1888,154530,79648,1750,12995,427184,1872375,,1906453,108825,60163,4524,668999,1043530,,981,17661,90143,577010,1902,11890,679,25943,57503,1597293,49829,,57,,61986,214233,,4002588,30769700,85348,147038,1354,99661,514697,118350166,,28880,51216
2024-01-01,17779,,,,,,,,,4168,,,,15833,,,,,,,,9194,,,,,,,,,,,,,,7765,,,,,,,,,,,,3561,,,,,,,,,,,,,,,,4053,,,,,6324,,,,,,,,,,,,,,,,,,,,,,,,,,,,,,,,,,,,,,,25972,,,,8906,,,,,,,,,,,,,,,11126,,,,,,,,,,8549,,,,,,,,,,,,,,,,,,,,,,,,,,,,,,,,,,,,,,,,,,,,,,,,,,,,,,,,,,,,,,1745,,,,,552325,,,,,,,,,,,
2023-01-01,,,,,,,,,,,,,,,,,,,,,,,,,,,,,,,,,,,,,,,12507,,,,,,,,,,,,,,,,,,,,,,,,,,,,,,,,,,,,,3327,,,,,,,,,,,,,,,,,7576,,,,,,,,,,,,,,,,,,,,,,,,,,,,,,,,,,,,,,,,,,,,,,,,,,,,,,,,,,,,,,,,,,,,,,,,,2027,,,,,,,,,,,,,,,,,,,,,,,,,,,,,,,,,,,,,,,,,,,,,,,,,
2022-01-01,,,,871,,,,,,,,,,,,,,,,,,,,,,,,,,,,,,,,,,,,,,,,,,,,,,,,,,,,,,,,,,,,,,,,,,,,,,,,,,6910,,,,,,,,,,,,,,,,,,,,,,,,,,,,,,,,,,,,,,,,,,,,,,,,,,,,,,,,,,,,,,,,,1096,,,,,,,,,,,,,,,,,,,,,,,,,,,,,,,,,,,,,,,,,,,,23738,,,,,,,,,,,,,,4672,,,,,,,,,,,,,,
2021-01-01,,,,,,,,,,,,,,,,,,,,,,,,,,,,,,,,,,,,,,,,,,,,,,,,,,,,,,,,,,,,,,,,,,,,,,,,,,,,,,,,,,,,,,,,,,,,,,,,,,,,,,,,,,,,,,,,,,,,,,,,,,,,,,,,,,,,,,,,,,,,,,,,,,,,,,,,,,,,,,,,,,,649,,,,,,,,,,,,,,,,,,,,,,,,,,,,,,,,,,,,,,,,,,,,,,,,,,,,
2020-01-01,,,,,,,,,,,,,,,,,,,,,,,,,,,,,,,,,,,,,,,,,,,,,,,107352,,,,,,,,,,,,,,,,,,,,,,,,,,,,,,,,,,,,,,,,,,,,,,,,,,,,,,,,,,,,,,,,,,,,,,,,,,,,,,,,,,,,,,,,,,,,,,,,,,,,,,,,,,,,,,,,,,,,,,,,,,,,,,,,,,,,,,,,,,,,,,,,,,,,,,,,,,,,,,,,,,,,,,,,
2018-01-01,,,,,,,,,,,,,,,,,,,,,,,,,,,,,,,,,,,,,,,,,,,,,,,,,,,,,,,,,,,,,,,,,,,,,,,,,,,,,,,,,,,,,,,,,,,,,,,,,,,,,,,,,,,,,,,,,,,,,,,,,,,,,,,,,,,,,,,,,,,,,,,,,,,,,,,,,,,,,,,,,,,,,,,,,,,,,,,,,,,,,,,,,,,,,,,,,,,,,,,,,,,,,,,,,,,,,21606,,
2015-01-01,,,,,,,,,,,,,,,,,,,,,,,,,,,,,,,,,,,,,,,,,,,,,,,,,,,,,,,,,,,,,,,,,,,,,,,,,,,,,,,,,,,,,,,,,,,,,,,,,,,,,,,,,,,,,,,,,,,,,,,,,,,,,,,,,,,,,,,,,,,,,,,,,,,,,,,,,,,,,,,,,,,,,,,,,,,,,,,,,,,,11998,,,,,,,,,,,,,,,,,,,,,,,,,,,,,,,,,,,
2011-01-01,,,,,,,,,,,,,,,,,,,,,,,,,,,,,,,,,,,,,,,,,,,,,,,,,,,,,,,,,,,,2065,,,,,,,,,,,,,,,,,,,,,,,,,,,,,,,,,,,,,,,,,,,,,,,,,,,,,,,,,,,,,,,,,,,,,,,,,,,,,,,,,,,,,,,,,,,,,,,,,,,,,,,,,,,,,,,,,,,,,,,,,,,,,,,,,,,,,,,,,,,,,,,,,,,,,,,,,,,
