date,AR,AU,BR,CA,CN,EA,EU,FR,DE,IN,ID,IT,JP,MX,RU,SA,ZA,KR,TR,UK,US
2026-06-01,15759.0,,,,103.4,,,,129.4,,,,132.5,136.6,,,110.3,130.0,,167.2,
2026-05-01,15593.0,,172.89,,103.8,,,123.1,129.8,,,134.3,131.9,137.0,,,110.4,129.8,,170.5,
2026-04-01,15188.0,140.0,173.42,,103.2,,,123.5,129.5,167.0,,135.0,130.6,136.9,,,107.6,128.4,,169.5,156.5
2026-03-01,14494.0,,169.0,,101.5,,,126.0,128.0,160.8,,134.8,127.5,136.8,,,104.5,125.2,,165.2,154.37
2026-02-01,14078.0,,165.24,,100.5,,,123.6,124.9,158.4,,127.3,126.3,135.2,,,103.4,123.3,,158.2,153.23
2026-01-01,13981.0,138.2,165.5,,100.1,,,124.0,125.5,157.6,,128.3,126.3,135.3,,,103.4,122.5,,156.9,152.19
2025-12-01,13764.0,,164.98,,103.6,,,123.3,126.2,157.2,,125.8,126.1,135.2,,,103.6,121.8,4783.0,156.3,151.39
2025-11-01,13438.0,,164.75,,103.4,,,123.0,126.6,156.2,,127.0,126.1,134.5,,,103.4,121.3,4748.0,157.2,150.82
2025-10-01,13257.0,137.7,165.32,,103.3,,,119.6,126.6,155.1,,125.4,125.7,133.9,,,103.4,120.8,4708.0,156.6,150.44
2025-09-01,13035.0,,166.1,,103.2,,,119.5,126.4,155.0,,125.9,125.4,133.3,,,103.5,120.5,4633.0,156.7,149.78
2025-08-01,12535.0,,166.5,,103.3,,,119.6,126.5,155.2,,125.6,125.0,132.9,,,103.6,120.1,4519.0,156.8,149.16
2025-07-01,12108.0,136.6,166.85,,103.2,,,120.0,126.9,154.4,,126.5,125.3,132.58,,,103.3,120.2,4410.0,156.7,149.67
2025-06-01,11758.0,,167.37,,103.5,,,119.4,127.0,153.7,,125.8,125.0,132.86,,,102.6,119.8,4335.0,155.8,148.24
2025-05-01,11580.0,,169.51,129.5,103.9,,,119.5,126.9,153.7,,123.1,125.2,132.95,,,102.4,119.7,4231.0,156.0,148.07
2025-04-01,11603.0,135.2,171.59,130.1,104.4,,,120.7,127.1,154.2,,124.1,125.2,133.29,,,102.7,120.2,4128.0,156.8,147.68
2025-03-01,11316.0,,171.79,131.2,104.8,,,125.9,128.0,154.8,,127.9,124.9,132.96,,,102.2,120.3,4017.0,156.6,147.46
2025-02-01,11175.0,,172.83,131.0,105.3,,,126.7,129.0,154.9,,132.2,124.4,132.76,,,101.6,120.3,3943.0,157.0,147.95
2025-01-01,10946.0,134.2,173.03,130.2,105.4,,,126.9,129.3,155.0,,131.0,124.2,131.89,,,101.2,120.2,3861.0,157.2,147.72
2024-12-01,10754.0,,172.77,128.3,105.6,,,125.8,129.3,155.7,119.79,128.4,124.0,131.35,,,100.7,119.5,3747.0,155.6,146.84
2024-11-01,10673.0,,170.48,127.8,105.7,,,124.9,129.4,156.4,119.32,127.4,123.4,130.61,,,100.5,119.1,3731.0,155.5,146.49
2024-10-01,10522.0,133.0,168.37,127.1,105.6,,,120.5,128.6,156.7,119.01,125.2,123.0,129.4,314.5,154.18,100.5,119.0,3707.0,155.3,145.62
2024-09-01,10382.0,,166.75,125.6,105.6,,,119.4,128.3,154.7,119.03,124.0,122.4,128.94,316.4,154.48,101.2,119.2,3660.0,155.4,145.17
2024-08-01,10184.0,,165.72,126.7,106.3,,,119.6,128.9,154.4,119.24,125.0,122.1,128.0,314.7,153.99,101.5,119.4,3611.0,156.4,144.85
2024-07-01,9977.0,132.0,164.63,127.9,107.1,,,119.4,128.6,155.3,119.39,123.5,122.4,127.45,310.4,153.75,101.8,119.6,3551.0,156.9,144.67
2024-06-01,9727.0,,162.15,127.9,107.3,,,119.1,128.4,154.0,119.63,121.1,121.7,126.75,307.0,153.96,102.0,119.2,3483.0,157.3,144.4
2024-05-01,9478.0,,160.13,128.0,107.5,,,119.5,128.3,153.5,119.6,119.9,121.4,125.12,311.6,154.18,102.3,119.3,3436.0,157.7,143.82
2024-04-01,9096.0,130.7,159.56,127.7,107.3,,,121.6,128.4,152.9,119.64,119.6,120.6,124.64,306.8,154.28,102.2,119.1,3370.0,158.8,144.06
2024-03-01,8833.0,,158.5,125.7,107.5,,,126.2,128.2,151.4,119.41,121.3,120.0,124.27,301.4,154.84,101.7,118.8,3253.0,156.8,143.69
2024-02-01,8409.0,,157.95,124.6,107.6,,,127.7,128.0,151.2,118.6,121.8,119.7,123.65,294.4,154.27,100.6,122.21,3149.0,156.8,143.43
2024-01-01,7734.0,129.4,157.72,123.3,107.9,,,129.7,128.5,151.2,117.74,123.6,119.4,123.15,291.6,156.11,100.1,121.83,3036.0,156.2,142.49
2023-12-01,6586.0,,158.1,123.3,108.1,145.4,148.2,131.1,128.3,151.8,117.46,126.8,119.3,122.71,295.7,153.03,100.0,121.19,2915.0,156.6,142.06
2023-11-01,4364.0,,158.41,125.3,108.4,146.6,149.5,131.1,129.4,153.1,117.03,128.3,119.0,122.74,305.1,152.46,100.6,121.02,2882.0,157.1,142.37
2023-10-01,3907.0,128.2,158.96,125.8,108.7,147.1,149.9,128.1,130.1,152.5,116.73,130.2,118.7,122.96,305.5,150.6,101.2,121.56,2803.0,157.9,142.54
2023-09-01,3625.0,,157.28,127.0,108.6,146.8,149.6,128.5,130.5,151.8,116.47,127.4,118.9,122.04,299.4,149.83,100.2,121.72,2750.0,157.3,143.21
2023-08-01,3274.0,,155.63,126.5,108.2,146.0,148.8,127.7,130.3,152.5,115.97,126.4,119.2,121.45,286.1,149.26,98.7,121.17,2660.0,156.8,142.03
2023-07-01,2777.0,127.0,154.47,124.3,107.9,145.0,148.0,126.6,130.0,152.1,115.93,125.5,118.8,121.08,274.1,149.18,97.7,120.08,2512.0,155.2,140.98
2023-06-01,2609.0,,155.65,124.3,108.2,145.9,148.9,126.9,130.9,148.9,115.74,125.5,118.6,120.73,270.3,149.17,97.5,119.77,2320.7,155.7,140.42
2023-05-01,2448.6,,160.01,125.2,109.1,146.5,149.5,128.3,131.3,149.4,115.59,126.1,118.5,120.95,270.4,149.43,97.8,120.03,2179.0,157.3,140.54
2023-04-01,2293.2,124.7,164.75,125.9,110.1,149.3,152.4,130.3,132.6,151.1,115.36,130.0,119.1,121.27,260.6,149.25,97.2,120.5,2164.9,159.1,141.02
2023-03-01,2145.6,,165.33,126.2,110.6,154.4,157.2,137.4,132.0,151.0,115.21,139.0,118.5,121.35,254.6,149.18,97.2,120.59,2147.4,159.3,140.75
2023-02-01,2073.4,,166.41,126.4,110.6,156.5,159.2,134.8,133.5,150.9,114.89,141.9,118.4,120.83,248.11,149.61,96.3,120.46,2138.0,158.5,141.29
2023-01-01,1948.4,124.1,166.89,127.1,110.6,157.8,160.5,136.2,134.6,150.7,114.53,143.7,118.6,120.71,245.85,149.7,95.6,120.25,2105.2,158.8,141.33
2022-12-01,1827.9,,166.4,127.1,111.1,162.7,164.6,132.6,135.3,150.5,113.88,159.5,118.4,120.2,248.18,148.63,96.2,119.79,2021.2,157.3,140.72
2022-11-01,1704.8,,168.53,128.2,111.7,160.9,162.7,131.1,136.2,152.5,113.02,153.6,117.7,120.01,250.2,148.92,96.2,120.29,2026.1,159.4,141.18
2022-10-01,1594.5,123.2,169.42,129.2,111.6,162.5,164.1,130.3,140.5,152.9,112.72,148.7,116.9,120.21,251.2,149.14,95.7,120.68,2011.1,160.2,140.64
2022-09-01,1533.4,,170.9,126.3,111.4,167.6,168.5,130.7,143.5,151.9,112.77,155.9,115.6,120.16,257.6,149.09,95.3,120.06,1865.1,158.0,140.19
2022-08-01,1441.3,,174.19,126.5,111.5,165.0,166.1,129.5,140.8,153.2,111.81,150.7,114.5,120.24,259.6,149.76,94.6,119.98,1780.1,156.9,139.79
2022-07-01,1336.7,122.3,179.64,128.4,112.9,157.0,158.4,125.9,133.3,154.0,111.95,145.6,114.1,120.51,262.5,150.54,95.1,120.44,1738.2,158.0,139.76
2022-06-01,1262.7,,177.63,131.6,114.3,150.9,152.5,123.6,128.4,155.4,111.43,136.6,113.2,119.91,268.4,151.12,93.0,120.1,1652.8,157.8,140.16
2022-05-01,1213.0,,175.87,132.7,114.3,148.9,150.3,122.0,126.9,155.0,110.69,135.2,112.3,119.2,279.3,151.04,91.1,119.43,1548.0,154.8,138.9
2022-04-01,1154.8,120.0,172.75,130.5,114.1,148.0,149.2,122.4,124.9,152.3,110.33,134.7,112.2,118.47,300.0,149.02,89.5,118.59,1423.3,151.3,137.85
2022-03-01,1097.2,,169.23,129.0,113.4,146.3,147.3,122.3,121.7,148.9,109.27,135.0,110.5,117.78,282.6,147.53,87.9,116.7,1321.9,148.1,137.04
2022-02-01,1015.0,,164.12,124.6,112.2,138.9,139.7,116.9,116.3,145.3,108.46,128.9,109.5,115.87,266.7,145.63,85.8,114.95,1210.6,141.3,134.88
2022-01-01,963.6,118.3,163.24,121.3,111.6,137.5,138.2,116.0,114.7,143.8,108.47,128.7,108.7,114.63,256.6,144.51,84.9,114.4,1129.0,138.9,133.65
2021-12-01,922.1,,161.3,118.2,111.8,130.6,131.5,110.5,110.5,143.3,107.66,114.6,107.7,114.09,256.5,144.36,84.7,113.21,1022.2,136.3,132.24
2021-11-01,898.6,,161.43,117.6,113.1,126.7,127.7,108.8,106.8,143.7,106.88,113.2,107.7,113.2,254.5,143.22,83.6,113.23,858.4,136.4,131.45
2021-10-01,872.8,116.4,159.1,117.6,113.1,124.5,125.2,104.8,105.8,140.7,106.54,111.6,107.0,112.12,247.75,142.61,82.5,112.43,780.5,134.2,130.03
2021-09-01,848.9,,155.59,116.0,110.3,118.1,119.2,101.7,102.6,137.4,106.34,102.0,105.5,111.04,246.66,142.53,82.0,111.27,741.6,130.9,129.21
2021-08-01,825.5,,155.19,114.6,109.1,115.0,116.0,100.0,100.8,136.2,106.35,100.1,105.1,110.62,249.13,141.87,81.2,110.86,730.3,129.3,128.61
2021-07-01,803.3,114.9,152.32,115.0,108.3,113.7,114.7,98.8,99.6,135.0,106.26,99.8,105.0,110.29,245.54,140.92,80.6,110.28,710.6,129.0,127.45
2021-06-01,787.3,,149.54,115.0,107.7,110.9,111.9,97.3,97.9,133.7,106.16,96.3,103.9,109.83,239.3,139.83,80.0,109.22,693.5,126.8,126.2
2021-05-01,773.8,,147.64,114.8,107.4,109.3,110.3,96.0,97.0,132.9,106.2,94.7,103.2,108.92,232.51,137.05,79.4,108.65,666.8,125.1,125.2
2021-04-01,748.0,113.6,146.2,111.5,105.7,107.9,108.9,95.6,95.9,132.0,105.86,93.5,102.6,108.19,227.22,134.57,79.1,108.06,641.6,123.9,124.1
2021-03-01,712.4,,143.06,109.2,104.7,106.9,107.8,96.4,95.2,129.9,105.53,92.1,101.5,108.02,221.24,131.62,78.6,107.04,614.9,122.8,122.8
2021-02-01,689.3,,136.74,107.4,103.1,105.6,106.5,95.5,94.4,128.1,105.4,91.3,100.7,106.53,213.64,130.57,77.6,105.91,590.5,120.8,122.0
2021-01-01,654.4,112.8,130.03,104.3,102.3,105.1,105.9,94.6,93.7,126.5,105.2,90.8,100.2,105.43,206.35,128.69,77.1,105.05,583.4,119.6,121.3
2020-12-01,614.8,,125.58,102.1,97.31,103.3,104.1,93.5,91.8,125.4,104.62,89.3,99.8,104.49,199.64,127.47,76.5,103.9,568.3,118.0,120.0
2020-11-01,587.6,,125.09,100.5,96.23,102.4,103.2,92.5,91.1,125.1,104.06,88.8,99.4,104.5,196.69,127.34,76.3,103.09,555.2,116.3,119.5
2020-10-01,560.8,112.3,123.38,100.9,95.68,102.1,102.8,91.0,91.1,123.6,103.57,89.0,99.5,104.88,194.75,127.43,76.3,103.01,533.4,115.7,119.4
2020-09-01,528.8,,119.31,100.8,95.68,101.7,102.5,91.0,91.0,122.9,103.36,88.2,99.8,104.75,194.16,127.35,76.0,103.42,515.1,115.2,118.7
2020-08-01,506.2,,116.58,100.1,95.59,101.3,102.2,90.7,90.7,122.0,103.38,88.0,99.9,105.09,192.81,126.68,75.8,103.22,501.9,115.0,118.4
2020-07-01,484.5,111.7,112.85,99.1,95.32,101.2,102.0,90.7,90.6,121.0,103.45,87.9,99.8,104.81,190.9,125.95,75.2,102.71,490.3,115.2,118.2
2020-06-01,466.0,,109.33,98.0,94.96,100.5,101.4,90.3,90.4,119.3,103.54,86.8,99.3,103.85,183.03,116.76,74.3,102.48,485.4,114.4,117.5
2020-05-01,448.2,,108.68,97.9,94.6,99.7,100.6,89.6,90.4,117.5,103.37,86.1,98.7,104.31,172.51,116.6,73.9,101.96,482.0,112.9,117.2
2020-04-01,446.8,111.2,107.43,97.0,94.96,100.3,101.1,89.5,90.9,119.2,103.47,86.4,99.2,104.51,177.48,118.9,74.2,101.93,474.7,112.4,116.6
2020-03-01,453.0,,107.31,98.9,96.23,102.4,103.2,92.1,91.4,120.4,103.39,89.4,100.8,102.73,191.25,121.1,74.7,102.82,468.7,115.0,118.0
2020-02-01,451.4,,106.41,100.0,97.22,104.0,104.7,93.6,92.1,122.2,103.29,90.6,101.6,100.43,193.77,121.7,74.6,103.74,464.6,116.8,118.6
2020-01-01,446.4,112.6,105.56,100.0,97.67,104.7,105.4,94.2,92.5,123.4,103.04,91.1,102.1,100.37,194.94,121.4,74.5,104.08,462.4,117.5,119.3
2019-12-01,438.1,,105.19,100.0,97.67,104.5,105.2,94.3,91.8,123.0,102.75,91.4,102.0,100.75,192.63,121.2,74.2,103.7,454.1,117.4,119.0
2019-11-01,423.7,,104.52,99.8,97.76,104.5,105.1,94.3,91.7,122.3,166.59,91.5,101.9,100.32,193.4,120.7,74.1,103.41,451.0,117.2,118.6
2019-10-01,402.8,112.4,103.61,99.7,97.76,104.2,104.9,93.0,91.7,122.0,166.0,91.7,101.8,100.1,194.96,120.6,74.3,103.56,451.3,117.6,118.7
2019-09-01,389.6,,102.98,99.7,97.76,104.1,104.8,93.2,91.8,121.3,165.9,91.7,100.6,100.41,195.35,120.2,74.1,103.8,450.5,118.4,118.3
2019-08-01,372.7,,102.48,99.8,97.58,104.0,104.7,93.1,91.7,121.5,166.02,91.6,100.6,99.74,195.94,120.0,74.0,103.74,450.0,119.0,118.6
2019-07-01,334.8,112.1,101.55,99.6,97.67,104.5,105.1,93.0,92.0,121.3,166.54,92.0,100.8,100.0,197.12,119.8,73.8,103.5,452.6,118.9,118.4
2019-06-01,335.5,,102.78,99.9,97.85,104.4,105.0,92.6,91.9,121.5,166.69,92.3,100.9,99.94,202.59,119.2,73.9,103.5,457.2,118.3,118.2
2019-05-01,329.2,,103.95,101.4,98.21,105.0,105.6,93.2,92.2,121.6,167.9,92.7,101.4,99.55,203.82,119.1,73.7,103.79,456.7,118.6,118.3
2019-04-01,312.7,111.6,102.52,101.5,98.03,105.1,105.7,93.7,92.3,121.1,166.82,92.6,101.5,99.58,200.21,118.2,73.2,103.68,444.9,118.5,118.2
2019-03-01,299.6,,101.28,100.6,97.67,105.4,105.8,94.5,91.8,119.9,165.62,94.1,101.2,99.17,199.22,117.2,72.3,103.38,432.0,117.4,117.6
2019-02-01,288.3,,99.7,99.4,97.58,105.5,105.9,94.5,92.0,119.5,164.85,94.2,100.9,98.81,197.44,116.5,71.4,103.02,425.3,117.4,117.2
2019-01-01,279.3,111.2,99.25,99.1,97.67,105.5,105.9,94.1,92.0,119.2,164.47,94.3,100.5,98.59,197.24,116.4,71.2,102.92,424.9,117.1,117.0
2018-12-01,277.4,,100.0,99.5,98.21,105.2,105.6,93.8,91.7,119.7,164.48,94.3,101.1,99.07,201.27,116.9,71.8,103.03,422.9,117.2,117.4
2018-11-01,273.3,,101.58,100.2,99.12,106.0,106.4,94.7,92.0,121.6,166.26,94.9,101.6,99.13,208.13,116.9,72.4,103.53,432.5,118.3,117.4
2018-10-01,275.1,110.8,103.26,101.1,99.39,106.3,106.6,94.3,91.9,122.0,167.95,95.6,101.9,98.28,206.69,116.8,72.2,104.26,443.8,120.1,117.5
2018-09-01,268.1,,103.97,101.0,98.93,105.4,105.8,94.0,91.7,120.9,167.2,93.9,101.5,97.79,200.09,116.6,71.2,104.62,439.8,119.5,116.7
2018-08-01,230.61,,101.03,100.8,98.39,104.9,105.2,93.5,91.1,120.1,166.28,93.5,101.4,96.97,197.52,116.8,70.8,104.32,396.6,118.5,116.5
2018-07-01,219.74,110.3,100.17,101.3,97.94,104.4,104.8,93.2,90.9,119.9,166.01,93.1,101.3,97.18,197.12,116.7,70.3,103.85,372.1,117.6,116.4
2018-06-01,210.63,,99.05,101.6,97.85,103.7,104.1,92.6,90.7,119.1,165.05,91.4,100.9,97.88,196.53,116.7,69.9,103.37,365.6,117.6,116.3
2018-05-01,198.49,,96.86,101.0,97.58,103.3,103.7,92.6,90.4,118.3,164.16,91.1,100.7,96.56,190.07,116.5,69.3,103.34,354.9,117.2,115.9
2018-04-01,183.15,109.4,94.45,99.8,97.13,102.4,102.8,92.0,89.9,117.3,163.03,90.2,100.2,94.98,182.94,116.9,68.8,103.04,341.9,115.2,115.5
2018-03-01,179.47,,92.97,99.2,97.31,102.5,102.8,92.7,89.6,116.3,162.35,90.8,99.9,95.01,180.77,117.1,68.1,102.91,333.2,114.7,115.3
2018-02-01,175.24,,91.99,98.3,97.49,102.5,102.7,92.6,89.5,116.1,161.52,90.6,100.0,94.55,182.41,117.0,68.2,102.95,328.2,114.3,115.1
2018-01-01,165.96,109.1,91.64,98.1,97.58,102.4,102.6,92.4,89.5,116.0,160.94,90.4,100.0,94.48,180.78,117.1,68.4,102.52,319.6,114.5,114.8
2017-12-01,158.01,,91.2,97.5,97.31,102.0,102.2,92.5,89.1,115.7,159.04,89.7,99.7,93.71,180.42,101.0,68.2,102.09,316.5,113.9,114.4
2017-11-01,155.26,,90.82,97.6,96.59,101.8,102.1,92.3,88.9,116.4,157.85,89.7,99.6,93.28,178.28,100.6,67.8,102.04,312.2,113.7,114.3
2017-10-01,153.15,108.6,89.56,96.1,96.14,101.2,101.4,90.8,88.8,115.6,156.86,89.3,99.2,92.19,176.69,100.4,67.5,102.14,306.0,112.4,113.9
2017-09-01,150.75,,87.98,95.1,95.5,100.8,101.0,90.5,88.7,114.9,155.83,89.0,98.9,91.11,174.6,100.7,67.0,102.03,300.9,111.5,113.5
2017-08-01,149.17,,86.69,95.4,94.51,100.4,100.6,90.1,88.4,114.8,154.84,88.9,98.6,90.84,170.5,100.8,66.6,101.35,300.2,110.9,113.1
2017-07-01,146.28,108.0,86.44,95.1,93.61,100.1,100.3,89.7,88.3,113.9,154.49,88.5,98.6,90.6,167.98,101.2,66.4,100.89,297.6,109.4,112.7
2017-06-01,142.4,,87.32,96.5,93.52,100.1,100.3,89.7,88.2,112.7,154.84,88.5,98.4,90.57,168.83,101.1,66.0,100.81,295.5,109.1,112.6
2017-05-01,139.84,,87.5,97.6,,100.3,100.5,89.9,88.2,112.9,154.99,88.7,98.3,91.05,169.34,100.5,66.2,101.21,295.3,109.3,112.5
2017-04-01,138.34,107.8,87.41,97.4,93.97,100.6,100.8,90.4,88.2,113.2,155.42,89.0,98.3,90.85,170.19,100.7,65.9,101.48,293.8,109.8,112.6
2017-03-01,138.18,,87.5,96.9,94.42,100.5,100.8,90.7,88.0,113.2,156.83,88.9,98.0,91.06,172.78,100.6,65.7,101.7,291.6,109.8,112.1
2017-02-01,137.9,,87.44,96.1,94.06,100.8,101.1,91.1,88.0,113.0,156.17,89.0,97.7,91.47,173.3,108.8,65.5,101.74,288.6,109.7,111.9
2017-01-01,136.32,107.3,87.84,95.9,93.52,100.9,101.1,91.3,87.9,112.6,155.95,88.8,97.5,91.27,171.92,100.1,65.1,101.35,285.0,109.4,111.9
2016-12-01,134.01,,87.57,95.2,92.8,99.8,100.0,90.6,87.3,111.7,154.81,87.7,97.0,89.54,166.43,100.0,64.8,99.9,274.1,108.0,111.4
2016-11-01,132.92,,86.46,95.0,91.35,99.1,99.3,89.8,86.9,111.9,153.51,87.2,96.3,88.4,164.95,100.1,64.5,99.03,266.2,106.6,111.1
2016-10-01,131.74,106.8,85.77,94.6,90.0,98.8,98.9,89.3,86.8,111.5,153.01,87.4,95.9,87.48,164.13,100.7,64.3,98.59,260.9,107.1,110.9
2016-09-01,130.64,,85.7,93.8,89.37,98.2,98.2,88.6,86.4,111.4,152.64,87.5,95.9,87.14,163.47,101.5,63.8,98.3,258.8,104.3,110.6
2016-08-01,131.04,,85.29,93.5,88.91,98.0,98.0,88.4,86.4,111.2,151.64,87.6,95.9,86.2,162.82,102.0,63.9,98.07,258.0,103.9,110.3
2016-07-01,130.71,106.3,85.51,93.8,88.82,98.2,98.2,88.4,86.5,111.8,151.11,87.8,96.2,86.11,164.97,102.6,64.0,97.98,257.8,103.3,110.5
2016-06-01,127.07,,86.0,93.5,88.55,97.8,97.9,88.4,86.3,111.7,149.79,86.4,96.2,85.87,163.98,102.9,63.5,98.09,257.3,101.6,110.6
2016-05-01,122.67,,85.58,92.7,88.73,97.1,97.2,88.0,86.0,110.4,148.17,85.9,96.3,84.89,159.83,102.8,63.1,97.86,256.2,100.6,110.1
2016-04-01,119.51,106.0,84.81,91.7,88.37,96.5,96.6,87.6,85.8,109.0,146.07,85.3,96.3,83.99,158.09,102.8,63.0,97.74,252.5,99.6,109.9
2016-03-01,117.43,,85.1,92.1,87.74,96.8,96.9,88.1,85.8,107.7,144.78,86.0,96.7,83.76,155.14,103.0,62.5,97.5,251.2,98.8,109.7
2016-02-01,114.57,,86.13,92.7,87.2,96.6,96.7,87.9,85.8,107.1,141.71,85.8,96.8,83.56,150.62,102.8,62.0,97.56,250.2,97.4,109.7
2016-01-01,109.1,105.9,86.68,93.6,87.56,97.2,97.3,88.3,86.1,108.0,142.7,86.3,97.1,82.75,152.45,103.2,61.5,97.56,250.7,97.1,110.0
2015-12-01,100.0,,86.09,93.2,,98.2,98.3,89.2,86.7,109.4,143.34,87.0,98.3,82.1,154.93,98.0,60.5,98.09,249.31,97.6,109.6
2015-11-01,,,86.4,93.4,,99.0,99.0,90.3,87.0,109.9,141.39,87.5,98.7,81.97,158.58,99.0,60.4,98.32,250.1,97.9,109.7
2015-10-01,,106.1,86.76,93.7,,99.2,99.2,90.2,87.2,110.1,140.05,88.0,98.7,81.94,159.69,99.4,60.3,98.71,253.7,98.7,109.6
2015-09-01,,,85.26,94.1,,99.5,99.4,90.0,87.5,109.9,140.52,88.1,99.4,81.9,156.72,99.5,59.8,99.39,254.2,98.9,109.9
2015-08-01,,,82.78,94.5,,99.8,99.8,90.0,87.7,110.0,140.88,88.4,99.8,81.54,158.3,99.5,59.6,99.83,250.4,98.7,110.3
2015-07-01,,105.8,81.99,94.9,,100.6,100.5,91.0,88.1,111.1,139.01,89.0,100.5,81.39,157.67,99.7,59.6,100.45,247.99,100.0,110.5
2015-06-01,,,81.41,94.2,,100.8,100.8,91.2,88.1,111.8,138.54,89.4,100.9,81.19,155.49,99.8,59.5,100.82,248.78,100.8,110.3
2015-05-01,,,81.03,93.7,,100.8,100.8,91.1,88.2,111.4,137.74,89.6,101.0,80.84,154.26,99.4,59.3,100.87,248.15,101.4,110.0
2015-04-01,,104.9,81.03,93.2,,100.8,100.7,91.5,88.2,110.2,135.34,89.3,100.8,80.78,156.29,99.4,58.8,100.8,245.42,101.7,109.6
2015-03-01,,,80.85,94.0,,100.8,100.8,91.7,88.2,109.9,134.69,89.5,100.8,80.56,152.18,99.6,58.3,100.84,241.97,101.3,109.8
2015-02-01,,,79.37,93.8,,100.5,100.5,91.7,88.0,109.6,133.69,89.5,100.6,79.92,143.84,99.8,57.3,100.96,239.46,101.5,109.6
2015-01-01,,104.6,78.81,92.0,,100.0,100.0,90.8,87.9,110.8,133.9,89.0,100.6,79.34,140.88,99.9,57.1,100.89,236.61,101.5,110.1
2014-12-01,,,79.12,92.2,,101.1,101.1,91.6,88.5,112.1,135.16,90.5,,79.69,138.25,,57.8,102.14,235.84,103.0,110.8
2014-11-01,,,78.98,93.7,,102.1,102.1,92.5,88.9,114.1,133.67,91.2,,79.5,136.88,,57.9,103.15,237.65,104.1,111.1
2014-10-01,,104.1,78.24,94.0,,102.4,102.4,92.5,88.9,115.6,133.44,91.3,,79.4,137.57,,57.9,103.47,239.97,104.5,111.3
2014-09-01,,,77.93,94.6,,102.7,102.7,92.4,89.1,116.4,128.87,91.7,,79.56,136.89,,57.7,104.2,237.79,105.1,111.1
2014-08-01,,,77.17,94.9,,102.5,102.6,91.9,89.1,117.2,133.19,91.6,,79.54,137.99,,57.6,104.58,235.78,105.4,111.3
2014-07-01,,104.0,76.84,94.7,,102.8,102.8,92.3,89.2,116.7,133.48,91.7,,79.42,137.99,,57.6,104.69,234.79,105.8,111.3
2014-06-01,,,77.28,94.9,,103.0,103.0,92.5,89.3,115.2,132.81,92.2,,79.28,135.82,,57.4,104.61,233.09,106.6,
2014-05-01,,,77.51,94.8,,102.8,102.9,92.4,89.3,114.8,131.7,92.0,,79.25,134.74,,57.2,104.56,232.96,107.0,
2014-04-01,,103.8,77.62,95.4,,102.9,102.9,92.9,89.5,114.1,130.96,92.1,,79.23,134.07,,57.1,104.58,234.18,106.8,
2014-03-01,,,78.38,95.6,,103.1,103.1,93.5,89.6,114.3,130.52,92.3,,79.19,133.27,,56.6,104.74,233.98,107.2,
2014-02-01,,,78.48,95.1,,103.4,103.4,93.7,89.7,113.6,130.43,92.4,,79.11,130.02,,55.8,104.78,232.27,107.3,
2014-01-01,,103.9,78.23,94.0,,103.6,103.6,93.9,89.8,113.6,130.44,92.5,,78.57,130.54,,55.2,104.65,229.1,107.3,
2013-12-01,,,77.07,92.6,,103.9,103.9,94.4,89.9,113.4,122.08,92.5,,78.29,130.02,,54.6,104.37,221.74,107.4,
2013-11-01,,,,91.9,,103.7,103.7,94.2,89.8,114.3,126.87,92.6,,78.03,128.48,,54.4,104.13,219.31,107.3,
2013-10-01,,103.0,,91.8,,103.8,103.7,93.5,89.9,114.6,119.53,92.7,,78.0,130.3,,54.3,104.34,217.97,107.8,
2013-09-01,,,,92.2,,104.3,104.2,93.7,90.1,114.3,210.09,93.6,,78.16,131.75,,54.1,104.71,216.48,108.5,
2013-08-01,,,,92.5,,104.1,104.1,93.4,89.8,112.9,206.65,93.6,,77.77,130.06,,53.8,104.82,214.59,109.0,
2013-07-01,,102.8,,92.1,,104.1,104.1,93.4,89.9,111.2,202.47,93.5,,77.72,126.77,,53.4,104.53,214.5,109.2,
2013-06-01,,,,92.0,,104.0,103.9,92.7,90.0,110.1,198.7,93.9,,77.75,124.4,,53.1,104.55,212.39,108.2,
2013-05-01,,,,91.8,,104.0,103.9,93.0,90.0,108.6,197.37,93.5,,77.25,123.91,,52.7,104.57,209.34,108.5,
2013-04-01,,101.5,,91.9,,104.3,104.2,94.1,90.4,108.6,197.48,93.6,,77.4,125.41,,52.5,104.93,207.27,109.3,
2013-03-01,,,,92.9,,104.9,104.8,95.4,90.4,108.6,198.79,94.1,,77.89,127.19,,52.3,105.26,208.33,110.7,
2013-02-01,,,,93.1,,105.2,105.1,95.3,90.6,108.4,198.88,94.1,,77.91,126.56,,51.9,105.68,206.65,110.6,
2013-01-01,,101.4,,91.8,,105.1,105.0,94.8,90.8,108.0,197.08,93.9,,77.39,125.68,,51.5,104.96,206.91,108.9,
2012-12-01,,,,91.4,,104.7,104.6,94.2,90.3,107.1,194.66,94.5,,77.15,125.81,,51.3,104.79,207.29,108.0,
2012-11-01,,,,91.7,,104.9,104.8,94.6,90.5,107.3,194.4,94.8,,77.38,127.21,,51.5,105.05,207.54,108.1,
2012-10-01,,101.1,,92.0,,105.1,105.0,94.8,90.5,107.4,195.03,95.0,,77.34,128.75,,51.1,105.78,204.15,108.2,
2012-09-01,,,,92.2,,105.2,105.1,94.4,90.4,107.6,195.19,95.7,,77.46,130.84,,50.6,106.61,203.79,108.2,
2012-08-01,,,,91.2,,105.0,104.9,94.1,90.2,106.9,194.65,96.0,,77.26,124.85,,50.5,106.23,201.71,108.1,
2012-07-01,,100.9,,91.1,,104.2,104.0,93.2,89.8,106.2,191.44,94.9,,77.08,118.79,,50.1,105.58,201.2,106.7,
2012-06-01,,,,91.5,,103.8,103.8,92.6,89.7,105.3,190.71,94.6,,77.27,120.11,,50.1,106.05,201.83,106.7,
2012-05-01,,,,92.0,,104.3,104.2,93.2,90.2,105.3,192.07,94.6,,77.04,121.08,,50.2,107.35,204.89,108.6,
2012-04-01,,100.3,,92.7,,104.5,104.5,93.7,90.4,104.7,192.71,94.7,,76.78,124.06,,49.8,107.95,203.81,110.3,
2012-03-01,,,,92.6,,104.3,104.3,93.6,90.2,,192.27,94.1,,76.73,123.2,,49.5,107.9,203.64,111.2,
2012-02-01,,,,92.1,,103.8,103.8,93.3,89.7,,190.44,93.6,,76.37,120.55,,49.2,107.37,202.91,110.0,
2012-01-01,,99.8,,91.4,,103.2,103.2,92.8,89.4,,188.69,93.2,,76.48,119.23,,48.8,106.64,203.1,108.3,
2011-12-01,,,,90.9,,102.5,102.5,92.4,88.9,,187.31,92.2,,76.39,119.47,,48.4,106.09,202.33,108.4,
2011-11-01,,,,91.8,,102.8,102.7,92.5,89.4,,186.68,92.2,,75.78,119.24,,48.3,105.99,200.32,108.8,
2011-10-01,,100.1,,91.5,,102.5,102.4,92.2,89.4,,185.88,91.8,,75.02,118.05,,48.0,106.33,199.03,108.7,
2011-09-01,,,,92.1,,102.4,102.3,91.7,89.2,,185.57,91.8,,74.48,117.0,,47.8,106.43,195.89,109.5,
2011-08-01,,,,91.7,,102.2,102.0,91.5,89.0,,184.45,91.8,,74.0,116.42,,47.5,106.35,192.91,108.2,
2011-07-01,,99.8,,91.0,,102.3,102.1,91.5,89.2,,183.53,91.5,,73.78,112.7,,47.3,106.21,189.57,109.2,
2011-06-01,,,,91.0,,101.8,101.6,91.0,88.8,,182.27,90.8,,73.24,114.77,,46.9,106.07,189.62,108.8,
2011-05-01,,,,91.0,,101.7,101.6,91.1,88.6,,182.29,90.6,,73.0,117.47,,46.8,106.31,189.61,108.6,
2011-04-01,,99.2,,91.4,,101.8,101.7,91.3,88.6,,182.12,90.5,,73.23,116.19,,46.4,105.99,189.32,109.3,
2011-03-01,,,,90.5,,100.9,100.8,90.4,87.8,,181.1,89.7,,72.97,113.91,,46.0,105.34,188.17,107.0,
2011-02-01,,,,89.0,,100.1,100.0,89.7,87.3,,180.12,89.0,,72.33,112.34,,45.2,104.09,185.9,104.4,
2011-01-01,,98.4,,88.0,,99.4,99.3,89.1,86.8,,178.45,88.6,,71.87,108.65,,44.9,103.32,182.75,103.6,
2010-12-01,,,,87.4,,98.2,98.2,88.4,86.0,,176.06,87.4,,71.67,106.31,,44.8,101.75,178.54,101.7,
2010-11-01,,,,86.6,,97.5,97.4,87.9,85.4,,173.95,86.9,,71.09,105.25,,44.8,100.82,176.23,99.7,
2010-10-01,,97.3,,85.8,,97.1,97.0,87.6,85.3,,172.84,86.6,,70.76,100.82,,44.9,100.47,176.78,99.2,
2010-09-01,,,,85.1,,97.0,96.9,87.1,84.9,,171.89,87.2,,70.71,98.65,,44.9,100.1,174.67,97.8,
2010-08-01,,,,84.4,,96.7,96.5,86.6,84.7,,171.09,87.2,,70.54,99.95,,45.0,99.53,173.79,97.3,
2010-07-01,,97.2,,84.1,,96.6,96.4,86.6,84.8,,170.2,87.0,,70.54,96.75,,44.7,99.23,171.81,97.3,
2010-06-01,,,,84.2,,96.4,96.2,86.3,84.6,,169.95,86.8,,70.22,96.18,,44.4,98.98,172.08,97.3,
2010-05-01,,,,84.8,,96.0,95.8,86.1,83.9,,169.61,86.6,,70.11,99.25,,44.2,98.87,172.95,97.5,
2010-04-01,,95.9,,84.5,,95.6,95.3,86.0,83.5,,168.91,86.1,,69.93,96.64,,43.3,98.04,174.96,97.5,
2010-03-01,,,,84.1,,94.8,94.6,85.6,82.9,,167.78,85.5,,70.11,93.65,,44.2,97.33,170.94,96.6,
2010-02-01,,,,84.1,,94.3,94.2,85.3,82.5,,167.41,85.2,,69.64,91.99,,44.1,96.88,167.68,94.3,
2010-01-01,,95.6,,84.1,,94.2,94.0,85.2,82.6,,167.35,85.0,,69.24,90.19,,44.1,96.71,164.94,94.1,
2009-12-01,,,,83.6,,93.5,93.3,84.7,82.1,,165.84,84.1,,68.99,91.19,,67.65,96.29,163.98,93.7,
2009-11-01,,,,83.6,,93.5,93.2,84.7,82.1,,165.42,84.0,,68.81,90.74,,67.41,95.81,162.92,93.5,
2009-10-01,,94.7,,82.9,,93.3,93.0,84.6,82.1,,164.22,83.8,,68.49,91.19,,67.41,95.48,160.84,93.2,
2009-09-01,,,,83.2,,93.1,92.9,84.0,82.0,,164.34,83.7,,68.41,92.02,,67.57,96.25,160.38,91.8,
2009-08-01,,,,83.6,,93.4,93.1,84.1,82.4,,164.96,83.9,,68.05,90.93,,67.49,96.16,159.4,91.9,
2009-07-01,,95.1,,83.2,,92.9,92.7,83.9,82.1,,162.5,83.4,,67.83,89.68,,67.34,95.61,158.74,91.1,
2009-06-01,,,,83.7,,93.6,93.3,83.8,83.2,,163.05,83.9,,67.6,88.09,,66.95,94.53,159.86,91.6,
2009-05-01,,,,83.3,,93.3,93.0,83.6,83.3,,160.85,83.4,,67.24,86.19,,66.87,94.78,158.37,91.4,
2009-04-01,,95.0,,84.3,,93.3,93.0,83.8,83.3,,160.78,83.4,,67.18,85.68,,66.87,95.51,158.45,90.9,
2009-03-01,,,,84.6,,94.1,93.8,84.6,84.6,,161.45,83.8,,67.51,83.67,,66.49,95.4,157.43,91.9,
2009-02-01,,,,84.3,,94.7,94.4,84.7,85.1,,161.07,84.4,,66.91,81.31,,66.18,94.95,156.97,91.3,
2009-01-01,,95.8,,83.9,,95.3,94.7,85.2,85.6,,158.01,84.8,,66.46,77.37,,66.1,94.31,155.16,91.4,
2008-12-01,,,,83.9,,96.3,95.5,87.3,86.6,,237.57,85.5,,66.11,80.09,,65.87,94.58,154.8,90.8,
2008-11-01,,,,86.1,,97.7,96.9,88.1,87.2,,254.3,87.0,,66.04,86.68,,66.41,96.2,160.49,91.2,
2008-10-01,,96.1,,88.7,,99.7,98.8,89.5,88.7,,255.7,89.1,,65.92,94.63,,66.8,98.49,160.54,91.8,
2008-09-01,,,,88.8,,100.6,99.7,90.0,88.6,,255.5,90.8,,65.18,101.31,,66.64,98.75,159.63,92.9,
2008-08-01,,,,89.8,,100.7,99.8,90.5,88.4,,261.0,91.0,,65.17,106.65,,66.64,99.16,161.07,92.1,
2008-07-01,,94.8,,89.6,,101.2,100.2,90.8,88.8,,264.9,91.2,,65.34,106.11,,66.02,99.44,164.93,92.5,
2008-06-01,,,,88.8,,99.9,98.9,90.3,87.0,,260.1,90.3,,64.86,100.68,,65.02,97.54,162.9,91.8,
2008-05-01,,,,87.2,,98.9,97.9,89.7,86.2,,244.89,89.3,,64.25,95.98,,64.24,96.0,162.37,90.1,
2008-04-01,,93.0,,86.3,,97.7,96.8,88.6,85.5,,235.6,88.1,,63.88,92.73,,63.16,94.11,159.0,88.6,
2008-03-01,,,,84.9,,97.0,96.1,87.9,84.7,,230.95,87.8,,63.49,88.74,,62.07,92.15,152.16,87.2,
2008-02-01,,,,83.2,,96.4,95.5,87.5,84.3,,223.9,87.1,,62.9,88.12,,61.53,90.97,147.48,86.0,
2008-01-01,,92.1,,83.2,,95.8,94.9,87.1,83.9,,222.44,86.5,,62.47,87.51,,61.22,90.13,143.8,85.4,
2007-12-01,,,,82.3,,95.0,94.0,86.6,83.2,,216.6,86.1,,62.08,86.13,,163.3,89.63,143.19,84.1,
2007-11-01,,,,81.3,,94.8,93.9,86.1,83.2,,211.02,86.0,,61.99,83.06,,162.9,89.27,142.98,83.5,
2007-10-01,,90.4,,80.8,,93.9,93.0,85.6,82.5,,204.29,85.1,,61.62,80.56,,162.3,88.9,141.71,82.4,
2007-09-01,,,,81.8,,93.4,92.4,85.2,82.3,,200.26,84.6,,61.46,80.64,,160.9,88.72,141.9,81.4,
2007-08-01,,,,82.5,,93.0,92.1,84.7,82.2,,197.2,84.1,,61.15,81.13,,162.5,88.3,140.47,80.6,
2007-07-01,,89.8,,83.3,,92.9,91.9,84.6,82.1,,195.52,83.8,,60.82,79.46,,161.9,88.35,139.28,80.8,
2007-06-01,,,,83.8,,92.6,91.6,84.2,82.1,,192.92,83.4,,60.5,78.91,,160.5,88.24,139.19,80.2,
2007-05-01,,,,84.8,,92.5,91.5,84.2,82.1,,191.92,83.2,,60.1,76.98,,157.0,88.06,139.34,79.8,
2007-04-01,,88.8,,85.1,,92.1,91.0,84.0,81.7,,187.92,82.8,,60.26,73.04,,154.9,87.57,138.8,79.5,
2007-03-01,,,,84.9,,91.7,90.6,83.6,81.7,,184.78,82.4,,60.13,70.03,,152.5,86.96,137.7,79.2,
2007-02-01,,,,83.7,,91.4,90.3,83.3,81.7,,181.04,82.0,,59.84,70.03,,150.2,86.59,136.37,78.4,
2007-01-01,,87.9,,82.9,,91.1,90.0,82.8,81.6,,178.62,81.7,,59.52,70.1,,149.3,86.54,135.09,78.1,
2006-12-01,,,,82.7,,90.8,89.7,82.7,81.6,,177.72,81.2,,59.46,68.79,,149.1,86.53,135.16,78.6,
2006-11-01,,,,81.6,,90.8,89.7,82.9,81.6,,175.17,81.1,,59.3,68.11,,149.5,86.61,135.33,78.5,
2006-10-01,,87.9,,81.5,,90.9,89.8,83.0,81.7,,176.15,81.4,,59.26,69.85,,148.3,87.03,135.73,78.1,
2006-09-01,,,,81.6,,91.0,89.9,83.1,81.6,,176.45,81.4,,59.28,71.79,,147.2,87.84,135.11,78.2,
2006-08-01,,,,82.9,,91.6,90.4,83.6,81.9,,175.8,82.2,,59.21,70.8,,148.3,87.55,135.43,78.7,
2006-07-01,,87.7,,83.5,,91.4,90.2,83.4,81.8,,174.37,82.1,,59.0,69.28,,145.1,86.99,136.45,78.9,
2006-06-01,,,,82.1,,90.8,89.6,82.7,81.3,,173.2,81.4,,58.64,68.05,,142.6,86.72,135.28,78.1,
2006-05-01,,,,82.2,,90.6,89.4,82.6,81.2,,171.19,81.3,,58.27,67.51,,138.7,86.88,130.05,78.0,
2006-04-01,,86.8,,82.0,,90.3,89.1,82.4,81.1,,165.88,80.9,,57.86,66.32,,136.9,86.58,126.54,78.0,
2006-03-01,,,,81.0,,89.7,88.4,81.7,80.4,,165.12,80.4,,57.21,65.92,,135.6,86.42,124.14,77.4,
2006-02-01,,,,80.2,,89.2,88.0,81.2,80.0,,589.2,80.0,,56.88,64.57,,134.9,86.53,123.83,77.1,
2006-01-01,,85.5,,80.6,,88.8,87.6,81.2,79.5,,586.3,79.5,,56.72,62.5,,134.8,86.49,123.51,77.0,
2005-12-01,,,,80.0,,87.5,86.3,80.7,78.3,,577.5,78.1,,56.36,62.19,,134.9,86.19,16.7,76.2,
2005-11-01,,,,80.2,,87.3,86.2,80.4,78.2,,579.9,78.0,,56.13,63.53,,134.8,86.44,16.8,75.5,
2005-10-01,,84.9,,80.8,,87.6,86.4,80.8,78.2,,582.2,78.2,,56.05,64.1,,134.1,86.69,17.1,74.6,
2005-09-01,,,,80.7,,87.1,86.0,80.6,77.7,,549.5,77.7,,55.89,63.53,,134.1,86.46,17.0,74.2,
2005-08-01,,,,80.1,,86.7,85.5,80.3,77.5,,535.0,77.5,,55.66,61.8,,135.0,86.08,16.9,74.7,
2005-07-01,,84.3,,79.8,,86.3,85.2,80.0,77.3,,528.8,77.1,,55.56,60.59,,134.5,85.84,16.7,74.4,
2005-06-01,,,,80.0,,85.9,84.8,79.7,76.8,,519.5,76.9,,55.21,60.29,,133.0,85.32,16.8,73.5,
2005-05-01,,,,80.2,,85.4,84.3,79.0,76.5,,514.5,76.4,,55.15,60.23,,131.0,85.71,16.7,72.8,
2005-04-01,,83.1,,80.3,,85.5,84.4,79.1,76.4,,522.7,76.6,,55.17,58.65,,130.4,86.27,16.7,72.6,
2005-03-01,,,,80.0,,85.1,84.1,79.0,76.0,,512.3,76.4,,54.97,57.21,,129.5,86.03,16.4,72.5,
2005-02-01,,,,79.6,,84.5,83.5,78.2,75.6,,491.7,75.9,,54.69,55.82,,128.8,85.95,16.2,71.9,
2005-01-01,,82.4,,78.6,,84.3,83.3,78.4,75.4,,487.0,75.8,,54.42,55.1,,128.2,85.78,16.2,71.7,
2004-12-01,,,,77.9,,83.7,82.6,78.2,74.7,,471.0,75.1,,54.19,54.83,,128.7,84.96,16.3,70.4,
2004-11-01,,,,77.8,,83.8,82.8,78.5,74.6,,472.7,75.3,,54.23,54.77,,129.2,85.59,16.5,70.9,
2004-10-01,,82.4,,79.3,,84.1,83.0,78.5,75.0,,480.1,75.3,,54.07,53.7,,129.3,85.53,16.7,71.4,
2004-09-01,,,,79.8,,83.3,82.3,78.1,74.2,,475.5,74.9,,53.82,52.75,,128.7,85.49,16.2,70.3,
2004-08-01,,,,80.2,,83.2,82.2,78.1,74.2,,469.1,74.7,,53.59,51.16,,129.4,85.14,16.1,69.7,
2004-07-01,,81.5,,79.8,,82.8,81.8,77.8,73.9,,461.4,74.4,,53.31,50.26,,129.1,84.4,15.8,68.9,
2004-06-01,,,,80.0,,82.4,81.4,77.4,73.5,,464.0,74.1,,53.05,49.66,,129.1,84.06,15.7,68.2,
2004-05-01,,,,80.4,,82.4,81.3,77.4,73.6,,460.0,74.0,,52.8,48.31,,126.9,84.14,15.5,68.6,
2004-04-01,,80.4,,78.8,,81.9,80.8,77.0,73.3,,444.6,73.4,,52.6,47.32,,126.6,83.94,14.8,67.8,
2004-03-01,,,,77.8,,81.4,80.2,76.8,72.9,,439.7,73.0,,52.1,46.34,,125.5,83.54,14.6,67.7,
2004-02-01,,,,77.3,,80.9,79.7,76.4,72.5,,433.8,72.4,,51.64,45.75,,125.5,82.74,14.4,67.0,
2004-01-01,,79.5,,75.6,,80.8,79.6,76.3,72.5,,432.3,72.3,,51.09,44.25,,124.7,81.72,14.5,67.1,
2003-12-01,,,,75.0,,80.6,79.3,75.9,72.5,,427.0,72.1,,50.85,42.54,,124.2,80.62,14.2,67.2,
2003-11-01,,,,74.8,,80.7,79.4,76.1,72.5,,423.2,72.2,,50.51,42.33,,123.9,80.1,14.2,67.1,
2003-10-01,,79.0,,75.1,,80.6,79.2,75.9,72.5,,421.9,72.1,,50.22,42.25,,124.4,79.73,13.9,66.8,
2003-09-01,,,,76.1,,80.6,79.2,75.8,72.6,,418.3,72.1,,49.91,41.91,,124.4,79.5,13.8,66.5,
2003-08-01,,,,76.1,,80.6,79.2,76.0,72.5,,418.2,72.1,,49.63,41.33,,126.0,79.17,13.8,66.8,
2003-07-01,,79.0,,75.7,,80.4,78.9,75.8,72.5,,417.4,72.0,,49.45,40.6,,126.4,78.88,13.7,66.5,
2003-06-01,,,,74.8,,80.4,78.9,75.8,72.4,,412.9,71.9,,49.38,39.73,,125.3,78.74,13.7,66.3,
2003-05-01,,,,75.4,,80.4,78.9,75.8,72.5,,414.6,71.9,,49.15,39.57,,123.8,79.12,13.7,66.3,
2003-04-01,,78.5,,77.1,,80.7,79.2,76.0,72.6,,422.8,72.1,,49.24,39.53,,124.8,79.56,14.0,66.5,
2003-03-01,,,,78.5,,81.2,79.7,76.6,72.8,,430.5,72.6,,49.43,39.1,,124.9,79.96,14.2,67.0,
2003-02-01,,,,78.8,,81.0,79.5,76.3,72.6,,433.1,72.4,,49.29,38.56,,124.9,79.19,13.9,66.9,
2003-01-01,,78.8,,78.1,,80.6,79.1,76.0,72.3,,430.0,72.0,,48.89,37.95,,124.5,78.77,13.7,66.6,
2002-12-01,,,,77.7,,79.9,78.4,75.7,71.4,,424.4,71.6,,48.5,37.76,,125.3,78.18,13.0,66.0,
2002-11-01,,,,77.9,,79.7,78.2,75.4,71.2,,420.5,71.4,,48.13,37.73,,125.4,78.17,12.8,65.2,
2002-10-01,,78.2,,78.2,,80.0,78.5,75.7,71.4,,419.2,71.6,,47.86,37.13,,125.1,78.01,12.7,65.7,
2002-09-01,,,,78.0,,79.8,78.2,75.8,71.2,,413.2,71.4,,47.8,36.37,,124.3,77.91,12.4,65.7,
2002-08-01,,,,77.4,,79.6,78.0,75.6,71.1,,410.0,71.2,,47.46,35.97,,124.7,77.75,12.1,65.6,
2002-07-01,,77.8,,76.8,,79.5,77.9,75.3,71.2,,410.9,71.0,,47.21,35.27,,123.3,77.65,11.8,65.4,
2002-06-01,,,,76.6,,79.4,77.8,75.0,71.4,,406.4,70.8,,47.04,34.37,,122.2,77.87,11.3,65.4,
2002-05-01,,,,76.8,,79.5,77.9,75.2,71.4,,415.8,70.8,,46.77,33.37,,121.6,78.37,10.9,65.5,
2002-04-01,,77.5,,77.3,,79.5,77.9,75.3,71.4,,407.2,70.7,,46.49,32.65,,120.7,78.04,10.7,65.5,
2002-03-01,,,,77.1,,79.3,77.7,75.0,71.6,,411.3,70.6,,46.13,31.98,,118.7,77.44,10.5,65.2,
2002-02-01,,,,76.6,,79.0,77.4,74.8,71.3,,414.9,70.4,,45.74,31.98,,117.9,77.04,10.4,64.8,
2002-01-01,,77.3,,76.2,,79.0,77.4,74.8,71.3,,414.1,70.3,,45.7,32.14,,115.4,76.65,10.3,64.7,
2001-12-01,,,,75.5,,78.7,77.1,74.8,70.8,,407.7,70.2,,45.31,32.08,,112.1,76.47,10.0,64.7,
2001-11-01,,,,76.3,,78.8,77.2,74.8,71.1,,411.5,70.3,,45.28,32.18,,111.6,76.94,9.9,64.8,
2001-10-01,,77.2,,76.4,,79.2,77.5,75.2,71.3,,405.0,70.5,,45.29,32.11,,110.1,77.25,9.6,64.9,
2001-09-01,,,,77.5,,79.7,78.0,75.5,71.9,,402.0,70.8,,45.22,31.98,,108.6,77.62,8.9,65.7,
2001-08-01,,,,76.9,,79.6,77.9,75.6,71.8,,397.0,70.8,,44.87,32.05,,108.7,77.83,8.5,66.0,
2001-07-01,,76.8,,76.9,,79.7,78.0,75.6,71.9,,416.0,70.8,,44.63,32.05,,107.8,78.21,8.1,66.1,
2001-06-01,,,,77.5,,80.0,78.3,76.0,72.3,,422.0,71.1,,44.7,31.89,,107.2,78.26,7.8,66.9,
2001-05-01,,,,78.5,,80.0,78.2,76.1,72.2,,414.0,71.2,,44.63,31.11,,106.5,78.58,7.4,66.9,
2001-04-01,,77.0,,78.2,,79.9,78.1,75.8,72.1,,404.0,71.3,,44.45,30.77,,105.6,78.65,6.9,66.4,
2001-03-01,,,,77.8,,79.7,77.9,75.6,71.8,,393.0,71.1,,44.3,30.53,,104.6,78.7,5.9,66.2,
2001-02-01,,,,77.5,,79.6,77.7,75.4,71.6,,383.0,71.1,,44.12,30.32,,104.4,78.52,5.3,66.8,
2001-01-01,,75.8,,77.1,,79.4,77.5,75.3,71.4,,378.0,71.1,,44.18,29.99,,103.8,78.68,5.2,66.6,
2000-12-01,,,,77.5,,79.1,77.3,75.3,70.7,,376.0,70.7,,43.71,29.6,,103.4,78.46,5.1,66.7,
2000-11-01,,,,77.9,,79.5,77.6,75.7,71.1,,378.0,71.0,,43.67,29.28,,103.1,78.36,5.1,67.7,
2000-10-01,,75.9,,77.4,,79.3,77.4,75.6,70.8,,369.0,70.8,,43.42,28.93,,102.2,78.4,5.0,67.1,
2000-09-01,,,,76.7,,78.9,77.0,75.4,70.5,,364.0,70.5,,43.13,27.95,,101.7,78.48,4.8,67.3,
2000-08-01,,,,76.4,,78.2,76.3,74.8,69.8,,358.0,69.8,,42.87,27.35,,101.1,78.22,4.8,66.6,
2000-07-01,,74.8,,76.4,,78.0,76.1,74.7,69.7,,366.0,69.7,,42.63,26.87,,100.2,78.22,4.7,66.3,
2000-06-01,,,,76.4,,77.6,75.7,74.4,69.3,,356.0,69.4,,42.61,26.14,,99.7,78.14,4.6,66.4,
2000-05-01,,,,76.4,,77.3,75.4,74.1,69.0,,346.0,69.1,,42.16,25.52,,99.3,77.95,4.5,65.6,
2000-04-01,,74.4,,76.1,,76.9,74.9,73.8,68.7,,334.0,68.7,,41.77,25.1,,98.8,78.14,4.4,64.8,
2000-03-01,,,,76.1,,76.7,74.8,73.5,68.5,,332.0,68.7,,41.61,24.678,,97.2,78.52,4.4,65.4,
2000-02-01,,,,75.5,,76.4,74.4,73.1,68.4,,329.0,68.2,,41.49,24.146,,96.9,78.57,4.3,65.4,
2000-01-01,,73.1,,74.8,,76.1,74.1,72.9,68.3,,325.0,67.9,,41.01,23.42,,96.3,78.77,4.1,64.9,
1999-12-01,,,,74.8,,76.0,,72.5,68.2,,319.0,,,40.45,22.455,,95.6,,,64.9,
1999-11-01,,,,74.4,,75.7,,72.2,68.1,,311.0,,,40.07,21.907,,95.2,,,64.4,
1999-10-01,,72.1,,74.3,,75.5,,71.9,68.0,,317.0,,,39.7,21.044,,94.8,,,63.3,
1999-09-01,,,,74.3,,75.4,,71.7,67.9,,324.0,,,39.4,19.928,,94.4,,,63.3,
1999-08-01,,,,73.9,,75.2,,71.4,67.8,,311.0,,,38.98,18.943,,94.5,,,62.8,
1999-07-01,,71.5,,73.8,,75.0,,71.2,67.7,,301.0,,,38.7,18.128,,94.1,,,62.5,
1999-06-01,,,,72.7,,74.7,,70.9,67.5,,309.0,,,38.36,17.314,,93.6,,,61.4,
1999-05-01,,,,72.6,,74.7,,70.9,67.5,,314.0,,,37.98,16.777,,93.9,,,61.3,
1999-04-01,,70.9,,72.5,,74.6,,70.9,67.5,,318.0,,,37.68,16.147,,92.8,,,61.4,
1999-03-01,,,,72.5,,74.3,,70.8,67.1,,317.0,,,37.35,15.467,,92.9,,,60.6,
1999-02-01,,,,71.7,,74.2,,70.6,67.1,,314.0,,,36.88,14.858,,91.9,,,60.1,
1999-01-01,,70.7,,72.1,,74.2,,70.7,67.1,,308.0,,,36.47,14.11,,91.3,,,60.3,
1998-12-01,,,,72.1,,74.4,,70.7,67.5,,579.0,,,35.57,13.162,,90.4,,,60.2,
1998-11-01,,,,72.7,,74.5,,70.9,67.5,,593.0,,,34.93,12.595,,90.6,,,60.5,
1998-10-01,,70.9,,72.7,,74.8,,70.9,67.9,,610.0,,,34.54,11.961,,90.9,,,60.7,
1998-09-01,,,,72.1,,75.1,,70.9,68.2,,642.0,,,34.11,11.274,,92.0,,,61.0,
1998-08-01,,,,72.5,,75.2,,71.1,68.3,,641.0,,,33.3,10.507,,91.7,,,61.1,
1998-07-01,,71.3,,72.1,,75.3,,71.2,68.4,,660.0,,,32.92,10.743,,90.2,,,61.1,
1998-06-01,,,,71.8,,75.4,,71.2,68.6,,611.0,,,32.63,10.918,,88.5,,,61.3,
1998-05-01,,,,71.7,,75.6,,71.4,68.7,,546.0,,,32.26,10.95,,88.7,,,62.1,
1998-04-01,,,,71.7,,75.6,,71.6,68.7,,495.0,,,31.98,11.095,,88.2,,,61.8,
1998-03-01,,,,71.0,,75.6,,71.5,68.7,,505.0,,,31.68,11.106,,87.1,,,62.0,
1998-02-01,,,,71.9,,75.7,,71.6,68.8,,487.0,,,31.39,11.173,,86.8,,,62.5,
1998-01-01,,,,72.0,,75.7,,71.6,68.8,,452.0,,,30.86,11.095,,87.1,,,62.9,
1997-12-01,,,,72.0,,75.8,,71.6,68.9,,341.0,,,30.25,,,87.3,,,62.2,
1997-11-01,,,,72.1,,76.0,,71.8,68.9,,309.0,,,30.05,,,86.8,,,62.2,
1997-10-01,,,,71.7,,76.0,,71.8,68.9,,307.0,,,29.65,,,86.8,,,62.4,
1997-09-01,,,,71.8,,75.9,,71.8,68.9,,286.0,,,29.33,,,86.6,,,62.3,
1997-08-01,,,,72.0,,75.9,,71.8,68.9,,273.0,,,29.03,,,86.7,,,62.5,
1997-07-01,,,,71.5,,75.7,,71.7,68.8,,266.0,,,28.79,,,86.1,,,62.5,
1997-06-01,,,,71.7,,75.6,,71.6,68.6,,264.0,,,28.61,,,85.8,,,62.8,
1997-05-01,,,,72.0,,75.6,,71.7,68.6,,265.0,,,28.4,,,85.2,,,62.6,
1997-04-01,,,,72.1,,75.5,,71.6,68.4,,265.0,,,28.08,,,84.6,,,62.4,
1997-03-01,,,,71.5,,75.3,,71.5,68.2,,266.0,,,27.82,,,83.7,,,62.9,
1997-02-01,,,,71.4,,75.3,,71.6,68.2,,268.0,,,27.58,,,83.6,,,63.2,
1997-01-01,,,,71.4,,75.3,,71.6,68.2,,270.0,,,27.26,,,83.5,,,63.6,
1996-12-01,,,,71.5,,75.1,,71.5,68.0,,,,,26.65,,,83.2,,,63.3,
1996-11-01,,,,71.2,,75.2,,71.6,68.0,,,,,25.84,,,82.2,,,63.2,
1996-10-01,,,,71.3,,75.2,,71.7,68.0,,,,,25.5,,,81.7,,,63.5,
1996-09-01,,,,71.6,,75.0,,71.8,67.8,,,,,25.11,,,80.8,,,63.6,
1996-08-01,,,,71.5,,74.9,,71.9,67.6,,,,,24.675,,,80.5,,,63.7,
1996-07-01,,,,71.0,,75.0,,71.9,67.6,,,,,24.374,,,79.2,,,64.4,
1996-06-01,,,,71.0,,75.0,,71.9,67.6,,,,,24.007,,,78.6,,,65.4,
1996-05-01,,,,71.5,,75.1,,71.9,67.7,,,,,23.692,,,78.1,,,65.6,
1996-04-01,,,,70.8,,75.1,,72.0,67.7,,,,,23.421,,,77.2,,,65.5,
1996-03-01,,,,70.9,,75.1,,72.2,67.6,,,,,22.728,,,76.2,,,64.9,
1996-02-01,,,,71.4,,75.2,,72.3,67.7,,,,,22.171,,,76.2,,,64.8,
1996-01-01,,,,71.4,,75.1,,72.2,67.7,,,,,21.685,,,75.5,,,64.9,
1995-12-01,,,,71.5,,75.6,,72.2,68.7,,,,,21.034,,,75.4,,,64.8,
1995-11-01,,,,71.3,,75.6,,72.3,68.7,,,,,20.342,,,74.9,,,64.3,
1995-10-01,,,,71.2,,75.7,,72.3,68.8,,,,,19.724,,,74.5,,,64.2,
1995-09-01,,,,71.5,,75.8,,72.4,68.9,,,,,19.374,,,74.0,,,64.5,
1995-08-01,,,,71.2,,75.7,,72.4,68.8,,,,,19.073,,,73.8,,,64.2,
1995-07-01,,,,71.3,,75.6,,72.3,68.7,,,,,18.793,,,73.2,,,64.2,
1995-06-01,,,,71.0,,75.6,,72.1,68.8,,,,,18.56,,,73.1,,,64.2,
1995-05-01,,,,70.5,,75.6,,72.1,68.8,,,,,18.079,,,72.9,,,64.0,
1995-04-01,,,,70.5,,75.5,,71.9,68.8,,,,,17.484,,,72.2,,,63.8,
1995-03-01,,,,70.8,,75.4,,71.9,68.6,,,,,16.237,,,70.9,,,63.2,
1995-02-01,,,,70.4,,75.2,,71.9,68.5,,,,,15.285,,,70.8,,,63.1,
1995-01-01,,,,70.2,,74.9,,71.7,68.3,,,,,14.671,,,69.7,,,62.8,
1994-12-01,,,,68.6,,,,,68.0,,,,,13.784,,,68.6,,,61.9,
1994-11-01,,,,68.0,,,,,67.9,,,,,13.604,,,68.1,,,61.4,
1994-10-01,,,,67.2,,,,,67.5,,,,,13.511,,,68.1,,,60.5,
1994-09-01,,,,66.7,,,,,67.5,,,,,13.428,,,67.8,,,60.2,
1994-08-01,,,,67.0,,,,,67.5,,,,,13.341,,,67.7,,,60.2,
1994-07-01,,,,66.3,,,,,67.5,,,,,13.327,,,66.7,,,60.1,
1994-06-01,,,,66.0,,,,,67.5,,,,,13.236,,,65.7,,,59.9,
1994-05-01,,,,65.3,,,,,67.5,,,,,13.122,,,65.1,,,59.9,
1994-04-01,,,,64.9,,,,,67.4,,,,,13.013,,,64.3,,,59.5,
1994-03-01,,,,64.6,,,,,67.4,,,,,12.911,,,63.6,,,59.2,
1994-02-01,,,,64.3,,,,,67.3,,,,,12.831,,,63.7,,,59.1,
1994-01-01,,,,63.6,,,,,67.2,,,,,12.779,,,62.9,,,58.9,
1993-12-01,,,,63.4,,,,,66.9,,,,,,,,62.1,,,59.0,
1993-11-01,,,,63.0,,,,,67.0,,,,,,,,61.9,,,58.6,
1993-10-01,,,,62.8,,,,,67.0,,,,,,,,61.7,,,58.4,
1993-09-01,,,,62.4,,,,,67.1,,,,,,,,61.4,,,58.3,
1993-08-01,,,,62.3,,,,,67.1,,,,,,,,61.3,,,58.7,
1993-07-01,,,,61.8,,,,,67.2,,,,,,,,60.9,,,58.8,
1993-06-01,,,,61.7,,,,,67.1,,,,,,,,60.4,,,59.0,
1993-05-01,,,,61.9,,,,,67.2,,,,,,,,60.3,,,59.2,
1993-04-01,,,,62.0,,,,,67.3,,,,,,,,60.4,,,59.3,
1993-03-01,,,,62.1,,,,,67.1,,,,,,,,59.6,,,59.3,
1993-02-01,,,,61.9,,,,,67.1,,,,,,,,59.5,,,58.9,
1993-01-01,,,,61.9,,,,,67.2,,,,,,,,58.8,,,58.6,
1992-12-01,,,,61.3,,,,,67.0,,,,,,,,58.4,,,58.5,
1992-11-01,,,,61.2,,,,,67.1,,,,,,,,58.3,,,57.9,
1992-10-01,,,,60.9,,,,,67.1,,,,,,,,58.4,,,57.2,
1992-09-01,,,,60.5,,,,,67.3,,,,,,,,58.2,,,56.8,
1992-08-01,,,,60.2,,,,,67.3,,,,,,,,57.9,,,56.7,
1992-07-01,,,,60.1,,,,,67.4,,,,,,,,57.3,,,57.0,
1992-06-01,,,,60.0,,,,,67.5,,,,,,,,57.1,,,57.1,
1992-05-01,,,,59.8,,,,,67.4,,,,,,,,56.7,,,57.2,
1992-04-01,,,,59.4,,,,,67.2,,,,,,,,56.1,,,57.2,
1992-03-01,,,,59.5,,,,,67.0,,,,,,,,55.4,,,56.8,
1992-02-01,,,,59.4,,,,,66.8,,,,,,,,55.0,,,57.2,
1992-01-01,,,,58.8,,,,,66.6,,,,,,,,55.0,,,57.1,
1991-12-01,,,,59.1,,,,,66.6,,,,,,,,54.8,,,57.1,
1991-11-01,,,,59.2,,,,,66.8,,,,,,,,54.8,,,57.1,
1991-10-01,,,,59.2,,,,,66.8,,,,,,,,54.6,,,56.9,
1991-09-01,,,,59.2,,,,,66.8,,,,,,,,54.1,,,56.8,
1991-08-01,,,,59.3,,,,,66.5,,,,,,,,53.4,,,56.9,
1991-07-01,,,,59.6,,,,,66.6,,,,,,,,53.1,,,57.3,
1991-06-01,,,,59.8,,,,,66.1,,,,,,,,52.7,,,57.3,
1991-05-01,,,,59.8,,,,,66.1,,,,,,,,52.5,,,57.6,
1991-04-01,,,,60.1,,,,,66.0,,,,,,,,51.9,,,57.6,
1991-03-01,,,,60.4,,,,,65.4,,,,,,,,51.4,,,57.4,
1991-02-01,,,,60.9,,,,,65.5,,,,,,,,51.2,,,57.5,
1991-01-01,,,,61.2,,,,,65.5,,,,,,,,51.0,,,58.1,
1990-12-01,,,,61.2,,,,,65.0,,,,,,,,50.1,,,57.8,
1990-11-01,,,,61.1,,,,,65.3,,,,,,,,50.1,,,57.4,
1990-10-01,,,,60.9,,,,,65.4,,,,,,,,49.0,,,57.4,
1990-09-01,,,,60.7,,,,,65.2,,,,,,,,49.0,,,57.2,
1990-08-01,,,,60.2,,,,,64.8,,,,,,,,48.2,,,56.7,
1990-07-01,,,,60.1,,,,,64.5,,,,,,,,47.6,,,56.6,
1990-06-01,,,,60.3,,,,,64.6,,,,,,,,47.4,,,56.8,
1990-05-01,,,,60.4,,,,,64.6,,,,,,,,47.4,,,57.0,
1990-04-01,,,,60.1,,,,,64.5,,,,,,,,46.4,,,57.1,
1990-03-01,,,,60.2,,,,,64.1,,,,,,,,45.3,,,56.9,
1990-02-01,,,,60.3,,,,,64.0,,,,,,,,45.3,,,56.7,
1990-01-01,,,,59.8,,,,,64.0,,,,,,,,45.0,,,57.3,
1989-12-01,,,,59.8,,,,,63.9,,,,,,,,44.7,,,56.9,
1989-11-01,,,,59.9,,,,,63.9,,,,,,,,44.4,,,56.4,
1989-10-01,,,,60.1,,,,,64.0,,,,,,,,44.0,,,56.1,
1989-09-01,,,,60.2,,,,,63.7,,,,,,,,43.6,,,55.9,
1989-08-01,,,,60.3,,,,,63.6,,,,,,,,43.3,,,55.6,
1989-07-01,,,,60.4,,,,,63.5,,,,,,,,42.9,,,55.6,
1989-06-01,,,,60.5,,,,,63.5,,,,,,,,42.5,,,56.0,
1989-05-01,,,,60.4,,,,,63.5,,,,,,,,42.3,,,55.8,
1989-04-01,,,,60.4,,,,,63.5,,,,,,,,41.7,,,55.5,
1989-03-01,,,,60.5,,,,,63.2,,,,,,,,41.0,,,55.1,
1989-02-01,,,,60.3,,,,,63.0,,,,,,,,40.4,,,55.0,
1989-01-01,,,,60.3,,,,,62.8,,,,,,,,39.8,,,55.4,
1988-12-01,,,,59.9,,,,,62.2,,,,,,,,39.2,,,54.8,
1988-11-01,,,,59.9,,,,,62.0,,,,,,,,38.8,,,54.2,
1988-10-01,,,,59.5,,,,,61.8,,,,,,,,38.2,,,53.8,
1988-09-01,,,,59.5,,,,,61.8,,,,,,,,37.8,,,53.6,
1988-08-01,,,,59.5,,,,,61.8,,,,,,,,37.4,,,53.6,
1988-07-01,,,,59.3,,,,,61.7,,,,,,,,37.1,,,53.6,
1988-06-01,,,,59.0,,,,,61.7,,,,,,,,36.8,,,53.5,
1988-05-01,,,,58.8,,,,,61.5,,,,,,,,36.5,,,52.9,
1988-04-01,,,,58.5,,,,,61.3,,,,,,,,35.9,,,52.5,
1988-03-01,,,,58.3,,,,,61.1,,,,,,,,35.2,,,52.3,
1988-02-01,,,,58.1,,,,,61.1,,,,,,,,34.9,,,52.4,
1988-01-01,,,,58.3,,,,,61.1,,,,,,,,34.3,,,52.7,
1987-12-01,,,,57.8,,,,,61.1,,,,,,,,33.8,,,52.3,
1987-11-01,,,,57.7,,,,,61.1,,,,,,,,33.6,,,51.8,
1987-10-01,,,,57.3,,,,,61.1,,,,,,,,33.6,,,51.7,
1987-09-01,,,,57.1,,,,,61.0,,,,,,,,33.0,,,51.4,
1987-08-01,,,,57.1,,,,,61.0,,,,,,,,32.9,,,51.4,
1987-07-01,,,,56.8,,,,,61.0,,,,,,,,32.5,,,51.2,
1987-06-01,,,,56.5,,,,,60.8,,,,,,,,32.2,,,51.0,
1987-05-01,,,,56.4,,,,,60.7,,,,,,,,31.9,,,50.7,
1987-04-01,,,,55.9,,,,,60.6,,,,,,,,31.7,,,50.6,
1987-03-01,,,,55.5,,,,,60.8,,,,,,,,31.3,,,50.4,
1987-02-01,,,,55.5,,,,,60.8,,,,,,,,30.9,,,50.6,
1987-01-01,,,,55.7,,,,,61.0,,,,,,,,30.6,,,50.8,
1986-12-01,,,,55.4,,,,,61.0,,,,,,,,30.2,,,50.4,
1986-11-01,,,,55.5,,,,,61.1,,,,,,,,30.0,,,49.9,
1986-10-01,,,,55.5,,,,,61.2,,,,,,,,29.8,,,49.6,
1986-09-01,,,,55.2,,,,,62.1,,,,,,,,29.4,,,49.3,
1986-08-01,,,,55.1,,,,,62.1,,,,,,,,29.2,,,48.8,
1986-07-01,,,,54.8,,,,,62.3,,,,,,,,28.4,,,48.7,
1986-06-01,,,,54.7,,,,,62.6,,,,,,,,28.0,,,48.9,
1986-05-01,,,,54.5,,,,,62.6,,,,,,,,27.6,,,49.3,
1986-04-01,,,,54.9,,,,,62.9,,,,,,,,27.0,,,49.7,
1986-03-01,,,,55.0,,,,,63.2,,,,,,,,26.7,,,50.1,
1986-02-01,,,,55.1,,,,,63.5,,,,,,,,26.7,,,50.6,
1986-01-01,,,,55.2,,,,,63.8,,,,,,,,26.2,,,50.8,
1985-12-01,,,,55.3,,,,,63.9,,,,,,,,26.0,,,50.7,
1985-11-01,,,,54.9,,,,,63.9,,,,,,,,25.6,,,50.3,
1985-10-01,,,,54.8,,,,,64.0,,,,,,,,24.8,,,50.1,
1985-09-01,,,,54.6,,,,,64.1,,,,,,,,24.3,,,50.3,
1985-08-01,,,,54.5,,,,,64.0,,,,,,,,24.0,,,50.4,
1985-07-01,,,,54.6,,,,,64.2,,,,,,,,23.7,,,50.6,
1985-06-01,,,,54.6,,,,,64.1,,,,,,,,23.5,,,51.1,
1985-05-01,,,,54.6,,,,,64.1,,,,,,,,23.2,,,51.4,
1985-04-01,,,,54.5,,,,,64.0,,,,,,,,23.0,,,51.6,
1985-03-01,,,,54.5,,,,,63.9,,,,,,,,22.7,,,51.9,
1985-02-01,,,,54.2,,,,,63.8,,,,,,,,22.6,,,52.1,
1985-01-01,,,,54.1,,,,,63.5,,,,,,,,22.0,,,51.6,
1984-12-01,,,,53.8,,,,,63.2,,,,,,,,21.8,,,50.9,
1984-11-01,,,,53.7,,,,,63.2,,,,,,,,21.5,,,50.4,
1984-10-01,,,,53.4,,,,,63.2,,,,,,,,21.3,,,50.3,
1984-09-01,,,,53.4,,,,,62.7,,,,,,,,20.9,,,49.9,
1984-08-01,,,,53.5,,,,,62.5,,,,,,,,20.8,,,49.4,
1984-07-01,,,,53.5,,,,,62.5,,,,,,,,20.5,,,49.6,
1984-06-01,,,,53.1,,,,,62.5,,,,,,,,20.5,,,49.6,
1984-05-01,,,,53.1,,,,,62.4,,,,,,,,20.2,,,49.5,
1984-04-01,,,,53.1,,,,,62.3,,,,,,,,20.1,,,49.1,
1984-03-01,,,,52.7,,,,,61.8,,,,,,,,20.0,,,48.8,
1984-02-01,,,,52.3,,,,,61.8,,,,,,,,19.8,,,48.8,
1984-01-01,,,,52.1,,,,,61.8,,,,,,,,19.7,,,48.7,
1983-12-01,,,,51.7,,,,,61.4,,,,,,,,19.7,,,,
1983-11-01,,,,51.4,,,,,61.3,,,,,,,,19.5,,,,
1983-10-01,,,,51.4,,,,,61.1,,,,,,,,19.4,,,,
1983-09-01,,,,51.2,,,,,61.1,,,,,,,,19.4,,,,
1983-08-01,,,,51.3,,,,,61.0,,,,,,,,19.3,,,,
1983-07-01,,,,51.2,,,,,60.7,,,,,,,,18.9,,,,
1983-06-01,,,,51.1,,,,,60.6,,,,,,,,18.9,,,,
1983-05-01,,,,50.7,,,,,60.4,,,,,,,,18.9,,,,
1983-04-01,,,,50.4,,,,,60.4,,,,,,,,18.6,,,,
1983-03-01,,,,50.2,,,,,60.2,,,,,,,,18.5,,,,
1983-02-01,,,,49.7,,,,,60.3,,,,,,,,18.3,,,,
1983-01-01,,,,49.7,,,,,60.4,,,,,,,,18.2,,,,
1982-12-01,,,,49.7,,,,,60.4,,,,,,,,18.1,,,,
1982-11-01,,,,49.7,,,,,60.5,,,,,,,,18.0,,,,
1982-10-01,,,,49.8,,,,,60.5,,,,,,,,17.9,,,,
1982-09-01,,,,49.7,,,,,60.2,,,,,,,,17.5,,,,
1982-08-01,,,,49.3,,,,,60.2,,,,,,,,17.5,,,,
1982-07-01,,,,49.4,,,,,60.2,,,,,,,,17.3,,,,
1982-06-01,,,,49.3,,,,,60.0,,,,,,,,17.0,,,,
1982-05-01,,,,49.1,,,,,59.6,,,,,,,,17.0,,,,
1982-04-01,,,,48.9,,,,,59.5,,,,,,,,16.9,,,,
1982-03-01,,,,48.5,,,,,59.0,,,,,,,,16.6,,,,
1982-02-01,,,,48.2,,,,,59.0,,,,,,,,16.6,,,,
1982-01-01,,,,47.9,,,,,59.0,,,,,,,,16.3,,,,
1981-12-01,,,,47.3,,,,,58.2,,,,,,,,16.2,,,,
1981-11-01,,,,47.2,,,,,58.2,,,,,,,,16.1,,,,
1981-10-01,,,,47.3,,,,,58.0,,,,,,,,15.9,,,,
1981-09-01,,,,46.9,,,,,57.4,,,,,,,,15.7,,,,
1981-08-01,,,,46.8,,,,,57.3,,,,,,,,15.6,,,,
1981-07-01,,,,46.4,,,,,56.9,,,,,,,,15.3,,,,
1981-06-01,,,,46.1,,,,,56.4,,,,,,,,15.1,,,,
1981-05-01,,,,45.6,,,,,56.1,,,,,,,,14.8,,,,
1981-04-01,,,,45.3,,,,,55.8,,,,,,,,14.8,,,,
1981-03-01,,,,44.9,,,,,55.1,,,,,,,,14.7,,,,
1981-02-01,,,,44.6,,,,,54.6,,,,,,,,14.7,,,,
1981-01-01,,,,44.2,,,,,54.3,,,,,,,,14.5,,,,
1980-12-01,,,,43.7,,,,,53.7,,,,,,,,14.5,,,,
1980-11-01,,,,43.6,,,,,53.5,,,,,,,,14.4,,,,
1980-10-01,,,,43.2,,,,,53.1,,,,,,,,14.3,,,,
1980-09-01,,,,42.6,,,,,52.6,,,,,,,,14.0,,,,
1980-08-01,,,,42.2,,,,,52.6,,,,,,,,13.7,,,,
1980-07-01,,,,41.6,,,,,52.6,,,,,,,,13.5,,,,
1980-06-01,,,,41.2,,,,,52.5,,,,,,,,13.2,,,,
1980-05-01,,,,41.0,,,,,52.5,,,,,,,,13.2,,,,
1980-04-01,,,,40.8,,,,,52.3,,,,,,,,13.0,,,,
1980-03-01,,,,40.5,,,,,51.6,,,,,,,,12.9,,,,
1980-02-01,,,,40.7,,,,,51.1,,,,,,,,12.7,,,,
1980-01-01,,,,40.5,,,,,50.8,,,,,,,,12.6,,,,
1979-12-01,,,,39.0,,,,,50.1,,,,,,,,12.5,,,,
1979-11-01,,,,38.6,,,,,49.8,,,,,,,,12.4,,,,
1979-10-01,,,,38.5,,,,,49.6,,,,,,,,12.4,,,,
1979-09-01,,,,37.8,,,,,49.3,,,,,,,,12.2,,,,
1979-08-01,,,,37.2,,,,,49.1,,,,,,,,12.1,,,,
1979-07-01,,,,37.0,,,,,49.0,,,,,,,,11.9,,,,
1979-06-01,,,,36.5,,,,,48.6,,,,,,,,11.7,,,,
1979-05-01,,,,36.3,,,,,48.4,,,,,,,,11.4,,,,
1979-04-01,,,,36.0,,,,,48.2,,,,,,,,11.3,,,,
1979-03-01,,,,35.6,,,,,47.9,,,,,,,,11.3,,,,
1979-02-01,,,,35.3,,,,,47.5,,,,,,,,11.1,,,,
1979-01-01,,,,34.7,,,,,47.2,,,,,,,,11.0,,,,
1978-12-01,,,,33.7,,,,,46.8,,,,,,,,10.8,,,,
1978-11-01,,,,33.6,,,,,46.8,,,,,,,,10.7,,,,
1978-10-01,,,,33.4,,,,,46.7,,,,,,,,10.7,,,,
1978-09-01,,,,32.7,,,,,46.7,,,,,,,,10.6,,,,
1978-08-01,,,,32.4,,,,,46.7,,,,,,,,10.5,,,,
1978-07-01,,,,32.1,,,,,46.7,,,,,,,,10.3,,,,
1978-06-01,,,,32.0,,,,,46.7,,,,,,,,10.3,,,,
1978-05-01,,,,31.8,,,,,46.7,,,,,,,,10.2,,,,
1978-04-01,,,,31.7,,,,,46.3,,,,,,,,10.1,,,,
1978-03-01,,,,31.2,,,,,46.2,,,,,,,,10.0,,,,
1978-02-01,,,,30.9,,,,,46.1,,,,,,,,10.0,,,,
1978-01-01,,,,30.7,,,,,46.1,,,,,,,,9.9,,,,
1977-12-01,,,,30.3,,,,,46.1,,,,,,,,9.7,,,,
1977-11-01,,,,30.1,,,,,46.1,,,,,,,,9.7,,,,
1977-10-01,,,,30.0,,,,,46.1,,,,,,,,9.6,,,,
1977-09-01,,,,29.9,,,,,46.1,,,,,,,,9.6,,,,
1977-08-01,,,,29.7,,,,,46.1,,,,,,,,9.6,,,,
1977-07-01,,,,29.7,,,,,46.1,,,,,,,,9.5,,,,
1977-06-01,,,,29.4,,,,,46.1,,,,,,,,9.4,,,,
1977-05-01,,,,29.4,,,,,46.1,,,,,,,,9.4,,,,
1977-04-01,,,,29.3,,,,,46.1,,,,,,,,9.2,,,,
1977-03-01,,,,28.9,,,,,45.9,,,,,,,,9.1,,,,
1977-02-01,,,,28.6,,,,,45.8,,,,,,,,9.1,,,,
1977-01-01,,,,28.3,,,,,45.4,,,,,,,,8.9,,,,
1976-12-01,,,,28.0,,,,,45.2,,,,,,,,8.8,,,,
1976-11-01,,,,27.7,,,,,45.2,,,,,,,,8.7,,,,
1976-10-01,,,,27.6,,,,,45.3,,,,,,,,8.6,,,,
1976-09-01,,,,27.6,,,,,45.3,,,,,,,,8.6,,,,
1976-08-01,,,,27.4,,,,,45.2,,,,,,,,8.5,,,,
1976-07-01,,,,27.4,,,,,45.1,,,,,,,,8.3,,,,
1976-06-01,,,,27.3,,,,,44.9,,,,,,,,8.2,,,,
1976-05-01,,,,27.2,,,,,44.6,,,,,,,,8.1,,,,
1976-04-01,,,,27.0,,,,,44.6,,,,,,,,8.0,,,,
1976-03-01,,,,26.9,,,,,44.1,,,,,,,,7.8,,,,
1976-02-01,,,,26.9,,,,,43.9,,,,,,,,7.8,,,,
1976-01-01,,,,26.9,,,,,43.9,,,,,,,,7.7,,,,
1975-12-01,,,,26.7,,,,,,,,,,,,,7.7,,,,
1975-11-01,,,,26.6,,,,,,,,,,,,,7.6,,,,
1975-10-01,,,,26.6,,,,,,,,,,,,,7.5,,,,
1975-09-01,,,,26.4,,,,,,,,,,,,,7.5,,,,
1975-08-01,,,,26.3,,,,,,,,,,,,,7.3,,,,
1975-07-01,,,,26.0,,,,,,,,,,,,,7.2,,,,
1975-06-01,,,,25.9,,,,,,,,,,,,,7.1,,,,
1975-05-01,,,,25.9,,,,,,,,,,,,,7.0,,,,
1975-04-01,,,,25.6,,,,,,,,,,,,,6.9,,,,
1975-03-01,,,,25.4,,,,,,,,,,,,,6.9,,,,
1975-02-01,,,,25.4,,,,,,,,,,,,,6.9,,,,
1975-01-01,,,,25.3,,,,,,,,,,,,,6.7,,,,
1974-12-01,,,,24.9,,,,,,,,,,,,,6.7,,,,
1974-11-01,,,,24.9,,,,,,,,,,,,,6.6,,,,
1974-10-01,,,,24.6,,,,,,,,,,,,,6.5,,,,
1974-09-01,,,,24.2,,,,,,,,,,,,,6.5,,,,
1974-08-01,,,,24.0,,,,,,,,,,,,,6.5,,,,
1974-07-01,,,,23.6,,,,,,,,,,,,,6.4,,,,
1974-06-01,,,,23.1,,,,,,,,,,,,,6.4,,,,
1974-05-01,,,,22.9,,,,,,,,,,,,,6.1,,,,
1974-04-01,,,,22.7,,,,,,,,,,,,,6.0,,,,
1974-03-01,,,,22.1,,,,,,,,,,,,,5.9,,,,
1974-02-01,,,,21.8,,,,,,,,,,,,,5.8,,,,
1974-01-01,,,,21.5,,,,,,,,,,,,,5.8,,,,
1973-12-01,,,,20.8,,,,,,,,,,,,,5.8,,,,
1973-11-01,,,,20.5,,,,,,,,,,,,,5.7,,,,
1973-10-01,,,,20.4,,,,,,,,,,,,,5.6,,,,
1973-09-01,,,,20.2,,,,,,,,,,,,,5.6,,,,
1973-08-01,,,,20.3,,,,,,,,,,,,,5.6,,,,
1973-07-01,,,,19.8,,,,,,,,,,,,,5.4,,,,
1973-06-01,,,,19.5,,,,,,,,,,,,,5.4,,,,
1973-05-01,,,,19.3,,,,,,,,,,,,,5.3,,,,
1973-04-01,,,,19.0,,,,,,,,,,,,,5.3,,,,
1973-03-01,,,,18.8,,,,,,,,,,,,,5.3,,,,
1973-02-01,,,,18.6,,,,,,,,,,,,,5.1,,,,
1973-01-01,,,,18.4,,,,,,,,,,,,,5.1,,,,
1972-12-01,,,,18.1,,,,,,,,,,,,,5.0,,,,
1972-11-01,,,,17.9,,,,,,,,,,,,,5.0,,,,
1972-10-01,,,,17.8,,,,,,,,,,,,,5.0,,,,
1972-09-01,,,,17.8,,,,,,,,,,,,,4.8,,,,
1972-08-01,,,,17.7,,,,,,,,,,,,,4.8,,,,
1972-07-01,,,,17.7,,,,,,,,,,,,,4.7,,,,
1972-06-01,,,,17.6,,,,,,,,,,,,,4.6,,,,
1972-05-01,,,,17.6,,,,,,,,,,,,,4.6,,,,
1972-04-01,,,,17.6,,,,,,,,,,,,,4.6,,,,
1972-03-01,,,,17.5,,,,,,,,,,,,,4.5,,,,
1972-02-01,,,,17.4,,,,,,,,,,,,,4.5,,,,
1972-01-01,,,,17.3,,,,,,,,,,,,,4.5,,,,
1971-12-01,,,,17.1,,,,,,,,,,,,,4.5,,,,
1971-11-01,,,,17.0,,,,,,,,,,,,,4.5,,,,
1971-10-01,,,,17.0,,,,,,,,,,,,,4.5,,,,
1971-09-01,,,,17.0,,,,,,,,,,,,,4.4,,,,
1971-08-01,,,,17.0,,,,,,,,,,,,,4.4,,,,
1971-07-01,,,,17.0,,,,,,,,,,,,,4.4,,,,
1971-06-01,,,,16.8,,,,,,,,,,,,,4.3,,,,
1971-05-01,,,,16.8,,,,,,,,,,,,,4.3,,,,
1971-04-01,,,,16.8,,,,,,,,,,,,,4.3,,,,
1971-03-01,,,,16.8,,,,,,,,,,,,,4.2,,,,
1971-02-01,,,,16.8,,,,,,,,,,,,,4.2,,,,
1971-01-01,,,,16.7,,,,,,,,,,,,,4.2,,,,
1970-12-01,,,,16.5,,,,,,,,,,,,,4.2,,,,
1970-11-01,,,,16.5,,,,,,,,,,,,,4.2,,,,
1970-10-01,,,,16.5,,,,,,,,,,,,,4.2,,,,
1970-09-01,,,,16.4,,,,,,,,,,,,,4.2,,,,
1970-08-01,,,,16.4,,,,,,,,,,,,,4.2,,,,
1970-07-01,,,,16.5,,,,,,,,,,,,,4.2,,,,
1970-06-01,,,,16.6,,,,,,,,,,,,,4.2,,,,
1970-05-01,,,,16.8,,,,,,,,,,,,,4.2,,,,
1970-04-01,,,,16.8,,,,,,,,,,,,,4.2,,,,
1970-03-01,,,,16.8,,,,,,,,,,,,,4.1,,,,
1970-02-01,,,,16.7,,,,,,,,,,,,,4.1,,,,
1970-01-01,,,,16.6,,,,,,,,,,,,,4.1,,,,
1969-12-01,,,,16.4,,,,,,,,,,,,,,,,,
1969-11-01,,,,16.3,,,,,,,,,,,,,,,,,
1969-10-01,,,,16.2,,,,,,,,,,,,,,,,,
1969-09-01,,,,16.2,,,,,,,,,,,,,,,,,
1969-08-01,,,,16.1,,,,,,,,,,,,,,,,,
1969-07-01,,,,16.1,,,,,,,,,,,,,,,,,
1969-06-01,,,,16.2,,,,,,,,,,,,,,,,,
1969-05-01,,,,16.1,,,,,,,,,,,,,,,,,
1969-04-01,,,,16.1,,,,,,,,,,,,,,,,,
1969-03-01,,,,16.1,,,,,,,,,,,,,,,,,
1969-02-01,,,,16.1,,,,,,,,,,,,,,,,,
1969-01-01,,,,15.9,,,,,,,,,,,,,,,,,
1968-12-01,,,,15.8,,,,,,,,,,,,,,,,,
1968-11-01,,,,15.8,,,,,,,,,,,,,,,,,
1968-10-01,,,,15.7,,,,,,,,,,,,,,,,,
1968-09-01,,,,15.7,,,,,,,,,,,,,,,,,
1968-08-01,,,,15.6,,,,,,,,,,,,,,,,,
1968-07-01,,,,15.6,,,,,,,,,,,,,,,,,
1968-06-01,,,,15.6,,,,,,,,,,,,,,,,,
1968-05-01,,,,15.5,,,,,,,,,,,,,,,,,
1968-04-01,,,,15.5,,,,,,,,,,,,,,,,,
1968-03-01,,,,15.6,,,,,,,,,,,,,,,,,
1968-02-01,,,,15.5,,,,,,,,,,,,,,,,,
1968-01-01,,,,15.5,,,,,,,,,,,,,,,,,
1967-12-01,,,,15.4,,,,,,,,,,,,,,,,,
1967-11-01,,,,15.4,,,,,,,,,,,,,,,,,
1967-10-01,,,,15.4,,,,,,,,,,,,,,,,,
1967-09-01,,,,15.4,,,,,,,,,,,,,,,,,
1967-08-01,,,,15.4,,,,,,,,,,,,,,,,,
1967-07-01,,,,15.4,,,,,,,,,,,,,,,,,
1967-06-01,,,,15.4,,,,,,,,,,,,,,,,,
1967-05-01,,,,15.4,,,,,,,,,,,,,,,,,
1967-04-01,,,,15.3,,,,,,,,,,,,,,,,,
1967-03-01,,,,15.3,,,,,,,,,,,,,,,,,
1967-02-01,,,,15.2,,,,,,,,,,,,,,,,,
1967-01-01,,,,15.1,,,,,,,,,,,,,,,,,
1966-12-01,,,,15.1,,,,,,,,,,,,,,,,,
1966-11-01,,,,15.1,,,,,,,,,,,,,,,,,
1966-10-01,,,,15.0,,,,,,,,,,,,,,,,,
1966-09-01,,,,15.1,,,,,,,,,,,,,,,,,
1966-08-01,,,,15.0,,,,,,,,,,,,,,,,,
1966-07-01,,,,15.0,,,,,,,,,,,,,,,,,
1966-06-01,,,,15.0,,,,,,,,,,,,,,,,,
1966-05-01,,,,15.0,,,,,,,,,,,,,,,,,
1966-04-01,,,,14.9,,,,,,,,,,,,,,,,,
1966-03-01,,,,15.0,,,,,,,,,,,,,,,,,
1966-02-01,,,,14.9,,,,,,,,,,,,,,,,,
1966-01-01,,,,14.8,,,,,,,,,,,,,,,,,
1965-12-01,,,,14.7,,,,,,,,,,,,,,,,,
1965-11-01,,,,14.7,,,,,,,,,,,,,,,,,
1965-10-01,,,,14.7,,,,,,,,,,,,,,,,,
1965-09-01,,,,14.7,,,,,,,,,,,,,,,,,
1965-08-01,,,,14.7,,,,,,,,,,,,,,,,,
1965-07-01,,,,14.7,,,,,,,,,,,,,,,,,
1965-06-01,,,,14.7,,,,,,,,,,,,,,,,,
1965-05-01,,,,14.5,,,,,,,,,,,,,,,,,
1965-04-01,,,,14.5,,,,,,,,,,,,,,,,,
1965-03-01,,,,14.5,,,,,,,,,,,,,,,,,
1965-02-01,,,,14.5,,,,,,,,,,,,,,,,,
1965-01-01,,,,14.4,,,,,,,,,,,,,,,,,
1964-12-01,,,,14.4,,,,,,,,,,,,,,,,,
1964-11-01,,,,14.4,,,,,,,,,,,,,,,,,
1964-10-01,,,,14.4,,,,,,,,,,,,,,,,,
1964-09-01,,,,14.4,,,,,,,,,,,,,,,,,
1964-08-01,,,,14.4,,,,,,,,,,,,,,,,,
1964-07-01,,,,14.4,,,,,,,,,,,,,,,,,
1964-06-01,,,,14.4,,,,,,,,,,,,,,,,,
1964-05-01,,,,14.4,,,,,,,,,,,,,,,,,
1964-04-01,,,,14.4,,,,,,,,,,,,,,,,,
1964-03-01,,,,14.4,,,,,,,,,,,,,,,,,
1964-02-01,,,,14.4,,,,,,,,,,,,,,,,,
1964-01-01,,,,14.4,,,,,,,,,,,,,,,,,
1963-12-01,,,,14.3,,,,,,,,,,,,,,,,,
1963-11-01,,,,14.4,,,,,,,,,,,,,,,,,
1963-10-01,,,,14.3,,,,,,,,,,,,,,,,,
1963-09-01,,,,14.3,,,,,,,,,,,,,,,,,
1963-08-01,,,,14.3,,,,,,,,,,,,,,,,,
1963-07-01,,,,14.3,,,,,,,,,,,,,,,,,
1963-06-01,,,,14.3,,,,,,,,,,,,,,,,,
1963-05-01,,,,14.2,,,,,,,,,,,,,,,,,
1963-04-01,,,,14.2,,,,,,,,,,,,,,,,,
1963-03-01,,,,14.2,,,,,,,,,,,,,,,,,
1963-02-01,,,,14.2,,,,,,,,,,,,,,,,,
1963-01-01,,,,14.2,,,,,,,,,,,,,,,,,
1962-12-01,,,,14.2,,,,,,,,,,,,,,,,,
1962-11-01,,,,14.2,,,,,,,,,,,,,,,,,
1962-10-01,,,,14.2,,,,,,,,,,,,,,,,,
1962-09-01,,,,14.2,,,,,,,,,,,,,,,,,
1962-08-01,,,,14.2,,,,,,,,,,,,,,,,,
1962-07-01,,,,14.2,,,,,,,,,,,,,,,,,
1962-06-01,,,,14.1,,,,,,,,,,,,,,,,,
1962-05-01,,,,14.1,,,,,,,,,,,,,,,,,
1962-04-01,,,,14.0,,,,,,,,,,,,,,,,,
1962-03-01,,,,14.0,,,,,,,,,,,,,,,,,
1962-02-01,,,,14.0,,,,,,,,,,,,,,,,,
1962-01-01,,,,14.0,,,,,,,,,,,,,,,,,
1961-12-01,,,,14.0,,,,,,,,,,,,,,,,,
1961-11-01,,,,13.9,,,,,,,,,,,,,,,,,
1961-10-01,,,,13.9,,,,,,,,,,,,,,,,,
1961-09-01,,,,13.9,,,,,,,,,,,,,,,,,
1961-08-01,,,,13.9,,,,,,,,,,,,,,,,,
1961-07-01,,,,13.9,,,,,,,,,,,,,,,,,
1961-06-01,,,,14.0,,,,,,,,,,,,,,,,,
1961-05-01,,,,13.8,,,,,,,,,,,,,,,,,
1961-04-01,,,,13.9,,,,,,,,,,,,,,,,,
1961-03-01,,,,13.8,,,,,,,,,,,,,,,,,
1961-02-01,,,,13.9,,,,,,,,,,,,,,,,,
1961-01-01,,,,13.9,,,,,,,,,,,,,,,,,
1960-12-01,,,,13.9,,,,,,,,,,,,,,,,,
1960-11-01,,,,13.8,,,,,,,,,,,,,,,,,
1960-10-01,,,,13.9,,,,,,,,,,,,,,,,,
1960-09-01,,,,13.9,,,,,,,,,,,,,,,,,
1960-08-01,,,,13.9,,,,,,,,,,,,,,,,,
1960-07-01,,,,13.9,,,,,,,,,,,,,,,,,
1960-06-01,,,,13.9,,,,,,,,,,,,,,,,,
1960-05-01,,,,13.8,,,,,,,,,,,,,,,,,
1960-04-01,,,,13.9,,,,,,,,,,,,,,,,,
1960-03-01,,,,13.8,,,,,,,,,,,,,,,,,
1960-02-01,,,,13.8,,,,,,,,,,,,,,,,,
1960-01-01,,,,13.9,,,,,,,,,,,,,,,,,
1959-12-01,,,,13.8,,,,,,,,,,,,,,,,,
1959-11-01,,,,13.8,,,,,,,,,,,,,,,,,
1959-10-01,,,,13.8,,,,,,,,,,,,,,,,,
1959-09-01,,,,13.9,,,,,,,,,,,,,,,,,
1959-08-01,,,,13.8,,,,,,,,,,,,,,,,,
1959-07-01,,,,13.8,,,,,,,,,,,,,,,,,
1959-06-01,,,,13.8,,,,,,,,,,,,,,,,,
1959-05-01,,,,13.8,,,,,,,,,,,,,,,,,
1959-04-01,,,,13.8,,,,,,,,,,,,,,,,,
1959-03-01,,,,13.8,,,,,,,,,,,,,,,,,
1959-02-01,,,,13.8,,,,,,,,,,,,,,,,,
1959-01-01,,,,13.8,,,,,,,,,,,,,,,,,
1958-12-01,,,,13.8,,,,,,,,,,,,,,,,,
1958-11-01,,,,13.8,,,,,,,,,,,,,,,,,
1958-10-01,,,,13.7,,,,,,,,,,,,,,,,,
1958-09-01,,,,13.7,,,,,,,,,,,,,,,,,
1958-08-01,,,,13.7,,,,,,,,,,,,,,,,,
1958-07-01,,,,13.7,,,,,,,,,,,,,,,,,
1958-06-01,,,,13.7,,,,,,,,,,,,,,,,,
1958-05-01,,,,13.7,,,,,,,,,,,,,,,,,
1958-04-01,,,,13.7,,,,,,,,,,,,,,,,,
1958-03-01,,,,13.7,,,,,,,,,,,,,,,,,
1958-02-01,,,,13.7,,,,,,,,,,,,,,,,,
1958-01-01,,,,13.7,,,,,,,,,,,,,,,,,
1957-12-01,,,,13.7,,,,,,,,,,,,,,,,,
1957-11-01,,,,13.7,,,,,,,,,,,,,,,,,
1957-10-01,,,,13.7,,,,,,,,,,,,,,,,,
1957-09-01,,,,13.7,,,,,,,,,,,,,,,,,
1957-08-01,,,,13.7,,,,,,,,,,,,,,,,,
1957-07-01,,,,13.7,,,,,,,,,,,,,,,,,
1957-06-01,,,,13.7,,,,,,,,,,,,,,,,,
1957-05-01,,,,13.7,,,,,,,,,,,,,,,,,
1957-04-01,,,,13.7,,,,,,,,,,,,,,,,,
1957-03-01,,,,13.7,,,,,,,,,,,,,,,,,
1957-02-01,,,,13.7,,,,,,,,,,,,,,,,,
1957-01-01,,,,13.7,,,,,,,,,,,,,,,,,
1956-12-01,,,,13.6,,,,,,,,,,,,,,,,,
1956-11-01,,,,13.6,,,,,,,,,,,,,,,,,
1956-10-01,,,,13.5,,,,,,,,,,,,,,,,,
1956-09-01,,,,13.5,,,,,,,,,,,,,,,,,
1956-08-01,,,,13.5,,,,,,,,,,,,,,,,,
1956-07-01,,,,13.4,,,,,,,,,,,,,,,,,
1956-06-01,,,,13.5,,,,,,,,,,,,,,,,,
1956-05-01,,,,13.4,,,,,,,,,,,,,,,,,
1956-04-01,,,,13.4,,,,,,,,,,,,,,,,,
1956-03-01,,,,13.4,,,,,,,,,,,,,,,,,
1956-02-01,,,,13.3,,,,,,,,,,,,,,,,,
1956-01-01,,,,13.3,,,,,,,,,,,,,,,,,
