DATE,AUS,CAN,CHL,COL,JPN,KOR,RUS,USA
2026-07-01,77.09666,75,,,,69.91663,,71.62794
2026-06-01,77.35899,74.7,,65.48649,80.45676,69.78541,,71.51053
2026-05-01,76.99722,74.6,64.46632,65.95854,80.68159,69.69511,,71.78596
2026-04-01,76.93171,74.3,64.33674,65.15826,80.53739,69.93695,,71.66775
2026-03-01,77.17122,74.3,64.22339,65.34128,80.22988,70.01905,,71.77748
2026-02-01,77.25548,74.2,64.14732,64.8823,80.34426,69.94877,,71.75286
2026-01-01,77.22336,74.5,64.3279,64.47997,80.13982,69.98322,,71.76307
2025-12-01,77.17689,74.5,64.36036,64.52882,80.353,69.88317,,71.83738
2025-11-01,76.87645,74.5,64.32569,65.16104,80.32565,69.90587,,71.74026
2025-10-01,77.10487,74.4,64.14322,64.59056,80.26323,69.86715,,71.75226
2025-09-01,77.03234,74.1,64.42867,64.46255,80.12074,70.10026,,71.72832
2025-08-01,77.07726,73.8,64.62384,64.01164,80.00969,69.7946,,71.64075
2025-07-01,77.28351,74,64.70814,64.73033,80.1955,69.89098,,71.57912
2025-06-01,77.15117,74.2,64.5551,64.17492,80.2019,69.87865,,71.74446
2025-05-01,77.26849,74,64.27831,63.96738,80.16569,69.96632,,71.64339
2025-04-01,77.40015,73.9,64.2399,63.96177,79.94389,69.86706,,71.90392
2025-03-01,76.88459,74.2,64.14047,64.16701,79.94357,69.70657,,71.7707
2025-02-01,77.13943,74.3,64.23361,64.06093,79.90726,69.6585,,71.76333
2025-01-01,77.58782,74.5,64.00349,64.31797,79.90394,69.65067,,71.92233
2024-12-01,77.36926,74.3,63.97816,63.36076,79.78373,69.61434,,71.90823
2024-11-01,77.17557,74.2,63.64761,63.19762,79.71572,69.61949,,71.69263
2024-10-01,77.22292,74.2,63.93105,62.6622,79.70238,69.62519,,71.74248
2024-09-01,77.32429,74.3,64.01089,62.98125,79.61177,69.60532,,71.92738
2024-08-01,77.23019,74.4,64.10872,63.74058,79.65276,69.69704,,71.78108
2024-07-01,77.16393,74.4,64.32726,63.04909,79.43354,69.40585,,71.8697
2024-06-01,76.86382,74.6,64.52533,62.50211,79.46522,69.45323,,71.86778
2024-05-01,76.88052,74.9,64.78571,63.13015,79.15959,69.44917,,71.82443
2024-04-01,76.75752,75.1,64.60515,62.71865,79.20263,69.56596,,71.95541
2024-03-01,76.70747,75.1,64.39806,62.2011,79.16327,69.48495,,71.94751
2024-02-01,76.96639,75.2,64.01186,62.30745,79.1628,69.48846,,71.81946
2024-01-01,76.70855,75.2,63.77901,62.40508,79.17987,69.50618,,71.88985
2023-12-01,76.92056,75.4,63.49255,62.25912,79.27581,69.46775,,71.80983
2023-11-01,77.27994,75.5,63.27762,62.75796,79.21346,69.3874,,72.18038
2023-10-01,77.13321,75.6,63.04051,62.4125,79.04531,69.53985,,72.02565
2023-09-01,77.06539,75.8,62.83408,63.54575,79.17435,69.3667,,72.07221
2023-08-01,77.31197,75.8,62.84545,63.55153,79.00068,69.46135,,72.13638
2023-07-01,77.20059,75.9,62.92077,64.1158,78.93102,69.23308,,72.0032
2023-06-01,77.25918,76,63.14292,63.76409,78.97011,69.40621,,72.03323
2023-05-01,77.40285,75.9,63.07723,62.64251,78.86007,69.36641,,71.92677
2023-04-01,77.18699,76.1,62.84635,63.08695,78.84232,69.02811,,71.9272
2023-03-01,77.33135,76.2,62.43089,63.30351,78.67034,69.04499,,71.85803
2023-02-01,76.9988,76.2,62.31784,62.45562,78.53909,68.74992,,71.73901
2023-01-01,77.07324,76.2,62.24204,61.77486,78.72657,68.68648,,71.61212
2022-12-01,77.15417,76,62.09959,62.17937,78.50031,68.78162,,71.59909
2022-11-01,77.30029,75.8,62.03195,61.5094,78.43697,68.71119,,71.32746
2022-10-01,77.13859,75.8,61.86987,61.65288,78.65795,68.72014,,71.30981
2022-09-01,77.12003,75.6,62.13754,62.2133,78.64093,68.69682,,71.42279
2022-08-01,77.31236,75.5,62.11975,61.9051,78.58649,68.75269,,71.50606
2022-07-01,77.11121,75.7,62.32429,61.92552,78.64395,68.69324,,71.35709
2022-06-01,77.13125,75.8,62.24163,61.39359,78.45849,68.60299,,71.26627
2022-05-01,76.76238,75.9,62.07255,62.01152,78.58105,68.6477,,71.36028
2022-04-01,76.57713,75.7,61.99289,61.35101,78.57465,68.39481,,71.17676
2022-03-01,76.46731,75.6,61.8209,61.12605,78.27684,68.23572,,71.23441
2022-02-01,76.37057,75.6,61.50432,61.54916,78.10419,68.12135,,70.8951
2022-01-01,76.14375,74.4,61.06013,60.30997,77.93102,67.78461,,70.70284
2021-12-01,75.89635,75.4,60.52679,59.87878,78.06272,67.53668,72.44117,70.80954
2021-11-01,75.50838,75.3,60.37932,58.96124,77.85036,67.21001,72.07891,70.64531
2021-10-01,73.40914,74.8,59.99882,58.0779,77.84545,67.02398,72.27254,70.24766
2021-09-01,73.69197,74.7,59.656,58.27611,77.93412,66.96976,72.09026,69.94389
2021-08-01,74.50802,74,59.0892,58.11242,78.03045,66.75656,71.93252,69.71773
2021-07-01,75.22952,73.7,58.63677,58.35599,78.08558,66.67036,71.87892,69.70444
2021-06-01,75.08379,73.3,57.91233,56.83055,77.78861,66.5665,71.63619,69.12867
2021-05-01,74.8986,72.3,57.0589,56.94899,77.74017,66.38303,71.67918,68.94581
2021-04-01,74.40141,72.4,56.88802,56.13947,77.87376,66.30962,70.83788,68.60886
2021-03-01,74.4192,73.1,57.14709,57.59878,77.83027,66.15067,70.30054,68.53782
2021-02-01,73.95698,72.2,57.36748,57.99513,77.80206,65.62165,70.28092,68.39892
2021-01-01,73.58348,71.2,57.20749,57.02342,77.69211,65.11729,70.20335,68.14214
2020-12-01,73.47755,72.1,56.88655,60.85484,77.51931,65.47455,69.79218,67.91862
2020-11-01,73.28349,72.4,56.41079,60.4466,77.62374,65.87891,69.8158,67.83929
2020-10-01,72.71243,72.3,55.97948,60.05391,77.26657,65.57028,69.65269,67.94354
2020-09-01,71.8959,72,54.55464,58.63565,77.201,65.46976,69.65942,66.94009
2020-08-01,72.0891,70.3,52.60545,57.12386,77.26883,65.78548,69.58098,66.90645
2020-07-01,71.31148,69.3,51.6003,53.42274,77.04816,65.61706,69.84879,65.41129
2020-06-01,70.49151,67.8,50.83316,53.42937,77.09474,65.52094,69.99348,64.80215
2020-05-01,69.20893,63.6,51.22849,50.87513,77.04176,65.40727,70.23037,62.19617
2020-04-01,70.86382,62.3,53.18184,48.79369,77.10003,65.29972,70.31918,60.14686
2020-03-01,74.16198,70,58.44107,60.83285,78.02127,65.89053,71.02122,70.52778
2020-02-01,74.17184,74.5,63.18051,64.46793,78.18633,67.03111,71.03609,71.79226
2020-01-01,74.28845,74.6,63.6276,65.01339,78.01588,67.37179,71.18118,71.74509
2019-12-01,74.30398,74.6,63.87758,65.29591,78.12164,67.21062,71.1747,71.70496
2019-11-01,74.04185,74.4,63.90211,65.42113,78.09858,66.93045,71.32532,71.71878
2019-10-01,74.05116,74.5,64.10252,65.40806,78.07295,67.01434,70.75903,71.73573
2019-09-01,74.30699,74.7,64.25388,64.93401,77.85778,66.90002,70.61958,71.72469
2019-08-01,74.29291,74.7,64.51495,64.71852,77.98288,66.89732,70.49442,71.43973
2019-07-01,74.08031,74.6,64.23673,65.1825,77.94797,66.70624,71.03953,71.27961
2019-06-01,73.97874,74.8,64.17821,66.08897,77.85311,66.74153,70.78321,71.28112
2019-05-01,73.96372,74.8,64.2473,65.25414,77.69826,66.71818,70.52859,71.11713
2019-04-01,74.03773,74.6,64.16598,64.79148,77.56033,66.70258,70.63426,71.10706
2019-03-01,73.98578,74.2,63.98214,65.8806,77.62256,66.76614,70.75203,71.06048
2019-02-01,73.90179,74.4,63.72429,65.65391,77.5779,66.63434,70.89857,71.03883
2019-01-01,73.95524,74.3,63.76189,65.83483,77.36536,66.65024,70.77908,70.99467
2018-12-01,73.81447,74.4,63.93134,66.60785,77.36575,66.59543,71.11704,71.00589
2018-11-01,73.74029,74.5,64.05801,65.29099,77.45458,66.65983,71.16428,70.99467
2018-10-01,73.64428,74.4,63.90499,66.03836,77.31413,66.53667,70.84167,70.9372
2018-09-01,73.57182,74.3,63.95521,66.51559,77.17871,66.55214,71.04712,70.77787
2018-08-01,73.62321,74,63.76407,67.01323,77.01994,66.31331,70.95319,70.57668
2018-07-01,73.37549,74.1,64.04115,66.87132,76.90456,66.50988,70.6873,70.8817
2018-06-01,73.4911,73.9,64.14778,66.74409,76.9119,66.61235,70.9472,70.72329
2018-05-01,73.1856,73.7,64.38932,66.55158,77.09586,66.59254,71.01126,70.71468
2018-04-01,73.22271,73.7,64.27065,67.16894,76.7366,66.74393,71.14962,70.5554
2018-03-01,73.27712,73.9,64.312,66.51796,76.59459,66.70583,71.03875,70.54276
2018-02-01,73.26794,73.7,64.18523,65.70923,76.38718,66.62685,71.02064,70.59659
2018-01-01,73.38794,73.8,64.16338,66.44536,76.3478,66.90744,70.89077,70.30228
2017-12-01,73.27988,74,64.16613,66.77502,75.9554,66.71431,70.5983,70.28961
2017-11-01,73.30561,73.9,64.17335,66.55404,75.82214,66.63921,70.50797,70.29928
2017-10-01,73.06055,73.6,64.20733,66.64075,75.73058,66.67187,70.51007,70.27278
2017-09-01,73.17101,73.5,64.07397,66.47488,75.61241,66.72688,70.53058,70.48409
2017-08-01,72.99441,73.6,64.28412,67.03404,75.50451,66.62959,70.25195,70.15741
2017-07-01,72.7675,73.6,64.30595,66.94588,75.4843,66.74298,69.94124,70.19682
2017-06-01,72.71081,73.5,64.06248,67.90798,75.37768,66.62659,70.03982,70.11312
2017-05-01,72.58191,73.4,63.8451,66.71134,75.13144,66.63307,70.01997,69.99329
2017-04-01,72.47688,73.3,63.83159,67.48157,75.08227,66.6765,70.3906,70.08181
2017-03-01,72.2728,73.3,63.45264,66.70436,74.91934,66.67963,70.44267,69.99682
2017-02-01,72.03134,73.2,63.31952,67.09266,74.86723,66.53996,70.06609,69.70994
2017-01-01,72.27048,73.2,63.01073,66.92895,74.96664,66.27037,70.33162,69.63657
2016-12-01,72.20132,72.8,63.34209,66.95853,74.93223,66.40199,70.53463,69.56547
2016-11-01,72.15692,72.8,63.3143,67.82862,74.72376,66.26131,70.30716,69.55278
2016-10-01,72.09418,72.8,63.49556,66.98605,74.88506,66.19258,70.03612,69.44273
2016-09-01,72.12667,72.6,63.43061,67.05294,74.80873,66.16315,70.15517,69.42983
2016-08-01,72.23573,72.5,63.5886,66.98827,74.64933,66.25859,70.0709,69.38901
2016-07-01,72.46815,72.3,63.59304,66.34403,74.52151,66.13647,69.96681,69.305
2016-06-01,72.44625,72.5,63.49086,67.13707,74.38315,66.02941,69.98061,69.21098
2016-05-01,72.37638,72.6,63.31311,66.93275,74.25884,65.8962,69.67014,69.28328
2016-04-01,72.42223,72.5,63.20588,67.51592,74.22512,65.78769,69.86757,69.16576
2016-03-01,72.5177,72.4,63.24051,66.33132,74.14157,65.78399,69.62389,69.27091
2016-02-01,72.57276,72.4,63.16905,67.40604,74.05359,65.94257,69.62168,69.25414
2016-01-01,72.57683,72.4,63.36969,66.95433,74.04347,66.05708,69.35509,69.18734
2015-12-01,72.57943,72.4,63.59246,67.56469,73.84592,66.15054,69.36617,69.0761
2015-11-01,72.50369,72.4,63.58002,68.34328,73.72637,66.00047,69.25329,68.88193
2015-10-01,72.44987,72.5,63.52949,67.63837,73.80431,66.0544,69.28281,68.73366
2015-09-01,72.08816,72.6,63.64762,67.21153,73.68971,66.03628,69.47026,68.65337
2015-08-01,72.06424,72.7,63.80507,67.21467,73.38473,65.88354,69.36519,68.77232
2015-07-01,72.1396,72.7,63.66125,67.55701,73.31151,65.92574,69.40703,68.64181
2015-06-01,72.04785,72.6,63.55233,67.48029,73.2621,65.73534,69.08883,68.69521
2015-05-01,72.12824,72.7,63.38213,67.38099,73.20156,65.79473,69.35669,68.8002
2015-04-01,71.87898,72.5,63.15719,67.01853,73.15466,65.77501,69.13078,68.67219
2015-03-01,71.99393,72.7,63.09573,67.41167,73.22842,65.73116,69.16305,68.4246
2015-02-01,71.90416,72.7,63.22772,66.83789,73.20069,65.95908,69.13797,68.52872
2015-01-01,71.65678,72.6,63.18557,67.00307,72.96139,65.87669,69.57787,68.53892
2014-12-01,71.70226,72.7,63.1349,66.38663,73.12813,65.68888,69.6367,68.47818
2014-11-01,71.31728,72.5,63.07899,67.17844,72.91967,65.68867,69.50588,68.52941
2014-10-01,71.38129,72.5,63.16209,67.35796,72.88074,65.61086,69.61832,68.58033
2014-09-01,71.44188,72.4,63.15296,67.30116,72.97026,65.68266,69.23896,68.28382
2014-08-01,71.52869,72.2,63.14543,66.87672,72.91001,65.79353,69.20523,68.24129
2014-07-01,71.5688,72.4,63.08083,66.44781,72.65437,65.62933,69.38483,68.1769
2014-06-01,71.56221,72.3,63.41154,66.59066,72.65355,65.36993,69.33216,68.16779
2014-05-01,71.42086,72.2,63.45416,66.82498,72.8258,65.30885,69.12259,68.02541
2014-04-01,71.58219,72.2,63.5523,66.43633,72.66867,65.6004,69.20197,67.92558
2014-03-01,71.7131,72.4,63.47747,66.30788,72.64981,65.38858,69.39017,67.91969
2014-02-01,71.49551,72.2,63.26509,66.09814,72.52308,65.57969,69.2099,67.67673
2014-01-01,71.5797,72.3,63.39937,66.73099,72.36742,65.45979,69.0729,67.70162
2013-12-01,71.42747,72.3,63.2209,66.81837,72.35802,65.12967,68.92801,67.53992
2013-11-01,71.66743,72.4,63.19756,65.80547,72.30845,65.11105,68.78699,67.45335
2013-10-01,71.80327,72.4,63.03149,66.92258,71.95322,65.029,68.7551,67.13532
2013-09-01,71.84572,72.4,63.16044,66.50488,71.94836,64.94962,68.55405,67.47858
2013-08-01,71.88383,72.5,63.20242,66.72203,71.90686,64.75188,68.74403,67.42311
2013-07-01,71.87846,72.5,63.38869,66.66881,71.93591,64.6545,68.60733,67.49311
2013-06-01,72.08939,72.6,63.28075,65.81476,71.83378,64.64268,68.47263,67.38238
2013-05-01,71.95758,72.7,63.25195,66.80151,71.54691,64.53035,68.63017,67.33331
2013-04-01,72.18159,72.6,63.18694,65.65326,71.5493,64.47109,68.96573,67.2587
2013-03-01,72.09151,72.6,63.06728,65.48049,71.35224,64.1647,69.19044,67.1794
2013-02-01,72.33344,72.9,62.94406,65.26796,71.20309,63.93549,69.18256,67.23569
2013-01-01,72.52547,72.7,62.68094,66.14547,71.23544,64.16359,69.11158,67.24985
2012-12-01,72.23874,72.7,62.6877,66.02416,70.792,64.13698,69.12783,67.3039
2012-11-01,72.20133,72.5,62.46041,65.3675,71.00715,64.30066,69.08337,67.28191
2012-10-01,72.25723,72.5,62.76609,65.9595,70.92163,64.42988,69.03013,67.50002
2012-09-01,72.3249,72.5,62.88445,65.38744,70.69135,64.44601,69.10302,67.32721
2012-08-01,72.227,72.3,63.01965,66.39315,70.69473,64.33617,69.06741,67.00313
2012-07-01,72.33271,72.1,62.71448,65.60992,70.70394,64.42509,69.12468,67.05515
2012-06-01,72.30525,72,62.653,66.77713,70.70785,64.45434,69.23065,67.13736
2012-05-01,72.49474,72.1,62.58093,66.02372,70.41167,64.55529,69.20368,67.05447
2012-04-01,72.37334,72.2,62.54007,65.73901,70.3866,64.34469,68.98707,66.91722
2012-03-01,72.48154,72,62.53485,66.66893,70.28823,64.35831,68.46115,66.98388
2012-02-01,72.28067,71.7,62.54139,66.04709,70.44722,64.2337,68.57664,66.95778
2012-01-01,72.60458,71.8,62.59858,66.21662,70.3997,64.10706,68.71185,66.92618
2011-12-01,72.25195,71.8,62.14239,65.91824,70.53893,64.23026,68.4912,66.85572
2011-11-01,72.49403,71.7,62.02196,66.06123,70.52012,64.1221,68.29269,66.81976
2011-10-01,72.58269,71.9,61.89415,66.57657,70.46018,64.14621,68.08437,66.68051
2011-09-01,72.66535,72,62.16488,65.52993,70.44664,63.49857,68.23623,66.68941
2011-08-01,72.58636,72,62.2431,64.49328,70.96188,64.12624,68.19801,66.66641
2011-07-01,72.63203,72,62.42659,64.56619,70.94753,63.98729,68.05397,66.41344
2011-06-01,72.70513,71.9,62.2468,64.2089,71.11006,64.11145,67.88795,66.41552
2011-05-01,72.58255,71.8,62.39339,64.17458,71.0781,64.04225,67.96685,66.53555
2011-04-01,72.66358,72,61.98166,63.755,71.02966,63.8384,67.73232,66.53638
2011-03-01,72.94194,71.9,61.68066,64.59678,71.02554,63.81469,68.00895,66.67792
2011-02-01,72.78056,72,61.50358,63.41402,70.80836,63.69113,67.82345,66.59302
2011-01-01,72.98653,72.1,61.289,64.6234,70.64646,63.38172,67.74868,66.68408
2010-12-01,72.98513,71.8,61.19258,63.38144,70.46342,63.6413,67.38218,66.48706
2010-11-01,72.8222,71.8,61.05011,63.56374,70.31327,63.50946,67.75577,66.36967
2010-10-01,72.67928,71.5,60.99729,63.405,70.41248,63.3992,67.69588,66.47077
2010-09-01,72.63602,71.6,60.78424,64.5421,70.50462,63.3222,67.61149,66.66123
2010-08-01,72.4677,71.6,60.83533,63.69509,70.36859,63.4889,67.39169,66.78984
2010-07-01,72.26258,71.7,60.17805,63.38359,70.33372,63.59657,67.45988,66.73944
2010-06-01,72.21754,71.7,59.96019,63.12971,70.02148,63.42515,67.5071,66.75412
2010-05-01,71.94964,71.5,59.61716,62.64778,70.10601,63.6447,67.14645,66.76106
2010-04-01,72.01629,71.5,59.16455,63.16695,70.10715,63.36865,67.10715,66.86173
2010-03-01,71.98829,71.3,59.17913,62.79228,70.23416,63.18513,66.97318,66.72414
2010-02-01,72.04369,71.3,58.89017,63.57876,70.24064,63.05353,66.88886,66.70393
2010-01-01,72.32781,71.4,56.55745,62.97046,70.29592,63.03046,66.73348,66.7542
2009-12-01,72.01279,71.3,56.44547,62.8973,70.11481,63.02789,67.13481,66.4023
2009-11-01,71.95113,71.4,56.35162,62.80386,70.03267,63.08434,66.81457,66.67661
2009-10-01,71.7864,71.1,56.22559,62.41147,70.09263,63.00546,66.9828,66.60828
2009-09-01,71.75134,71.2,56.06087,61.32926,70.15184,63.11255,66.85474,66.88178
2009-08-01,71.6599,71.1,55.88289,61.76252,70.1405,62.96657,66.76595,67.34036
2009-07-01,71.79949,71.1,55.79526,62.4292,69.88831,62.86573,,67.70138
2009-06-01,71.77695,71.3,55.76778,62.75476,69.93411,63.12896,,67.81255
2009-05-01,72.04062,71.5,55.7187,62.69574,69.99739,62.78129,,67.77036
2009-04-01,72.30272,71.6,55.88967,61.98449,70.15374,62.95764,,68.11447
2009-03-01,72.17233,71.8,56.10437,61.87215,70.17081,62.92095,,68.21036
2009-02-01,72.58242,72.1,56.29493,61.1175,70.56521,63.09835,,68.72041
2009-01-01,72.67688,72.4,56.44437,60.25238,70.83974,63.26551,,69.02503
2008-12-01,72.83773,73,56.76323,60.27637,70.75374,63.48043,,69.55118
2008-11-01,72.94866,73.1,57.28894,58.22584,71.04008,63.69369,,69.95471
2008-10-01,73.21171,73.4,57.36604,58.15835,70.93833,63.76201,,70.39041
2008-09-01,73.14419,73.3,57.36596,60.54855,70.8895,63.75194,,70.53935
2008-08-01,73.29488,73.4,57.29323,60.18089,70.87684,63.94299,,70.72832
2008-07-01,73.11721,73.3,57.39948,60.38895,70.76523,64.00909,,70.93727
2008-06-01,73.39081,73.5,57.39059,59.17904,70.9483,64.10204,,71.13414
2008-05-01,73.13516,73.5,57.19077,61.21502,70.95432,64.11427,,71.20379
2008-04-01,73.3708,73.5,57.24858,61.11666,70.93968,64.16972,,71.42309
2008-03-01,73.20853,73.8,57.21457,61.48019,70.87878,64.15553,,71.41061
2008-02-01,73.29548,73.8,57.27271,61.33462,70.66654,64.09506,,71.43192
2008-01-01,73.27369,73.7,57.17166,60.49231,70.7716,64.20389,,71.6757
2007-12-01,73.16579,73.7,57.16095,60.14047,71.07671,64.14024,,71.55939
2007-11-01,73.06016,73.7,56.57822,60.99389,71.00879,64.25488,,71.77398
2007-10-01,72.92779,73.6,56.28345,60.55603,70.69579,64.15501,,71.57529
2007-09-01,73.04939,73.5,56.00151,60.26702,70.61212,64.09731,,71.7067
2007-08-01,72.86276,73.6,56.01076,60.20235,70.81417,64.09063,,71.56232
2007-07-01,72.73808,73.6,56.0157,60.21341,70.96054,64.16335,,71.7369
2007-06-01,72.77758,73.4,56.23494,60.16424,70.99104,64.1305,,71.77469
2007-05-01,72.84477,73.3,56.36611,59.25503,70.93259,64.11269,,71.74704
2007-04-01,72.68616,73.3,56.5572,60.41965,70.85267,64.16145,,71.70671
2007-03-01,72.55651,73.4,56.4754,59.03041,70.61922,64.2373,,72.01844
2007-02-01,72.44698,73.3,56.36299,59.90719,70.4829,64.08745,,71.97395
2007-01-01,72.44383,73.3,56.01122,58.81941,70.21014,64.12268,,72.13628
2006-12-01,72.59686,73.1,55.92987,,70.21191,64.01441,,72.33293
2006-11-01,72.3744,72.8,55.99848,,70.23005,63.97876,,72.17725
2006-10-01,72.31068,72.9,55.93274,,70.21861,63.87109,,72.24423
2006-09-01,72.57038,72.9,55.69218,,70.16173,63.90565,,72.0537
2006-08-01,72.35288,72.8,55.43705,,70.12923,63.92605,,72.09349
2006-07-01,72.32821,73,55.38123,,70.03855,63.9221,,72.01457
2006-06-01,72.15754,73,55.31372,,69.98072,63.9608,,72.00614
2006-05-01,71.9587,73.1,55.36325,,70.08393,64.04952,,71.86351
2006-04-01,71.79074,72.9,55.35131,,69.89692,64.03711,,71.79726
2006-03-01,71.8177,72.8,55.2422,,69.88044,64.02475,,71.83674
2006-02-01,71.58723,72.6,55.18908,,69.91739,63.95425,,71.77306
2006-01-01,71.50729,72.6,55.04982,,69.67065,64.0464,,71.69231
2005-12-01,71.5929,72.5,54.90104,,69.47572,63.75798,,71.62861
2005-11-01,71.59824,72.6,54.58558,,69.30437,63.89199,,71.5549
2005-10-01,71.62688,72.5,54.4561,,69.62447,63.72971,,71.70013
2005-09-01,71.69399,72.4,54.44976,,69.79298,63.6331,,71.68389
2005-08-01,71.85826,72.5,54.3471,,69.50411,63.72367,,71.8213
2005-07-01,71.59589,72.4,54.4016,,69.52306,63.72373,,71.63564
2005-06-01,71.70728,72.3,54.44133,,69.4106,63.71062,,71.49358
2005-05-01,71.4539,72.3,54.42902,,69.35633,63.81862,,71.52935
2005-04-01,71.56979,72.4,54.52677,,69.19325,63.72819,,71.43893
2005-03-01,71.31715,72.4,54.41546,,69.07596,63.8707,,71.26153
2005-02-01,71.18993,72.5,54.41882,,68.99678,63.69617,,71.22437
2005-01-01,71.01505,72.6,54.41575,,69.20699,63.69496,,71.31814
2004-12-01,70.85587,72.5,,,69.026,63.92799,,71.29594
2004-11-01,70.83643,72.5,,,68.942,63.70164,,71.36078
2004-10-01,70.67536,72.5,,,69.02239,63.8207,,71.23061
2004-09-01,70.36221,72.5,,,68.96691,63.91381,,71.14873
2004-08-01,70.03843,72.4,,,68.96956,63.33858,,71.26559
2004-07-01,70.15635,72.5,,,68.74651,63.6117,,71.30507
2004-06-01,70.15985,72.6,,,68.64763,63.74485,,71.10478
2004-05-01,70.22897,72.6,,,68.63651,63.57068,,71.13805
2004-04-01,70.14849,72.5,,,68.71317,63.80681,,71.17971
2004-03-01,70.04868,72.4,,,68.73341,63.92608,,71.04604
2004-02-01,69.94279,72.4,,,68.68533,64.01956,,71.21505
2004-01-01,69.99108,72.4,,,68.69204,63.82835,,71.28214
2003-12-01,70.134,72.5,,,68.91304,63.32669,,71.11491
2003-11-01,69.97308,72.4,,,68.65524,63.04572,,71.1467
2003-10-01,70.09954,72.2,,,68.53061,62.96111,,71.05209
2003-09-01,70.00561,72.1,,,68.47101,62.82401,,70.91605
2003-08-01,69.97671,72.1,,,68.45705,62.9982,,71.00752
2003-07-01,69.58524,72.1,,,68.49181,63.10121,,70.98361
2003-06-01,69.76938,72,,,68.50533,62.89331,,71.21797
2003-05-01,69.93871,71.9,,,68.25241,62.94004,,71.21374
2003-04-01,69.85499,72,,,68.24496,62.93578,,71.376
2003-03-01,69.83887,72.2,,,68.38818,63.08001,,71.40524
2003-02-01,70.40631,72.3,,,68.31429,63.11313,,71.52348
2003-01-01,70.23392,72.1,,,68.28468,63.20543,,71.58734
2002-12-01,69.98227,72,,,68.3152,63.43393,,71.57361
2002-11-01,69.83396,71.9,,,68.4622,63.31705,,71.54439
2002-10-01,69.50635,71.7,,,68.37941,63.49565,,71.88531
2002-09-01,69.52474,71.8,,,68.25468,63.64605,,72.07958
2002-08-01,69.58136,71.8,,,68.29385,63.50728,,71.88718
2002-07-01,69.15564,71.5,,,68.29821,63.52321,,71.74158
2002-06-01,69.22408,71.4,,,68.15192,63.52848,,71.84956
2002-05-01,69.0388,71.2,,,68.02658,63.4119,,72.02187
2002-04-01,68.99464,71,,,68.31983,63.53465,,71.91371
2002-03-01,69.01913,70.9,,,68.44327,63.19723,,72.14172
2002-02-01,69.17014,70.6,,,68.39568,63.27725,,72.33614
2002-01-01,68.94833,70.6,,,68.42349,63.00318,,72.01353
2001-12-01,68.87424,70.4,,,68.37026,62.72704,,72.23517
2001-11-01,69.10672,70.7,,,68.59181,62.7578,,72.30058
2001-10-01,68.94445,70.7,,,68.49,62.58958,,72.45693
2001-09-01,68.92419,70.7,,,68.4135,62.59835,,72.80177
2001-08-01,69.15298,70.7,,,68.71078,62.49468,,72.56607
2001-07-01,69.02621,70.8,,,68.80355,62.44312,,73.12479
2001-06-01,69.08919,70.8,,,68.87142,62.39121,,73.14477
2001-05-01,69.13391,71,,,69.03918,62.43513,,73.39226
2001-04-01,69.195,71,,,69.00441,62.25113,,73.55711
2001-03-01,68.76264,71,,,69.13055,61.41221,,73.9259
2001-02-01,68.91811,71,,,69.4155,61.16113,,73.88625
2001-01-01,68.99938,71.1,,,69.23368,61.20675,,73.97256
2000-12-01,69.02549,71.2,,,69.11357,61.6252,,74.12772
2000-11-01,68.82385,71.1,,,69.19133,61.79858,,73.92383
2000-10-01,69.31293,71.1,,,69.19222,61.96022,,73.88251
2000-09-01,69.54196,70.9,,,69.06398,61.7319,,73.86272
2000-08-01,69.68185,70.8,,,68.98673,61.86205,,73.86838
2000-07-01,69.74458,70.8,,,68.97982,61.89002,,73.83061
2000-06-01,69.28629,70.9,,,68.97552,61.5057,,74.20921
2000-05-01,69.02042,70.9,,,69.11366,61.40853,,74.07467
2000-04-01,69.04266,70.9,,,68.97746,61.18527,,74.51861
2000-03-01,68.72755,70.9,,,68.69635,61.18688,,74.24184
2000-02-01,68.52449,70.9,,,68.71971,61.07631,,74.28498
2000-01-01,68.27922,70.8,,,68.86086,60.93486,,74.2726
1999-12-01,68.69744,70.7,,,68.98549,60.99512,,74.11276
1999-11-01,68.50414,70.5,,,69.03738,60.93952,,74.03518
1999-10-01,68.47217,70.3,,,68.9497,60.80334,,73.94112
1999-09-01,68.24376,70.2,,,69.1776,60.67038,,73.82016
1999-08-01,68.26869,70.1,,,69.09322,60.02597,,73.90855
1999-07-01,68.26891,70.1,,,68.78661,59.52136,,73.87495
1999-06-01,68.21065,69.9,,,68.8633,59.58417,,73.8976
1999-05-01,67.96497,69.9,,,69.04544,,,73.98528
1999-04-01,68.02188,69.8,,,69.0562,,,73.81277
1999-03-01,68.05848,69.6,,,69.09782,,,73.93665
1999-02-01,67.96468,69.6,,,69.03114,,,73.94302
1999-01-01,67.9414,69.7,,,69.13172,,,74.09297
1998-12-01,68.02196,69.4,,,69.24488,,,74.05324
1998-11-01,67.94005,69.4,,,69.25673,,,73.92613
1998-10-01,68.16244,69.3,,,69.32988,,,73.86383
1998-09-01,68.08173,69.2,,,69.35771,,,73.92321
1998-08-01,67.84969,69.1,,,69.47444,,,73.80708
1998-07-01,67.69283,68.9,,,69.53028,,,73.72742
1998-06-01,67.77507,68.7,,,69.59748,,,73.80091
1998-05-01,67.75109,68.7,,,69.63921,,,73.88918
1998-04-01,67.66252,68.8,,,69.5419,,,73.86692
1998-03-01,67.47926,68.7,,,69.76288,,,73.8029
1998-02-01,67.57276,68.6,,,69.87402,,,73.77776
1998-01-01,67.51773,68.3,,,70.13103,,,73.70628
1997-12-01,67.49059,68.5,,,70.00645,,,73.74387
1997-11-01,67.66349,68.4,,,69.84282,,,73.82069
1997-10-01,67.30739,68.4,,,70.11568,,,73.65652
1997-09-01,67.36222,68.3,,,70.08163,,,73.64306
1997-08-01,67.00958,68.3,,,70.057,,,73.76198
1997-07-01,67.16923,68,,,70.20676,,,73.6702
1997-06-01,67.21052,67.9,,,70.20342,,,73.45776
1997-05-01,67.26526,67.7,,,70.05184,,,73.49783
1997-04-01,67.26792,67.5,,,70.10772,,,73.3624
1997-03-01,67.36608,67.6,,,70.07658,,,73.36324
1997-02-01,67.45181,67.5,,,70.1156,,,73.07404
1997-01-01,67.50255,67.5,,,69.9165,,,73.03687
1996-12-01,67.51328,67.3,,,69.7022,,,73.11279
1996-11-01,67.36204,67.2,,,69.71466,,,73.15915
1996-10-01,67.47157,67.1,,,69.66965,,,73.28692
1996-09-01,67.41245,67.1,,,69.7766,,,73.17107
1996-08-01,67.6169,67.5,,,69.7135,,,73.05309
1996-07-01,67.65871,67.4,,,69.80203,,,72.98986
1996-06-01,67.71969,67.4,,,69.65195,,,72.83914
1996-05-01,67.78921,67.4,,,69.35489,,,72.70627
1996-04-01,67.79611,67.4,,,69.45801,,,72.55418
1996-03-01,67.69801,67.3,,,69.50903,,,72.60312
1996-02-01,67.9664,67.5,,,69.24036,,,72.51696
1996-01-01,67.99084,67.4,,,69.19854,,,72.33028
1995-12-01,68.05789,67.5,,,69.20719,,,72.36101
1995-11-01,68.11972,67.4,,,69.17212,,,72.48071
1995-10-01,67.61321,67.6,,,69.27336,,,72.56911
1995-09-01,67.75091,67.5,,,69.40742,,,72.49076
1995-08-01,67.9895,67.4,,,69.21134,,,72.47182
1995-07-01,67.69239,67.4,,,69.28157,,,72.55521
1995-06-01,67.74901,67.5,,,69.234,,,72.43981
1995-05-01,67.56724,67.4,,,69.22279,,,72.40144
1995-04-01,67.54537,67.6,,,69.22006,,,72.60579
1995-03-01,67.15199,67.7,,,69.25845,,,72.69643
1995-02-01,67.23085,67.6,,,69.27972,,,72.73208
1995-01-01,66.87212,67.7,,,69.25542,,,72.57922
1994-12-01,66.83215,67.7,,,69.24074,,,72.68394
1994-11-01,66.51751,67.8,,,69.29091,,,72.61172
1994-10-01,66.48469,67.5,,,69.21819,,,72.44757
1994-09-01,66.53999,67.5,,,69.20099,,,72.23289
1994-08-01,66.2045,67.3,,,69.30312,,,72.09421
1994-07-01,66.3844,67.2,,,69.29899,,,71.84562
1994-06-01,65.81154,67,,,69.41438,,,71.80747
1994-05-01,65.73035,66.9,,,69.60352,,,71.95549
1994-04-01,65.39507,66.6,,,69.51902,,,71.6436
1994-03-01,65.40993,66.5,,,69.29578,,,71.54346
1994-02-01,65.34918,66.5,,,69.28441,,,71.66375
1994-01-01,65.18614,66.3,,,69.45941,,,71.55988
1993-12-01,65.0719,66.4,,,69.5917,,,71.60548
1993-11-01,65.06884,66.6,,,69.59426,,,71.45827
1993-10-01,64.99935,66.5,,,69.61094,,,71.22894
1993-09-01,64.60139,66.5,,,69.5444,,,71.20173
1993-08-01,64.51447,66.4,,,69.6132,,,71.39677
1993-07-01,64.40819,66.4,,,69.59084,,,71.35323
1993-06-01,64.41344,66.4,,,69.51406,,,71.34805
1993-05-01,64.39458,66.3,,,69.53735,,,71.20795
1993-04-01,64.41927,66.4,,,69.59339,,,70.91854
1993-03-01,64.57212,66.6,,,69.48113,,,71.00572
1993-02-01,64.283,66.7,,,69.48714,,,70.94682
1993-01-01,64.88496,66.6,,,69.65665,,,70.84635
1992-12-01,64.47856,66.5,,,69.86007,,,70.77273
1992-11-01,64.30581,66.5,,,69.92042,,,70.66164
1992-10-01,64.8486,66.6,,,69.90466,,,70.62953
1992-09-01,64.81463,66.5,,,69.64928,,,70.76867
1992-08-01,65.12727,66.4,,,69.67403,,,70.93764
1992-07-01,65.03737,66.7,,,69.54669,,,71.12164
1992-06-01,64.91212,66.7,,,69.59153,,,70.95888
1992-05-01,64.83961,66.9,,,69.64721,,,70.81976
1992-04-01,64.98467,67,,,69.69433,,,70.85314
1992-03-01,65.04039,67,,,69.79501,,,70.69359
1992-02-01,65.25869,67.3,,,69.98194,,,70.64677
1992-01-01,65.16379,67.4,,,69.65703,,,70.81703
1991-12-01,65.14749,67.6,,,69.78902,,,70.55948
1991-11-01,65.10747,67.8,,,69.69773,,,70.71658
1991-10-01,65.25282,68.2,,,69.545,,,70.83891
1991-09-01,65.50381,68.1,,,69.58728,,,70.97475
1991-08-01,65.50488,68.2,,,69.53413,,,70.7693
1991-07-01,65.5444,68.3,,,69.40336,,,70.98663
1991-06-01,65.92307,68.4,,,69.49471,,,71.04691
1991-05-01,66.17481,68.4,,,69.35423,,,70.84918
1991-04-01,66.30336,68.4,,,69.26744,,,71.21989
1991-03-01,66.39825,68.2,,,69.2794,,,71.04214
1991-02-01,66.93834,68.5,,,69.26778,,,71.1811
1991-01-01,66.88786,68.8,,,69.27705,,,71.35146
1990-12-01,67.55146,69.2,,,69.06549,,,71.57665
1990-11-01,67.64538,69.5,,,69.03452,,,71.60124
1990-10-01,67.7869,69.9,,,69.0218,,,71.94145
1990-09-01,68.04283,70.2,,,68.98997,,,71.9577
1990-08-01,68.34428,70.4,,,68.72912,,,72.11868
1990-07-01,68.73933,70.5,,,68.8507,,,72.29002
1990-06-01,68.70013,70.6,,,68.67435,,,72.43468
1990-05-01,68.76502,70.5,,,68.82253,,,72.49603
1990-04-01,68.63306,70.8,,,68.63838,,,72.32452
1990-03-01,68.70577,70.7,,,68.79072,,,72.51134
1990-02-01,68.63056,70.9,,,68.63042,,,72.46493
1990-01-01,68.71203,70.8,,,68.42375,,,72.48214
1989-12-01,68.69881,70.8,,,68.4041,,,72.5798
1989-11-01,68.91158,70.8,,,68.31435,,,72.72163
1989-10-01,68.43063,70.8,,,68.20792,,,72.57079
1989-09-01,68.55449,70.8,,,68.10127,,,72.47932
1989-08-01,68.5514,70.9,,,68.16061,,,72.70281
1989-07-01,68.30484,70.7,,,68.28155,,,72.61031
1989-06-01,68.12692,70.7,,,68.28193,,,72.58397
1989-05-01,68.18627,70.6,,,68.07106,,,72.38455
1989-04-01,67.89652,70.7,,,68.00253,,,72.3681
1989-03-01,67.71935,70.9,,,67.87801,,,72.40259
1989-02-01,67.58793,70.7,,,67.86792,,,72.30267
1989-01-01,67.22498,70.7,,,67.71346,,,72.27728
1988-12-01,67.08018,70.4,,,67.72132,,,72.10693
1988-11-01,66.87111,70.2,,,67.50687,,,72.03127
1988-10-01,66.65958,70.1,,,67.45277,,,71.94499
1988-09-01,66.74672,69.9,,,67.49711,,,71.80758
1988-08-01,66.46864,70,,,67.51259,,,71.80019
1988-07-01,66.33577,70,,,67.51617,,,71.69395
1988-06-01,66.27254,69.9,,,67.52825,,,71.58807
1988-05-01,66.12808,70,,,67.52751,,,71.33228
1988-04-01,66.31761,70,,,67.47723,,,71.53143
1988-03-01,66.12167,69.9,,,67.29649,,,71.26263
1988-02-01,65.87158,69.9,,,67.20605,,,71.37766
1988-01-01,66.10966,69.7,,,67.3912,,,71.32894
1987-12-01,65.75355,69.7,,,67.42319,,,71.28859
1987-11-01,65.04243,69.4,,,67.36282,,,71.1675
1987-10-01,65.23204,69.2,,,67.22374,,,71.1079
1987-09-01,65.13155,68.9,,,67.28389,,,70.91161
1987-08-01,65.3667,68.7,,,67.33301,,,71.01095
1987-07-01,65.68446,68.6,,,67.07184,,,70.7909
1987-06-01,65.35786,68.5,,,67.0201,,,70.58302
1987-05-01,65.1405,68.5,,,66.96004,,,70.81664
1987-04-01,65.11116,68.2,,,67.01171,,,70.49382
1987-03-01,65.09255,68,,,67.02955,,,70.32143
1987-02-01,65.07259,67.8,,,66.91594,,,70.28933
1987-01-01,64.9598,67.6,,,66.88691,,,70.16512
1986-12-01,65.15365,67.6,,,66.95979,,,70.08926
1986-11-01,65.00555,67.6,,,67.11612,,,69.97823
1986-10-01,65.16587,67.5,,,67.23417,,,69.96966
1986-09-01,65.09107,67.4,,,67.17019,,,69.84991
1986-08-01,64.99683,67.4,,,67.30092,,,69.89451
1986-07-01,65.23324,67.4,,,67.29363,,,69.77849
1986-06-01,65.48993,67.5,,,67.21391,,,69.71815
1986-05-01,65.22973,67.4,,,67.12154,,,69.42168
1986-04-01,65.30042,67.5,,,67.20924,,,69.35777
1986-03-01,64.778,67.1,,,67.32085,,,69.42513
1986-02-01,64.79107,67.1,,,67.41734,,,69.24554
1986-01-01,64.74125,67.1,,,67.42562,,,69.4584
1985-12-01,64.44768,66.9,,,66.96268,,,69.34232
1985-11-01,64.77203,66.6,,,67.21373,,,69.29749
1985-10-01,63.92569,66.3,,,67.29898,,,69.25261
1985-09-01,64.1182,66.2,,,67.39539,,,69.22646
1985-08-01,63.92049,66.2,,,67.30267,,,68.97363
1985-07-01,63.64878,66.1,,,67.32877,,,68.82412
1985-06-01,63.43471,65.9,,,67.24129,,,68.66597
1985-05-01,63.38644,65.9,,,67.44923,,,68.93227
1985-04-01,63.15834,65.6,,,67.53397,,,68.94466
1985-03-01,63.09248,65.5,,,67.37903,,,69.01985
1985-02-01,63.43291,65.4,,,67.54538,,,68.81931
1985-01-01,62.98292,65.3,,,67.69115,,,68.71453
1984-12-01,62.93878,65.1,,,67.61741,,,68.61345
1984-11-01,62.99028,64.9,,,67.64342,,,68.51929
1984-10-01,62.92575,64.9,,,67.73827,,,68.37455
1984-09-01,62.94176,64.9,,,67.75487,,,68.35314
1984-08-01,62.84165,64.7,,,67.51452,,,68.22193
1984-07-01,63.04141,64.8,,,67.48578,,,68.41655
1984-06-01,62.9361,64.7,,,67.58684,,,68.5717
1984-05-01,62.84526,64.3,,,67.4093,,,68.30714
1984-04-01,62.67682,64.1,,,67.45347,,,67.85046
1984-03-01,62.66564,64.2,,,67.39921,,,67.66708
1984-02-01,62.19865,64.3,,,67.3715,,,67.57758
1984-01-01,62.21144,64.2,,,67.28329,,,67.22411
1983-12-01,62.26245,64.4,,,67.50437,,,67.13145
1983-11-01,62.11262,64.3,,,67.65349,,,66.97739
1983-10-01,61.82729,64.3,,,67.69747,,,66.57705
1983-09-01,61.74876,64.4,,,67.70869,,,66.63393
1983-08-01,61.69012,64.2,,,67.73827,,,66.44845
1983-07-01,61.76082,63.9,,,67.80304,,,66.25894
1983-06-01,61.65001,63.7,,,67.81073,,,65.94045
1983-05-01,61.73489,63.3,,,67.83576,,,65.21791
1983-04-01,61.49123,63.2,,,67.65525,,,65.27348
1983-03-01,61.81537,63,,,67.76112,,,65.18076
1983-02-01,62.20296,62.8,,,67.72555,,,65.23651
1983-01-01,62.3699,62.7,,,67.74698,,,65.35583
1982-12-01,62.40678,62.7,,,67.76717,,,65.04858
1982-11-01,63.06766,62.7,,,67.40175,,,65.15545
1982-10-01,63.64798,62.8,,,67.29242,,,65.30216
1982-09-01,63.66649,62.9,,,67.11726,,,65.60004
1982-08-01,64.01714,63.1,,,67.10862,,,65.7599
1982-07-01,64.14467,63.5,,,67.04379,,,65.67025
1982-06-01,64.27749,63.9,,,67.08733,,,65.70425
1982-05-01,64.54754,64.5,,,67.3553,,,66.05618
1982-04-01,64.84486,64.8,,,67.35694,,,65.93076
1982-03-01,64.83998,65.4,,,67.49232,,,66.12843
1982-02-01,64.9406,65.6,,,67.39211,,,66.28876
1982-01-01,65.27633,65.9,,,67.26722,,,66.32395
1981-12-01,64.95691,66.1,,,67.32107,,,66.22868
1981-11-01,64.99676,66.6,,,67.33143,,,66.64378
1981-10-01,65.19853,66.7,,,67.07041,,,66.84486
1981-09-01,65.49953,66.9,,,67.07674,,,66.81292
1981-08-01,65.3862,67.3,,,67.24287,,,67.13969
1981-07-01,65.34296,67.3,,,67.13255,,,67.15374
1981-06-01,65.5079,67.5,,,67.07294,,,66.95674
1981-05-01,65.42977,67.4,,,67.02112,,,67.50948
1981-04-01,65.45966,67.2,,,67.23554,,,67.64722
1981-03-01,65.2325,67.1,,,67.08205,,,67.40746
1981-02-01,65.32693,67.2,,,66.98943,,,67.27061
1981-01-01,65.31572,66.8,,,67.10619,,,67.23736
1980-12-01,65.29211,66.5,,,67.04227,,,67.05859
1980-11-01,65.24905,66.5,,,67.01704,,,67.00523
1980-10-01,65.07524,66.4,,,67.11898,,,66.94473
1980-09-01,65.26385,66.2,,,67.32111,,,66.90704
1980-08-01,65.3508,66,,,67.2581,,,66.64303
1980-07-01,65.37067,65.8,,,67.26936,,,66.77175
1980-06-01,65.1549,65.9,,,67.2482,,,66.82423
1980-05-01,65.19152,65.7,,,66.94188,,,66.98019
1980-04-01,65.01333,66,,,66.98888,,,67.38695
1980-03-01,64.97158,65.9,,,66.98347,,,67.73444
1980-02-01,64.91682,66,,,67.03033,,,67.95502
1980-01-01,64.82112,66.1,,,67.02475,,,67.98946
1979-12-01,64.64591,66,,,66.98436,,,68.23506
1979-11-01,64.76955,66,,,67.12365,,,67.9937
1979-10-01,64.52595,65.9,,,67.28878,,,68.05475
1979-09-01,64.2421,65.7,,,66.95704,,,68.17914
1979-08-01,64.28435,65.8,,,67.16104,,,67.77432
1979-07-01,64.21761,65.6,,,67.14619,,,67.97333
1979-06-01,64.31433,65.3,,,67.11909,,,67.80925
1979-05-01,64.12289,65.2,,,67.16341,,,67.69936
1979-04-01,64.0869,64.9,,,66.90415,,,67.74706
1979-03-01,64.09422,64.9,,,66.78828,,,67.95458
1979-02-01,64.2623,64.7,,,67.00595,,,67.89259
1979-01-01,64.1944,64.8,,,67.07648,,,67.78361
1978-12-01,64.2535,64.5,,,66.85885,,,67.70437
1978-11-01,64.1159,64.4,,,66.8009,,,67.68174
1978-10-01,64.26372,64.3,,,66.74771,,,67.63197
1978-09-01,64.29341,64,,,66.58646,,,67.42278
1978-08-01,64.38044,64,,,66.55944,,,67.2887
1978-07-01,64.41186,63.9,,,66.64072,,,67.05338
1978-06-01,64.51305,63.6,,,66.97541,,,67.29015
1978-05-01,64.54423,63.4,,,66.95818,,,66.99637
1978-04-01,64.49491,63.4,,,66.67622,,,66.93955
1978-03-01,64.24757,63.3,,,66.68905,,,66.56063
1978-02-01,64.29648,63.2,,,66.64169,,,66.43626
1978-01-01,,63,,,66.47488,,,66.42548
1977-12-01,,63,,,66.71723,,,66.3738
1977-11-01,,62.9,,,66.60427,,,66.11588
1977-10-01,,62.9,,,66.38607,,,65.80962
1977-09-01,,62.8,,,66.52676,,,65.69836
1977-08-01,,62.8,,,66.38226,,,65.5663
1977-07-01,,62.8,,,66.48151,,,65.38144
1977-06-01,,62.9,,,66.27568,,,65.47758
1977-05-01,,63.1,,,66.3171,,,65.26382
1977-04-01,,63.1,,,66.57329,,,65.16001
1977-03-01,,63,,,66.29596,,,64.91043
1977-02-01,,63.1,,,66.23912,,,64.68546
1977-01-01,,63.2,,,66.33887,,,64.5756
1976-12-01,,63.3,,,66.33559,,,
1976-11-01,,63.1,,,66.10494,,,
1976-10-01,,62.9,,,66.07476,,,
1976-09-01,,63.1,,,66.23661,,,
1976-08-01,,63,,,66.23306,,,
1976-07-01,,63,,,66.05984,,,
1976-06-01,,63.1,,,65.71485,,,
1976-05-01,,63.2,,,65.70396,,,
1976-04-01,,63.3,,,65.96436,,,
1976-03-01,,63.2,,,66.28459,,,
1976-02-01,,63.1,,,66.21583,,,
1976-01-01,,63,,,66.14984,,,
1975-12-01,,,,,66.19371,,,
1975-11-01,,,,,65.98423,,,
1975-10-01,,,,,65.93742,,,
1975-09-01,,,,,66.06901,,,
1975-08-01,,,,,66.18297,,,
1975-07-01,,,,,66.1505,,,
1975-06-01,,,,,66.10661,,,
1975-05-01,,,,,66.23407,,,
1975-04-01,,,,,65.82259,,,
1975-03-01,,,,,66.03366,,,
1975-02-01,,,,,66.00481,,,
1975-01-01,,,,,66.03405,,,
1974-12-01,,,,,66.22121,,,
1974-11-01,,,,,66.49059,,,
1974-10-01,,,,,66.53471,,,
1974-09-01,,,,,66.6519,,,
1974-08-01,,,,,66.57641,,,
1974-07-01,,,,,66.47369,,,
1974-06-01,,,,,66.91464,,,
1974-05-01,,,,,67.15731,,,
1974-04-01,,,,,67.41325,,,
1974-03-01,,,,,67.33948,,,
1974-02-01,,,,,67.28546,,,
1974-01-01,,,,,67.18662,,,
1973-12-01,,,,,67.30843,,,
1973-11-01,,,,,67.90876,,,
1973-10-01,,,,,68.19447,,,
1973-09-01,,,,,67.64254,,,
1973-08-01,,,,,67.51958,,,
1973-07-01,,,,,67.79391,,,
1973-06-01,,,,,67.70382,,,
1973-05-01,,,,,67.21018,,,
1973-04-01,,,,,67.57266,,,
1973-03-01,,,,,67.79673,,,
1973-02-01,,,,,68.2132,,,
1973-01-01,,,,,68.18217,,,
1972-12-01,,,,,67.88177,,,
1972-11-01,,,,,67.25491,,,
1972-10-01,,,,,67.36137,,,
1972-09-01,,,,,67.21288,,,
1972-08-01,,,,,67.3852,,,
1972-07-01,,,,,67.25015,,,
1972-06-01,,,,,67.02715,,,
1972-05-01,,,,,67.22074,,,
1972-04-01,,,,,67.17039,,,
1972-03-01,,,,,67.16113,,,
1972-02-01,,,,,67.44952,,,
1972-01-01,,,,,67.5936,,,
1971-12-01,,,,,67.5451,,,
1971-11-01,,,,,67.6009,,,
1971-10-01,,,,,67.371,,,
1971-09-01,,,,,67.42426,,,
1971-08-01,,,,,67.693,,,
1971-07-01,,,,,67.79627,,,
1971-06-01,,,,,67.85915,,,
1971-05-01,,,,,67.88738,,,
1971-04-01,,,,,68.15742,,,
1971-03-01,,,,,68.45998,,,
1971-02-01,,,,,67.99753,,,
1971-01-01,,,,,68.09196,,,
1970-12-01,,,,,68.05076,,,
1970-11-01,,,,,67.69946,,,
1970-10-01,,,,,67.83239,,,
1970-09-01,,,,,68.16444,,,
1970-08-01,,,,,67.97912,,,
1970-07-01,,,,,68.24289,,,
1970-06-01,,,,,68.21164,,,
1970-05-01,,,,,68.16378,,,
1970-04-01,,,,,68.20661,,,
1970-03-01,,,,,68.15265,,,
1970-02-01,,,,,68.03943,,,
1970-01-01,,,,,67.91756,,,
