date,USA,CHN,EA,CAN,JPN,UK
2026-05-01,,353668.892,16381796.0,,1298093.2,3221332.0
2026-04-01,22804.5,353042.521,16288727.0,2816934.0,1295619.0,3205902.0
2026-03-01,22686.4,353863.653,16282533.0,2796379.0,1279509.4,3196991.0
2026-02-01,22627.3,349215.991,16244995.0,2787597.0,1274737.8,3177037.0
2026-01-01,22442.1,347186.039,16203232.0,2778164.0,1279060.1,3164861.0
2025-12-01,22366.2,340294.806,16077211.0,2779326.0,1278911.5,3193774.0
2025-11-01,22280.9,336989.052,16024579.0,2776745.0,1276686.6,3186973.0
2025-10-01,22260.1,335131.231,15900932.0,2772010.0,1270197.5,3168498.0
2025-09-01,22188.6,335377.1,15788703.0,2738161.0,1270845.5,3169295.0
2025-08-01,22105.5,331983.144,15754917.0,2736766.0,1271230.3,3138769.0
2025-07-01,22046.6,329942.906,15736526.0,2719825.0,1269611.5,3140100.0
2025-06-01,21967.8,330286.817,15722965.0,2723745.0,1268127.6,3115372.0
2025-05-01,21849.5,325783.811,15723268.0,2715612.0,1267043.0,3112859.0
2025-04-01,21792.0,325173.932,15688716.0,2702153.0,1266178.3,3114021.0
2025-03-01,21657.8,326055.457,15658278.0,2695496.0,1254612.5,3112537.0
2025-02-01,21587.5,320517.324,15622800.0,2689800.0,1253231.2,3113003.0
2025-01-01,21519.7,318524.718,15581930.0,2679786.0,1259458.4,3110677.0
2024-12-01,21458.4,313607.14,15603787.0,2654380.0,1257603.6,3090118.0
2024-11-01,21440.0,311958.727,15530867.0,2643312.0,1254927.1,3074786.0
2024-10-01,21337.0,309709.201,15430200.0,2636445.0,1250064.1,3068858.0
2024-09-01,21289.0,309479.824,15400882.0,2604045.0,1251704.7,3046534.0
2024-08-01,21204.7,305046.127,15328063.0,2578920.0,1254835.1,3029410.0
2024-07-01,21122.6,303306.078,15257981.0,2578789.0,1256913.9,3040177.0
2024-06-01,21094.6,305016.154,15283438.0,2572656.0,1257442.0,3069911.0
2024-05-01,21032.0,301850.673,15179106.0,2551791.0,1258886.6,3035270.0
2024-04-01,20969.9,301194.2,15142798.0,2529513.0,1259989.0,3034758.0
2024-03-01,20943.8,304795.22,15118968.0,2520816.0,1244308.1,3033018.0
2024-02-01,20903.0,299557.3,15103809.0,2505169.0,1238711.1,3015976.0
2024-01-01,20815.3,297625.02,15083328.0,2489421.0,1243088.6,2998438.0
2023-12-01,20745.1,292271.33,15111993.0,2487335.0,1240974.2,3021543.0
2023-11-01,20743.4,291201.42,15036237.0,2484199.0,1239905.5,2996743.0
2023-10-01,20737.1,288227.61,15039414.0,2471001.0,1235313.7,2994037.0
2023-09-01,20771.8,289665.91,15062795.0,2449753.0,1236361.9,3003337.0
2023-08-01,20792.5,286934.33,15038755.0,2439979.0,1238526.6,3006604.0
2023-07-01,20815.5,285403.16,15063603.0,2423488.0,1238893.6,3004906.0
2023-06-01,20823.8,287302.38,15086706.0,2410432.0,1239232.4,3012843.0
2023-05-01,20840.8,282050.47,15105451.0,2412202.0,1236042.8,3018277.0
2023-04-01,20770.4,280846.93,15120271.0,2420034.0,1232693.9,3011599.0
2023-03-01,20917.4,281456.63,15178734.0,2429503.0,1213440.6,3015065.0
2023-02-01,21226.9,275524.92,15222184.0,2432173.0,1209138.6,3053448.0
2023-01-01,21249.4,273807.21,15269069.0,2420393.0,1213245.5,3056668.0
2022-12-01,21266.4,266432.08,15237981.0,2400024.0,1212830.1,3032898.0
2022-11-01,21408.6,264700.85,15312129.0,2385870.0,1212493.5,3068976.0
2022-10-01,21465.8,261291.46,15373322.0,2378328.0,1206440.8,3075025.0
2022-09-01,21560.6,262660.09,15422178.0,2373550.0,1207550.0,3194882.0
2022-08-01,21644.0,259506.83,15377648.0,2359208.0,1208820.2,3078622.0
2022-07-01,21676.5,257807.86,15238354.0,2362369.0,1208801.6,3046415.0
2022-06-01,21676.8,258145.12,15140759.0,2357290.0,1207817.8,3041015.0
2022-05-01,21723.2,252702.62,15073693.0,2350789.0,1204283.3,3010840.0
2022-04-01,21780.3,249971.09,15025587.0,2346408.0,1201849.9,3008132.0
2022-03-01,21749.8,249768.83,14976033.0,2355959.0,1183317.1,2993837.0
2022-02-01,21712.7,244148.89,14912392.0,2348788.0,1178900.9,2960950.0
2022-01-01,21614.0,243102.27,14830219.0,2332852.0,1181317.9,2949192.0
2021-12-01,21494.0,238289.96,14712119.0,2318095.0,1178208.6,2953901.0
2021-11-01,21337.9,235601.28,14613302.0,2309136.0,1175667.2,2950080.0
2021-10-01,21168.0,233616.05,14566489.0,2287480.0,1170564.7,2930213.0
2021-09-01,21004.6,234282.97,14492634.0,2278001.0,1169150.1,2919280.0
2021-08-01,20837.0,231226.77,14422526.0,2277096.0,1168840.5,2873293.0
2021-07-01,20654.4,230215.38,14331372.0,2256451.0,1169005.6,2873943.0
2021-06-01,20499.2,231778.84,14232234.0,2233602.0,1169090.1,2869543.0
2021-05-01,20457.0,227553.81,14155412.0,2223565.0,1167541.3,2852170.0
2021-04-01,20189.0,226210.71,14066290.0,2203197.0,1161779.7,2852462.0
2021-03-01,19852.2,227648.85,14019911.0,2185317.0,1143637.5,2833788.0
2021-02-01,19628.2,223603.03,13914884.0,2174863.0,1138474.8,2824560.0
2021-01-01,19392.5,221304.73,13827290.0,2152303.0,1140019.4,2806285.0
2020-12-01,19165.9,218679.59,13742922.0,2131015.0,1135968.0,2791409.0
2020-11-01,19012.1,217200.26,13636887.0,2120187.0,1130600.1,2756419.0
2020-10-01,18783.4,214972.04,13541984.0,2102061.0,1123256.7,2744293.0
2020-09-01,18628.8,216408.48,13448249.0,2074711.0,1121959.3,2717032.0
2020-08-01,18396.3,213683.69,13347514.0,2053965.0,1116805.3,2706141.0
2020-07-01,18330.1,212545.85,13289697.0,2021471.0,1110277.5,2702269.0
2020-06-01,18173.5,213494.87,13220879.0,1997392.0,1103649.4,2686987.0
2020-05-01,17886.4,210018.37,13130131.0,1960663.0,1081269.9,2682201.0
2020-04-01,17039.1,209353.38,12975064.0,1922016.0,1063003.7,2636330.0
2020-03-01,16025.9,208092.34,12793133.0,1866350.0,1044289.9,2599798.0
2020-02-01,15497.1,203083.04,12487012.0,1822928.0,1038481.0,2481974.0
2020-01-01,15443.2,202306.65,12416744.0,1815141.0,1041614.8,2456996.0
2019-12-01,15373.7,198648.88,12377539.0,1805258.0,1040421.4,2444907.0
2019-11-01,15305.1,196142.96,12376509.0,1784654.0,1036538.1,2432024.0
2019-10-01,15197.3,194560.06,12337796.0,1773005.0,1030409.1,2420417.0
2019-09-01,15062.4,195225.05,12279671.0,1757906.0,1029566.8,2431424.0
2019-08-01,14964.1,193549.24,12239218.0,1744725.0,1028420.5,2430763.0
2019-07-01,14881.8,191941.08,12137470.0,1730215.0,1029043.5,2418749.0
2019-06-01,14798.6,192136.02,12070935.0,1719669.0,1028961.1,2416545.0
2019-05-01,14678.3,189115.37,12032382.0,1714722.0,1028631.0,2405771.0
2019-04-01,14579.0,188467.03,11966973.0,1709293.0,1025219.1,2413025.0
2019-03-01,14550.5,188941.21,11891739.0,1702641.0,1012505.0,2412732.0
2019-02-01,14506.7,186742.75,11809936.0,1688339.0,1009769.7,2402910.0
2019-01-01,14471.5,186593.53,11749319.0,1683959.0,1014797.3,2407009.0
2018-12-01,14407.5,182674.42,11711034.0,1673427.0,1014242.9,2414033.0
2018-11-01,14285.7,181317.51,11667007.0,1652681.0,1010504.9,2414904.0
2018-10-01,14265.4,179556.16,11622671.0,1639459.0,1007439.6,2416773.0
2018-09-01,14253.8,180166.56,11560774.0,1630234.0,1006590.0,2390035.0
2018-08-01,14219.4,178867.04,11513477.0,1627432.0,1005658.2,2375376.0
2018-07-01,14171.1,177619.61,11495367.0,1616215.0,1006802.8,2372226.0
2018-06-01,14137.7,177017.84,11493439.0,1608465.0,1006629.6,2372907.0
2018-05-01,14077.4,174306.38,11421681.0,1598824.0,1003151.1,2371806.0
2018-04-01,14021.4,173768.37,11338310.0,1598364.0,1001086.7,2350991.0
2018-03-01,14003.5,173985.95,11291178.0,1598398.0,989090.3,2346065.0
2018-02-01,13947.2,172907.01,11279345.0,1593488.0,986577.3,2358701.0
2018-01-01,13910.2,172081.45,11269445.0,1590269.0,991700.9,2357078.0
2017-12-01,13899.7,167676.85,11208278.0,1585745.0,990572.1,2345469.0
2017-11-01,13841.3,167001.34,11176686.0,1574987.0,987484.7,2344958.0
2017-10-01,13808.1,165343.42,11139576.0,1570298.0,981305.9,2340477.0
2017-09-01,13748.9,165566.21,11095402.0,1562476.0,978822.5,2339670.0
2017-08-01,13699.8,164515.66,11066852.0,1555592.0,977621.6,2332634.0
2017-07-01,13640.4,162899.66,11008582.0,1554451.0,978148.6,2310630.0
2017-06-01,13583.3,163128.25,10988182.0,1551765.0,976358.3,2315666.0
2017-05-01,13561.4,160136.04,10928508.0,1546176.0,972366.3,2308989.0
2017-04-01,13508.7,159633.19,10912228.0,1532423.0,970289.6,2301643.0
2017-03-01,13452.7,159960.96,10881654.0,1521199.0,959762.9,2293710.0
2017-02-01,13391.8,158291.31,10814115.0,1513143.0,956129.2,2286957.0
2017-01-01,13324.3,157594.56,10759056.0,1515097.0,959048.7,2280936.0
2016-12-01,13248.7,155006.67,10710530.0,1498820.0,956342.7,2280373.0
2016-11-01,13204.0,153043.21,10662425.0,1495912.0,949450.9,2277793.0
2016-10-01,13130.0,151948.54,10591645.0,1484308.0,942938.1,2290612.0
2016-09-01,13056.7,151636.05,10569166.0,1473602.0,940743.0,2276324.0
2016-08-01,12995.8,151098.29,10528589.0,1461886.0,939994.2,2269543.0
2016-07-01,12911.3,149155.87,10502607.0,1450911.0,940495.9,2255346.0
2016-06-01,12856.9,149049.18,10452292.0,1428874.0,939459.9,2245805.0
2016-05-01,12796.3,146169.51,10423954.0,1419809.0,936834.0,2179647.0
2016-04-01,12728.7,144520.96,10383940.0,1412193.0,933748.3,2178830.0
2016-03-01,12649.6,144619.8,10342705.0,1405027.0,921435.2,2182493.0
2016-02-01,12599.1,142461.87,10320213.0,1400091.0,918340.8,2181768.0
2016-01-01,12526.2,141631.96,10268839.0,1391381.0,922655.4,2158598.0
2015-12-01,12387.9,139227.81,10217313.0,1380572.0,920647.6,2132115.0
2015-11-01,12317.0,137395.6,10182417.0,1377121.0,914592.8,2121245.0
2015-10-01,12225.2,136102.07,10124558.0,1368472.0,910577.7,2124900.0
2015-09-01,12173.9,135982.41,10060424.0,1366811.0,909690.4,2112454.0
2015-08-01,12112.0,135690.8,10030998.0,1356127.0,911208.1,2103049.0
2015-07-01,12067.0,135321.09,10012113.0,1345086.0,910244.7,2102109.0
2015-06-01,12023.2,133337.54,9947884.0,1329858.0,909008.7,2088358.0
2015-05-01,11982.6,130735.76,9909778.0,1322154.0,907002.7,2089747.0
2015-04-01,11954.6,128077.91,9865617.0,1320890.0,904070.4,2094470.0
2015-03-01,11920.5,127533.28,9815782.0,1316790.0,894313.1,2087938.0
2015-02-01,11922.8,125738.05,9761926.0,1312747.0,890858.3,2070372.0
2015-01-01,11805.2,124271.02,9745960.0,1306212.0,894657.8,2074060.0
2014-12-01,11717.6,122837.48,9676028.0,1302464.0,893135.3,2079660.0
2014-11-01,11634.2,120860.6,9559214.0,1296727.0,885400.0,2068443.0
2014-10-01,11593.1,119923.63,9500212.0,1295199.0,878803.4,2061185.0
2014-09-01,11519.1,120205.14,9482753.0,1289603.0,876715.2,2073922.0
2014-08-01,11477.3,119749.91,9433034.0,1279946.0,875162.9,2065799.0
2014-07-01,11453.0,119424.92,9390708.0,1270210.0,875707.7,2065074.0
2014-06-01,11398.1,120958.72,9362807.0,1265809.0,875353.9,2063900.0
2014-05-01,11342.8,118229.4,9337820.0,1261583.0,871609.1,2072593.0
2014-04-01,11277.7,116881.27,9287884.0,1256512.0,872830.8,2078049.0
2014-03-01,11232.6,116068.74,9284719.0,1254128.0,863443.9,2083816.0
2014-02-01,11196.8,113176.08,9267544.0,1251016.0,861107.7,2110108.0
2014-01-01,11130.8,112352.12,9239268.0,1251738.0,865888.2,2091779.0
2013-12-01,11060.1,110652.5,9212026.0,1243567.0,862767.4,2077965.0
2013-11-01,10995.6,107925.71,9235023.0,1235685.0,855015.7,2101201.0
2013-10-01,10986.3,107024.22,9219721.0,1226705.0,852088.2,2104018.0
2013-09-01,10862.0,107737.92,9198843.0,1221461.0,850791.3,2090450.0
2013-08-01,10801.2,106125.64,9183775.0,1216053.0,849890.9,2106087.0
2013-07-01,10742.8,105221.23,9147571.0,1205447.0,850540.1,2099806.0
2013-06-01,10703.3,105440.37,9126627.0,1200066.0,849637.9,2086257.0
2013-05-01,10646.1,104216.92,9129445.0,1194040.0,844030.5,2080974.0
2013-04-01,10611.3,103255.19,9108326.0,1195531.0,843733.5,2080107.0
2013-03-01,10583.8,103585.84,9079682.0,1189872.0,833873.5,2074105.0
2013-02-01,10527.5,99860.08,9049240.0,1179367.0,828280.5,2075472.0
2013-01-01,10508.1,99212.93,9014275.0,1169988.0,829955.4,2056082.0
2012-12-01,10484.1,97414.88,8998474.0,1161595.0,827692.3,2043030.0
2012-11-01,10361.9,94483.24,8975122.0,1158280.0,819391.3,2019948.0
2012-10-01,10292.4,93640.43,8948155.0,1150318.0,818376.4,2021369.0
2012-09-01,10226.1,94368.88,8875881.0,1140167.0,819272.6,2023670.0
2012-08-01,10145.6,92489.46,8846566.0,1140742.0,819127.4,2024856.0
2012-07-01,10074.5,91907.24,8829323.0,1135610.0,819976.0,2029128.0
2012-06-01,10021.6,92499.12,8779098.0,1127759.0,818542.6,2028216.0
2012-05-01,9951.4,90004.88,8746773.0,1116754.0,815705.6,2036856.0
2012-04-01,9907.7,88960.4,8704188.0,1109651.0,817857.8,2032859.0
2012-03-01,9853.9,89556.55,8723292.0,1102820.0,809270.7,2023116.0
2012-02-01,9809.8,86717.14,8679871.0,1097482.0,804769.0,2016078.0
2012-01-01,9757.6,85589.89,8644031.0,1101467.0,808274.3,2049611.0
2011-12-01,9683.9,85159.09,8607320.0,1092865.0,806921.4,2034802.0
2011-11-01,9636.5,82549.39,8588089.0,1087142.0,802442.3,2075041.0
2011-10-01,9584.4,81682.92,8572193.0,1081489.0,800282.8,2069745.0
2011-09-01,9551.5,78740.62,8593759.0,1072342.0,800007.7,2091388.0
2011-08-01,9531.0,78085.23,8558299.0,1056451.0,799723.4,2090029.0
2011-07-01,9344.2,77292.37,8509521.0,1050254.0,801721.4,2078923.0
2011-06-01,9182.1,78082.09,8495988.0,1047329.0,800516.2,2082975.0
2011-05-01,9107.8,76340.92,8480338.0,1042253.0,798320.1,2085722.0
2011-04-01,9035.1,75738.46,8456009.0,1039526.0,797076.3,2084310.0
2011-03-01,8971.5,75813.09,8458122.0,1037827.0,786081.1,2083207.0
2011-02-01,8913.3,73613.09,8444617.0,1033383.0,781829.0,2059930.0
2011-01-01,8849.0,73388.48,8436054.0,1030655.0,784399.1,2065769.0
2010-12-01,8823.2,72585.18,8423299.0,1026441.0,782287.5,2079357.0
2010-11-01,8789.0,71033.9,8404159.0,1021885.0,778897.8,2083815.0
2010-10-01,8768.4,69977.67,8387527.0,1021701.0,778469.9,2092557.0
2010-09-01,8718.7,69647.15,8367910.0,1017370.0,778863.8,2081947.0
2010-08-01,8687.9,68750.69,8367919.0,1012078.0,778965.7,2080846.0
2010-07-01,8639.5,67405.15,8331067.0,1007970.0,778807.9,2090088.0
2010-06-01,8628.1,67392.17,8314433.0,1002970.0,778428.0,2092720.0
2010-05-01,8609.0,66335.14,8283333.0,997332.0,777364.1,2090510.0
2010-04-01,8554.8,65656.12,8264563.0,989926.0,775967.5,2075359.0
2010-03-01,8523.5,64994.75,8230444.0,986502.0,766219.3,2103619.0
2010-02-01,8527.3,63607.23,8228832.0,983599.0,763565.6,2119913.0
2010-01-01,8477.7,62560.93,8220765.0,975773.0,766855.6,2092214.0
2009-12-01,8512.2,61022.45,8207839.0,973415.0,764435.2,1900322.0
2009-11-01,8517.0,59460.47,8181093.0,970851.0,759286.8,1899014.0
2009-10-01,8487.9,58664.33,8195862.0,965962.0,757448.8,1897816.0
2009-09-01,8461.6,58540.53,8189516.0,960900.0,757758.2,1860642.0
2009-08-01,8463.0,57669.9,8176976.0,956161.0,757911.4,1837589.0
2009-07-01,8463.5,57310.29,8184207.0,947686.0,758172.1,1825958.0
2009-06-01,8459.3,56891.62,8155197.0,939155.0,756465.1,1813702.0
2009-05-01,8449.2,54826.35,8140833.0,933532.0,753954.4,1821239.0
2009-04-01,8391.1,54048.12,8145669.0,929833.0,754219.5,1828401.0
2009-03-01,8386.4,53062.67,8093515.0,923083.0,746284.5,1852108.0
2009-02-01,8319.3,50670.81,8112143.0,911816.0,743234.5,1839390.0
2009-01-01,8289.0,49613.53,8089401.0,903968.0,744735.9,1847957.0
2008-12-01,8204.7,47516.66,8041762.0,890217.0,741732.5,1837748.0
2008-11-01,8027.0,45864.47,8035211.0,874577.0,734996.0,1793260.0
2008-10-01,7974.9,45313.33,8010727.0,857769.0,732532.2,1742693.0
2008-09-01,7872.4,45289.87,7865188.0,844338.0,735856.9,1688573.0
2008-08-01,7805.8,44884.67,7787840.0,833368.0,737173.2,1680167.0
2008-07-01,7791.2,44636.22,7750811.0,825736.0,738143.5,1674025.0
2008-06-01,7743.9,44314.1,7700435.0,820945.0,737829.8,1671195.0
2008-05-01,7725.2,43622.16,7674618.0,814551.0,734298.2,1659713.0
2008-04-01,7712.5,42931.37,7616022.0,808895.0,734591.9,1653930.0
2008-03-01,7670.0,42305.45,7536659.0,802004.0,729947.4,1642426.0
2008-02-01,7604.0,42103.78,7505318.0,792462.0,727661.7,1619399.0
2008-01-01,7517.5,41781.87,7440745.0,789173.0,730445.7,1614372.0
2007-12-01,7483.9,40344.22,7356073.0,780159.0,728558.8,1552675.0
2007-11-01,7453.6,39975.79,7323179.0,773993.0,722066.2,1539771.0
2007-10-01,7428.1,39420.42,7267682.0,770498.0,719343.6,1528879.0
2007-09-01,7413.0,39309.89,7161755.0,771869.0,720192.1,1539188.0
2007-08-01,7394.8,38720.52,7100108.0,767172.0,719815.6,1538627.0
2007-07-01,7318.7,38388.49,7057569.0,762391.0,722881.1,1513131.0
2007-06-01,7287.8,37783.22,6987296.0,753228.0,721636.7,1498640.0
2007-05-01,7254.6,36971.82,6917829.0,747290.0,719519.2,1480535.0
2007-04-01,7240.7,36732.65,6850746.0,746726.0,721096.7,1459155.0
2007-03-01,7168.2,36409.37,6825507.0,743457.0,713841.5,1441746.0
2007-02-01,7134.3,35865.93,6739280.0,738881.0,710892.3,1419636.0
2007-01-01,7118.3,35149.88,6705357.0,736336.0,715142.3,1400249.0
2006-12-01,7080.1,34560.36,6663329.0,732122.0,713793.4,1399077.0
2006-11-01,7037.2,33750.42,6556170.0,727459.0,707825.1,1373386.0
2006-10-01,7001.7,33274.72,6500180.0,722293.0,705977.5,1362030.0
2006-09-01,6952.4,33186.54,6486139.0,715455.0,708193.3,1341631.0
2006-08-01,6925.1,32788.57,6406721.0,709202.0,707307.0,1321688.0
2006-07-01,6893.6,32401.08,6369246.0,702908.0,708518.6,1310767.0
2006-06-01,6851.8,32275.64,6363553.0,697101.0,708588.8,1297930.0
2006-05-01,6813.7,31670.98,6317503.0,692890.0,709318.1,1279272.0
2006-04-01,6806.9,31370.23,6295495.0,690916.0,712911.0,1275400.0
2006-03-01,6769.3,31049.07,6222149.0,686912.0,706119.5,1261489.0
2006-02-01,6754.7,30451.63,6175649.0,683062.0,703796.1,1252382.0
2006-01-01,6730.1,30357.17,6124570.0,676375.0,708779.5,1232663.0
2005-12-01,6687.8,29875.57,6093186.0,671891.0,708989.9,1227196.0
2005-11-01,6660.7,29235.04,6027064.0,667046.0,703601.4,1212607.0
2005-10-01,6643.9,28759.16,6001860.0,663687.0,702174.6,1202510.0
2005-09-01,6610.1,28743.83,5980748.0,659252.0,704618.4,1193431.0
2005-08-01,6576.3,28128.82,5914509.0,655137.0,704374.7,1173273.0
2005-07-01,6543.5,27696.63,5885266.0,653297.0,705060.4,1176616.0
2005-06-01,6511.7,27578.55,5824959.0,653626.0,700681.9,1163883.0
2005-05-01,6479.0,26924.05,5762299.0,653021.0,700316.9,1156692.0
2005-04-01,6461.8,26699.27,5721454.0,650004.0,701535.6,1141186.0
2005-03-01,6448.3,26458.89,5679341.0,647648.0,696511.9,1126562.0
2005-02-01,6438.9,25935.73,5653315.0,645747.0,692050.2,1114310.0
2005-01-01,6430.8,25770.85,5623288.0,640875.0,696571.2,1109643.0
2004-12-01,6424.5,25320.77,5573540.0,635233.0,696062.2,1098019.0
2004-11-01,6406.3,24713.56,5542737.0,629528.0,689478.6,1093117.0
2004-10-01,6379.8,24374.03,5518152.0,626622.0,689050.6,1081769.0
2004-09-01,6352.2,24375.69,5484081.0,623563.0,690728.2,1073501.0
2004-08-01,6317.8,23972.92,5438154.0,623669.0,693368.9,1065148.0
2004-07-01,6291.1,23812.7,5421035.0,621347.0,693787.5,1052995.0
2004-06-01,6277.9,23842.75,5385279.0,619665.0,689482.4,1047414.0
2004-05-01,6275.7,23484.24,5355734.0,615387.0,690384.3,1032370.0
2004-04-01,6198.9,23362.79,5341144.0,612585.0,689188.3,1029000.0
2004-03-01,6157.9,23165.46,5316424.0,609773.0,682591.6,1019766.0
2004-02-01,6121.8,22705.07,5281581.0,604870.0,679776.7,1014005.0
2004-01-01,6082.1,22510.19,5259980.0,603150.0,683311.9,1007003.0
2003-12-01,6073.8,22122.28,5238327.0,598107.0,682584.0,997800.0
2003-11-01,6075.5,21635.17,5217471.0,594698.0,675728.4,988249.0
2003-10-01,6070.0,21446.94,5200531.0,591443.0,675573.1,978389.0
2003-09-01,6079.7,21356.71,5167505.0,591013.0,676845.9,971864.0
2003-08-01,6107.1,21059.19,5160933.0,587823.0,680734.4,968750.0
2003-07-01,6049.1,20619.31,5123636.0,584715.0,681305.5,963569.0
2003-06-01,6002.2,20490.74,5096544.0,578862.0,677755.0,958836.0
2003-05-01,5965.3,19950.52,5088934.0,575443.0,677086.9,951022.0
2003-04-01,5905.5,19613.01,5048210.0,573864.0,676706.7,947276.0
2003-03-01,5868.4,19448.73,5000011.0,571313.0,674083.7,940346.0
2003-02-01,5848.2,19010.84,4968610.0,569806.0,671495.2,943640.0
2003-01-01,5812.1,19054.51,4922129.0,566685.0,675662.3,931920.0
2002-12-01,5779.4,18500.7,4915147.0,563618.0,675654.0,932671.0
2002-11-01,5758.1,17973.63,4890882.0,562379.0,668521.0,930771.0
2002-10-01,5707.1,17729.42,4847022.0,560690.0,668564.5,927161.0
2002-09-01,5662.3,17698.52,4821013.0,555860.0,668093.9,917409.0
2002-08-01,5638.3,17325.09,4785365.0,553147.0,670921.7,917803.0
2002-07-01,5596.0,17085.11,4761547.0,550448.0,672710.9,909067.0
2002-06-01,5553.3,16960.12,4735880.0,547075.0,669187.8,902989.0
2002-05-01,5528.3,16602.3,4719009.0,544635.0,669639.7,899856.0
2002-04-01,5502.1,16457.06,4697507.0,545554.0,670732.6,894479.0
2002-03-01,5502.0,16406.46,4662027.0,543983.0,662835.1,892127.0
2002-02-01,5490.2,16093.56,4650397.0,541449.0,658715.6,887720.0
2002-01-01,5460.9,15963.93,4645232.0,538462.0,662789.2,885573.0
2001-12-01,5440.5,15830.19,4615510.0,537884.0,661315.6,892156.0
2001-11-01,5387.5,15408.83,4588671.0,535473.0,647546.5,887311.0
2001-10-01,5343.8,15149.73,4553696.0,531066.0,647099.9,886022.0
2001-09-01,5355.1,15182.02,4533918.0,527610.0,647134.9,879756.0
2001-08-01,5243.8,14994.18,4501923.0,520759.0,648809.5,867440.0
2001-07-01,5210.0,14922.87,4481145.0,520335.0,651374.9,865043.0
2001-06-01,5180.1,14780.97,4467986.0,518020.0,647315.3,853101.0
2001-05-01,5137.2,13901.58,4429759.0,521538.0,647165.0,850877.0
2001-04-01,5139.1,13994.99,4412550.0,519198.0,647820.7,849698.0
2001-03-01,5074.8,13874.45,4382791.0,518685.0,639252.4,848586.0
2001-02-01,5017.0,13621.02,4363192.0,515321.0,636337.9,833752.0
2001-01-01,4978.3,13754.36,4340387.0,510442.0,640458.1,834630.0
2000-12-01,4927.6,13461.03,4226952.0,510405.0,640175.7,825855.0
2000-11-01,4882.7,13099.41,4226830.0,505093.0,628384.3,816897.0
2000-10-01,4871.3,12952.24,4225858.0,504302.0,628894.5,812534.0
2000-09-01,4855.2,13047.38,4212330.0,501894.0,627128.5,804945.0
2000-08-01,4819.5,12779.03,4209465.0,499188.0,630220.7,801135.0
2000-07-01,4791.3,12632.39,4183450.0,497053.0,632664.2,793502.0
2000-06-01,4773.6,12660.53,4171277.0,494850.0,629274.5,792279.0
2000-05-01,4755.7,12405.33,4168507.0,491187.0,630464.4,786374.0
2000-04-01,4767.8,12412.19,4174322.0,490793.0,633095.9,775408.0
2000-03-01,4711.7,12260.68,4149339.0,486889.0,623851.9,765269.0
2000-02-01,4680.9,12158.34,4136412.0,483138.0,620400.3,762604.0
2000-01-01,4667.6,12122.04,4121606.0,478777.0,626853.1,754957.0
1999-12-01,4639.3,11989.79,4078868.0,476000.0,627758.9,754921.0
1999-11-01,4611.8,11655.9,4066747.0,471223.0,616636.1,748130.0
1999-10-01,4592.7,11539.0,4052935.0,467460.0,615700.9,741820.0
1999-09-01,4568.8,11507.9,4029253.0,465089.0,615114.6,738180.0
1999-08-01,4552.7,11282.7,4024225.0,463862.0,619187.1,744009.0
1999-07-01,4535.4,11141.4,4023726.0,460383.0,620438.2,743011.0
1999-06-01,4508.0,11136.4,3988595.0,458636.0,617452.8,742101.0
1999-05-01,4486.1,11006.1,3968746.0,459005.0,616905.6,738155.0
1999-04-01,4461.4,10921.8,3952443.0,457637.0,615301.0,734323.0
1999-03-01,4432.6,10843.8,3930847.0,455243.0,612014.6,728358.0
1999-02-01,4425.8,10777.8,3905442.0,453707.0,607670.9,730612.0
1999-01-01,4403.0,10550.0,3930982.0,452562.0,611002.7,728086.0
1998-12-01,4375.6,10449.9,3848054.0,449236.0,611599.9,732268.0
1998-11-01,4346.6,10222.9,3805327.0,448114.0,599312.2,729025.0
1998-10-01,4307.9,10087.5,3776275.0,447404.0,594429.6,726313.0
1998-09-01,4267.7,9979.45,3756213.0,445748.0,595560.3,722294.0
1998-08-01,4228.7,9729.87,3747240.0,444070.0,598393.3,716555.0
1998-07-01,4203.8,9631.39,3735036.0,442493.0,596797.4,713865.0
1998-06-01,4184.1,9465.76,3742800.0,441641.0,591817.6,708301.0
1998-05-01,4164.4,9393.61,3718207.0,441843.0,592684.0,706308.0
1998-04-01,4140.2,9266.15,3695000.0,440589.0,591979.3,703330.0
1998-03-01,4114.3,9203.78,3666674.0,440915.0,587812.8,700791.0
1998-02-01,4088.9,9202.37,3656642.0,442837.0,584937.2,696765.0
1998-01-01,4056.2,9221.14,3638426.0,444813.0,587328.8,693375.0
1997-12-01,4032.9,9099.53,3615677.0,445467.0,586029.3,691463.0
1997-11-01,4014.8,8759.03,3600773.0,446053.0,571865.0,684522.0
1997-10-01,3992.3,8664.43,3595263.0,445044.0,569706.0,680654.0
1997-09-01,3973.1,8589.24,3570962.0,445831.0,571005.5,660644.0
1997-08-01,3957.4,8474.59,3558109.0,446334.0,573701.5,700482.0
1997-07-01,3923.9,8345.85,3548645.0,446917.0,573665.1,697541.0
1997-06-01,3906.0,8281.15,3533982.0,449572.0,569662.2,691887.0
1997-05-01,3889.2,8116.86,3514659.0,448940.0,567870.9,669314.0
1997-04-01,3877.0,8067.9,3498629.0,448519.0,568608.1,663189.0
1997-03-01,3861.2,7973.58,3496684.0,447801.0,562422.0,659786.0
1997-02-01,3846.3,7868.07,3493517.0,449193.0,557065.9,654774.0
1997-01-01,3834.6,7833.15,3482856.0,449269.0,562287.3,648750.0
1996-12-01,3818.6,7609.49,3485231.0,448419.0,564689.9,638013.0
1996-11-01,3795.1,7414.2,3455104.0,447731.0,554339.9,633397.0
1996-10-01,3772.8,7315.22,3436406.0,448985.0,553757.5,627262.0
1996-09-01,3753.4,6964.3,3430659.0,449024.0,554681.8,627544.0
1996-08-01,3744.0,7230.9,3412208.0,447620.0,555862.3,617792.0
1996-07-01,3737.1,6934.6,3397399.0,447133.0,556790.4,613468.0
1996-06-01,3722.5,6813.2,3382265.0,449428.0,553802.3,610736.0
1996-05-01,3709.6,6688.0,3368180.0,448033.0,550897.0,601609.0
1996-04-01,3697.7,6572.3,3358564.0,446482.0,550992.7,601102.0
1996-03-01,3686.9,6451.1,3337370.0,446271.0,547753.8,595977.0
1996-02-01,3661.8,6377.8,3329074.0,444600.0,541459.6,591433.0
1996-01-01,3647.9,5840.1,3319911.0,442368.0,545830.8,588589.0
1995-12-01,3629.5,,3312463.0,441103.0,548791.6,580756.0
1995-11-01,3619.9,,3280691.0,439931.0,537536.2,577743.0
1995-10-01,3613.4,,3269129.0,438892.0,534293.7,573804.0
1995-09-01,3602.1,,3256397.0,439202.0,536400.9,568220.0
1995-08-01,3589.0,,3233209.0,436339.0,535992.4,564022.0
1995-07-01,3567.4,,3220407.0,434936.0,537134.2,558152.0
1995-06-01,3548.9,,3212302.0,433634.0,533906.4,550546.0
1995-05-01,3524.2,,3197971.0,430736.0,533703.8,546432.0
1995-04-01,3499.2,,3182541.0,429643.0,535943.2,542925.0
1995-03-01,3491.1,,3176992.0,427897.0,531730.7,542897.0
1995-02-01,3489.9,,3172336.0,426237.0,526835.9,533755.0
1995-01-01,3492.4,,3158136.0,425148.0,529371.8,529785.0
1994-12-01,3486.4,,3159101.0,422101.0,531906.4,527259.0
1994-11-01,3487.2,,3167131.0,420680.0,520299.9,524681.0
1994-10-01,3484.3,,3169833.0,420714.0,521616.4,521455.0
1994-09-01,3486.1,,3162985.0,419884.0,522913.3,521943.0
1994-08-01,3485.7,,3157950.0,418221.0,522096.3,518290.0
1994-07-01,3488.2,,3155590.0,416310.0,522953.1,516514.0
1994-06-01,3479.5,,3145542.0,413228.0,517722.6,517119.0
1994-05-01,3490.8,,3135071.0,411805.0,517794.0,517726.0
1994-04-01,3481.3,,3133464.0,411390.0,519929.7,514559.0
1994-03-01,3480.1,,3125371.0,409983.0,513618.6,515859.0
1994-02-01,3475.7,,3101072.0,413596.0,508751.4,514258.0
1994-01-01,3474.9,,3085865.0,413157.0,513453.0,510107.0
1993-12-01,3474.5,,3067025.0,411463.0,516889.9,509220.0
1993-11-01,3470.1,,3037935.0,409864.0,506590.4,503910.0
1993-10-01,3456.7,,3013455.0,409567.0,509321.2,500892.0
1993-09-01,3452.2,,2989060.0,410678.0,510982.2,497239.0
1993-08-01,3445.7,,2977872.0,409970.0,512266.7,495700.0
1993-07-01,3442.0,,2962145.0,408308.0,512893.3,493351.0
1993-06-01,3442.4,,2950419.0,408895.0,510167.0,490006.0
1993-05-01,3436.9,,2937506.0,406759.0,509224.0,487012.0
1993-04-01,3411.3,,2918598.0,404748.0,508959.1,486493.0
1993-03-01,3411.7,,2905799.0,402997.0,503800.6,484356.0
1993-02-01,3414.5,,2876975.0,401587.0,501116.2,483963.0
1993-01-01,3419.1,,2861813.0,400221.0,505534.0,481911.0
1992-12-01,3424.7,,2853356.0,400819.0,509966.9,481563.0
1992-11-01,3426.5,,2860628.0,400520.0,498916.6,483102.0
1992-10-01,3423.8,,2839113.0,398608.0,500159.1,484551.0
1992-09-01,3410.3,,2836589.0,400892.0,501511.7,477962.0
1992-08-01,3398.8,,2803439.0,398941.0,503732.5,472057.0
1992-07-01,3393.9,,2792853.0,397321.0,504885.4,473203.0
1992-06-01,3393.4,,2784130.0,394189.0,503031.8,471845.0
1992-05-01,3398.6,,2778249.0,394350.0,501733.8,469288.0
1992-04-01,3399.7,,2764811.0,394119.0,506335.6,471999.0
1992-03-01,3403.9,,2747609.0,392743.0,505797.6,468695.0
1992-02-01,3400.0,,2729621.0,392338.0,500463.2,467587.0
1992-01-01,3381.2,,2720803.0,390429.0,506955.5,466098.0
1991-12-01,3372.2,,2722085.0,387836.0,512205.1,462473.0
1991-11-01,3365.5,,2704447.0,386166.0,501866.6,461322.0
1991-10-01,3360.1,,2683318.0,385597.0,503189.5,460839.0
1991-09-01,3354.9,,2672023.0,385573.0,504112.5,461709.0
1991-08-01,3355.0,,2665240.0,383974.0,502081.7,459677.0
1991-07-01,3356.1,,2650528.0,383166.0,504002.4,457830.0
1991-06-01,3351.9,,2639742.0,381438.0,498363.4,458077.0
1991-05-01,3343.0,,2630099.0,382614.0,496259.7,457314.0
1991-04-01,3332.4,,2615487.0,380380.0,498553.3,454561.0
1991-03-01,3321.9,,2601696.0,378484.0,497036.6,452873.0
1991-02-01,3304.5,,2601663.0,375786.0,492617.8,450857.0
1991-01-01,3287.7,,2583655.0,373950.0,497891.4,449353.0
1990-12-01,3271.8,,2573883.0,370572.0,502208.6,448128.0
1990-11-01,3262.6,,2560619.0,367854.0,490082.4,446561.0
1990-10-01,3259.3,,2548320.0,365008.0,492842.3,441208.0
1990-09-01,3254.6,,2539282.0,363223.0,493051.2,439522.0
1990-08-01,3242.0,,2521801.0,361491.0,488661.9,435049.0
1990-07-01,3224.5,,2506891.0,357910.0,487633.5,432288.0
1990-06-01,3213.7,,2494707.0,356279.0,480508.9,431441.0
1990-05-01,3200.6,,2386578.0,356116.0,479009.5,427469.0
1990-04-01,3201.6,,2378067.0,353101.0,480106.1,424379.0
1990-03-01,3190.1,,2371264.0,352153.0,473083.0,420882.0
1990-02-01,3179.2,,2368976.0,350540.0,466734.5,414384.0
1990-01-01,3166.8,,2360748.0,346086.0,463501.4,410940.0
1989-12-01,3152.5,,2343345.0,342154.0,462779.0,406140.0
1989-11-01,3133.3,,2326287.0,339017.0,446057.0,398421.0
1989-10-01,3114.1,,2312607.0,334344.0,440842.4,396245.0
1989-09-01,3092.5,,2303555.0,331423.0,440262.7,389537.0
1989-08-01,3074.4,,2292824.0,327718.0,436692.7,384842.0
1989-07-01,3052.4,,2280165.0,324232.0,434598.9,377396.0
1989-06-01,3027.9,,2263203.0,320688.0,426855.3,375181.0
1989-05-01,3011.6,,2240671.0,316353.0,423121.4,363782.0
1989-04-01,3006.0,,2224430.0,312149.0,424099.3,357340.0
1989-03-01,2999.7,,2222161.0,309219.0,423843.9,353728.0
1989-02-01,2992.2,,2197853.0,305829.0,417315.0,349720.0
1989-01-01,2991.7,,2185797.0,303154.0,415584.2,343483.0
1988-12-01,2988.2,,2173774.0,300374.0,418358.6,339345.0
1988-11-01,2980.2,,2167024.0,297392.0,405966.1,333336.0
1988-10-01,2965.3,,2154925.0,293949.0,402401.6,331930.0
1988-09-01,2956.9,,2139817.0,291439.0,401753.9,327771.0
1988-08-01,2952.0,,2131825.0,288402.0,398329.8,322955.0
1988-07-01,2947.2,,2116901.0,284525.0,395763.5,319112.0
1988-06-01,2938.4,,2100900.0,281544.0,390213.3,313668.0
1988-05-01,2926.0,,2090533.0,277324.0,386799.4,307380.0
1988-04-01,2910.7,,2076081.0,274765.0,384722.6,304981.0
1988-03-01,2890.7,,2057427.0,272411.0,384122.7,302542.0
1988-02-01,2870.4,,2046281.0,269741.0,377838.3,297649.0
1988-01-01,2847.4,,2037581.0,267370.0,377732.2,295095.0
1987-12-01,2826.4,,2027444.0,265918.0,378898.1,291596.0
1987-11-01,2818.9,,2024128.0,263775.0,367924.6,289409.0
1987-10-01,2814.8,,2016290.0,268159.0,362449.0,287066.0
1987-09-01,2799.5,,2002177.0,266094.0,363172.3,281078.0
1987-08-01,2788.2,,1992865.0,264017.0,359079.0,280118.0
1987-07-01,2779.0,,1985755.0,262617.0,356091.6,277425.0
1987-06-01,2774.6,,1975973.0,260580.0,351083.0,272663.0
1987-05-01,2772.9,,1962800.0,258482.0,347092.6,270665.0
1987-04-01,2767.7,,1952955.0,256778.0,345531.3,267763.0
1987-03-01,2753.7,,1940390.0,254413.0,343653.1,263519.0
1987-02-01,2747.5,,1927091.0,252294.0,336015.3,259383.0
1987-01-01,2743.9,,1918425.0,248259.0,337447.2,256383.0
1986-12-01,2728.0,,1903734.0,244868.0,339962.9,167315.0
1986-11-01,2701.3,,1896941.0,241918.0,327465.6,
1986-10-01,2687.4,,1889296.0,238535.0,324574.9,
1986-09-01,2667.8,,1872837.0,236112.0,326985.0,
1986-08-01,2646.5,,1858580.0,234395.0,323567.2,
1986-07-01,2626.6,,1847233.0,232472.0,322701.0,
1986-06-01,2605.0,,1832456.0,230077.0,319085.1,
1986-05-01,2584.8,,1824547.0,228313.0,314970.2,
1986-04-01,2557.8,,1815354.0,225943.0,314680.9,
1986-03-01,2533.1,,1818276.0,222244.0,315332.3,
1986-02-01,2512.9,,1800828.0,221317.0,308854.2,
1986-01-01,2502.1,,1792537.0,221320.0,310608.9,
1985-12-01,2492.1,,1784034.0,219947.0,314340.5,
1985-11-01,2477.8,,1760581.0,218971.0,302243.1,
1985-10-01,2468.0,,1755357.0,216619.0,299040.1,
1985-09-01,2456.4,,1746936.0,214664.0,300345.4,
1985-08-01,2444.0,,1738364.0,212430.0,297155.3,
1985-07-01,2429.5,,1731220.0,210378.0,296792.3,
1985-06-01,2412.6,,1722006.0,208616.0,294046.3,
1985-05-01,2389.5,,1715317.0,207225.0,290482.9,
1985-04-01,2375.4,,1709983.0,205233.0,290170.1,
1985-03-01,2366.2,,1700138.0,203587.0,289416.0,
1985-02-01,2354.1,,1691806.0,202240.0,283311.2,
1985-01-01,2332.4,,1676415.0,200776.0,284849.6,
1984-12-01,2306.4,,1661882.0,198799.0,287718.6,
1984-11-01,2281.4,,1649653.0,197099.0,277121.2,
1984-10-01,2258.9,,1638411.0,195997.0,275260.4,
1984-09-01,2244.4,,1631220.0,194221.0,277455.0,
1984-08-01,2230.4,,1617813.0,192900.0,274461.2,
1984-07-01,2223.5,,1603857.0,191983.0,274177.3,
1984-06-01,2215.1,,1591965.0,190555.0,271755.7,
1984-05-01,2204.1,,1583749.0,188986.0,268126.2,
1984-04-01,2191.7,,1568820.0,187527.0,267580.9,
1984-03-01,2175.2,,1559014.0,186527.0,268176.6,
1984-02-01,2158.2,,1549774.0,185166.0,262495.9,
1984-01-01,2138.2,,1543563.0,184450.0,263991.7,
1983-12-01,2123.5,,1537092.0,183902.0,266997.2,
1983-11-01,2112.3,,1526253.0,184078.0,256250.1,
1983-10-01,2099.2,,1513481.0,183116.0,255522.3,
1983-09-01,2083.2,,1503408.0,182607.0,256742.6,
1983-08-01,2074.0,,1498206.0,181429.0,254739.0,
1983-07-01,2064.8,,1486582.0,179993.0,254603.4,
1983-06-01,2053.5,,1474969.0,178843.0,252841.6,
1983-05-01,2043.1,,1464343.0,178032.0,249300.7,
1983-04-01,2028.6,,1453878.0,178209.0,248538.4,
1983-03-01,2015.2,,1443423.0,177360.0,247319.3,
1983-02-01,1996.8,,1435898.0,176731.0,243434.7,
1983-01-01,1959.4,,1425088.0,175486.0,245391.2,
1982-12-01,1905.9,,1414556.0,173574.0,248253.6,
1982-11-01,1883.7,,1401761.0,173598.0,239866.0,
1982-10-01,1869.7,,1389853.0,171675.0,238381.7,
1982-09-01,1858.4,,1382740.0,170650.0,239449.4,
1982-08-01,1845.2,,1372472.0,170129.0,238272.1,
1982-07-01,1831.5,,1358609.0,169601.0,237793.4,
1982-06-01,1826.0,,1347524.0,169410.0,234801.5,
1982-05-01,1815.4,,1334764.0,168519.0,231815.7,
1982-04-01,1803.9,,1326733.0,167174.0,231022.7,
1982-03-01,1786.5,,1313351.0,166100.0,229899.1,
1982-02-01,1774.5,,1299092.0,165199.0,226604.8,
1982-01-01,1770.4,,1287848.0,163705.0,227871.8,
1981-12-01,1755.5,,1273805.0,161526.0,230137.4,
1981-11-01,1736.1,,1264026.0,161706.0,222058.1,
1981-10-01,1721.8,,1253958.0,164334.0,220065.9,
1981-09-01,1706.0,,1246150.0,162542.0,219979.5,
1981-08-01,1694.3,,1234000.0,160540.0,218580.9,
1981-07-01,1681.9,,1230470.0,157808.0,217658.8,
1981-06-01,1670.3,,1223076.0,155501.0,215796.4,
1981-05-01,1664.2,,1215847.0,153443.0,211906.9,
1981-04-01,1659.2,,1204188.0,152931.0,211326.1,
1981-03-01,1636.6,,1194414.0,150732.0,208085.1,
1981-02-01,1618.7,,1186668.0,148559.0,204895.0,
1981-01-01,1606.9,,1175008.0,146676.0,205829.6,
1980-12-01,1599.8,,1165452.0,145702.0,208275.3,
1980-11-01,1595.8,,1160031.0,145095.0,201051.1,
1980-10-01,1584.8,,1145159.0,142418.0,198682.2,
1980-09-01,1574.0,,1133419.0,140036.0,199765.0,
1980-08-01,1561.5,,1127098.0,137678.0,199374.6,
1980-07-01,1545.5,,1120452.0,136080.0,199692.2,
1980-06-01,1529.2,,1109205.0,134370.0,199192.1,
1980-05-01,1512.3,,1100958.0,132758.0,197195.7,
1980-04-01,1502.2,,1093263.0,132244.0,195905.3,
1980-03-01,1499.8,,1088333.0,130468.0,193258.1,
1980-02-01,1494.6,,1078232.0,127969.0,190478.4,
1980-01-01,1482.7,,1070496.0,125979.0,191589.4,
1979-12-01,1473.7,,,123785.0,193132.5,
1979-11-01,1465.9,,,122964.0,186411.7,
1979-10-01,1460.4,,,120108.0,184596.8,
1979-09-01,1454.1,,,118071.0,184884.8,
1979-08-01,1446.6,,,116463.0,184179.6,
1979-07-01,1434.8,,,114810.0,183562.6,
1979-06-01,1423.0,,,112770.0,181753.4,
1979-05-01,1410.2,,,110880.0,178724.9,
1979-04-01,1402.1,,,110073.0,177471.9,
1979-03-01,1387.8,,,108556.0,174731.5,
1979-02-01,1377.8,,,107461.0,171946.7,
1979-01-01,1371.6,,,106059.0,173282.3,
1978-12-01,1366.0,,,104413.0,173918.0,
1978-11-01,1359.1,,,104724.0,167810.8,
1978-10-01,1352.3,,,102096.0,165634.6,
1978-09-01,1345.0,,,100896.0,165946.8,
1978-08-01,1333.5,,,99566.0,164649.6,
1978-07-01,1324.1,,,98541.0,164096.3,
1978-06-01,1318.5,,,97419.0,162525.8,
1978-05-01,1310.5,,,96190.0,158406.1,
1978-04-01,1300.4,,,95912.0,158124.1,
1978-03-01,1292.2,,,94675.0,155673.6,
1978-02-01,1285.5,,,93898.0,153105.5,
1978-01-01,1279.7,,,92838.0,154343.2,
1977-12-01,1270.3,,,91825.0,155015.3,
1977-11-01,1262.4,,,90945.0,149457.9,
1977-10-01,1254.0,,,90662.0,147730.6,
1977-09-01,1246.2,,,89677.0,148144.3,
1977-08-01,1237.0,,,88643.0,146553.3,
1977-07-01,1226.7,,,87458.0,146452.3,
1977-06-01,1217.8,,,86720.0,145103.0,
1977-05-01,1209.0,,,85856.0,142075.3,
1977-04-01,1199.6,,,85297.0,141249.3,
1977-03-01,1188.5,,,84263.0,140154.2,
1977-02-01,1177.6,,,83082.0,138311.1,
1977-01-01,1165.2,,,82178.0,139600.7,
1976-12-01,1152.0,,,80852.0,140072.1,
1976-11-01,1138.2,,,80078.0,134890.4,
1976-10-01,1125.0,,,79000.0,133544.7,
1976-09-01,1110.8,,,77969.0,133117.4,
1976-08-01,1098.7,,,77094.0,132109.4,
1976-07-01,1086.3,,,75946.0,131710.3,
1976-06-01,1077.6,,,74925.0,130754.9,
1976-05-01,1072.1,,,73576.0,127792.5,
1976-04-01,1060.8,,,73073.0,126694.9,
1976-03-01,1050.0,,,72183.0,124916.6,
1976-02-01,1040.3,,,71011.0,123020.3,
1976-01-01,1026.6,,,70255.0,123463.0,
1975-12-01,1016.2,,,70068.0,123067.8,
1975-11-01,1006.9,,,68672.0,118009.8,
1975-10-01,997.8,,,68771.0,116267.3,
1975-09-01,991.5,,,68222.0,115709.5,
1975-08-01,983.1,,,66938.0,114710.1,
1975-07-01,975.1,,,66285.0,114005.5,
1975-06-01,963.0,,,65419.0,112508.3,
1975-05-01,947.9,,,64796.0,110638.5,
1975-04-01,935.1,,,64914.0,109996.3,
1975-03-01,925.0,,,63565.0,107993.2,
1975-02-01,914.1,,,62901.0,106704.8,
1975-01-01,906.3,,,61795.0,107387.5,
1974-12-01,902.1,,,60502.0,107499.9,
1974-11-01,898.6,,,60380.0,103617.5,
1974-10-01,893.3,,,60538.0,101760.0,
1974-09-01,887.9,,,60012.0,101696.5,
1974-08-01,884.1,,,59183.0,101033.9,
1974-07-01,881.4,,,58258.0,100792.7,
1974-06-01,877.8,,,57266.0,100073.4,
1974-05-01,874.6,,,57074.0,98296.3,
1974-04-01,872.9,,,55978.0,97500.0,
1974-03-01,870.1,,,54744.0,96200.2,
1974-02-01,864.2,,,53773.0,95337.7,
1974-01-01,859.7,,,52875.0,95975.0,
1973-12-01,855.5,,,51895.0,96213.5,
1973-11-01,848.9,,,50984.0,93209.1,
1973-10-01,842.6,,,49818.0,91916.3,
1973-09-01,839.3,,,48923.0,91978.2,
1973-08-01,838.8,,,48232.0,90829.5,
1973-07-01,836.5,,,47673.0,90724.1,
1973-06-01,833.3,,,46890.0,89939.3,
1973-05-01,826.8,,,46187.0,88037.2,
1973-04-01,819.7,,,45879.0,87587.3,
1973-03-01,815.3,,,45501.0,85313.6,
1973-02-01,814.1,,,44933.0,83169.4,
1973-01-01,810.3,,,44364.0,83126.3,
1972-12-01,802.3,,,43639.0,82967.2,
1972-11-01,793.9,,,43085.0,79454.0,
1972-10-01,786.9,,,42943.0,77641.0,
1972-09-01,778.3,,,42403.0,76292.2,
1972-08-01,768.7,,,41500.0,74527.5,
1972-07-01,759.5,,,41285.0,73888.9,
1972-06-01,749.7,,,40922.0,71790.1,
1972-05-01,743.3,,,40485.0,69619.0,
1972-04-01,738.4,,,40516.0,68806.0,
1972-03-01,733.5,,,39842.0,67245.3,
1972-02-01,725.7,,,39530.0,65604.1,
1972-01-01,717.7,,,39175.0,65915.3,
1971-12-01,710.3,,,38428.0,65587.3,
1971-11-01,704.6,,,38431.0,61848.7,
1971-10-01,698.4,,,38321.0,60756.8,
1971-09-01,692.5,,,38001.0,60115.4,
1971-08-01,685.5,,,37804.0,58971.5,
1971-07-01,679.6,,,37373.0,58149.5,
1971-06-01,673.0,,,36892.0,56690.0,
1971-05-01,666.7,,,36526.0,55458.9,
1971-04-01,658.4,,,36250.0,54540.9,
1971-03-01,649.9,,,35897.0,53344.4,
1971-02-01,641.0,,,35313.0,52369.1,
1971-01-01,632.9,,,34782.0,52692.4,
1970-12-01,626.5,,,34420.0,52590.0,
1970-11-01,621.1,,,34116.0,50349.1,
1970-10-01,616.4,,,33864.0,49460.9,
1970-09-01,611.2,,,33427.0,49039.1,
1970-08-01,604.9,,,33249.0,48473.2,
1970-07-01,599.1,,,32875.0,48154.7,
1970-06-01,595.2,,,32799.0,47434.9,
1970-05-01,591.5,,,32400.0,46684.4,
1970-04-01,588.4,,,32618.0,46143.8,
1970-03-01,587.3,,,32021.0,45300.6,
1970-02-01,586.3,,,31960.0,44593.1,
1970-01-01,589.6,,,31779.0,45038.1,
1969-12-01,587.9,,,31570.0,44948.8,
1969-11-01,585.4,,,31314.0,42888.1,
1969-10-01,583.4,,,31063.0,41966.8,
1969-09-01,582.1,,,30997.0,41626.9,
1969-08-01,580.1,,,30456.0,41001.4,
1969-07-01,579.5,,,30338.0,40612.2,
1969-06-01,578.5,,,30143.0,40000.1,
1969-05-01,576.5,,,30185.0,39210.7,
1969-04-01,575.7,,,29905.0,38893.4,
1969-03-01,574.4,,,29819.0,38159.0,
1969-02-01,571.9,,,29559.0,37458.3,
1969-01-01,569.3,,,29429.0,37894.0,
1968-12-01,566.8,,,28966.0,37874.2,
1968-11-01,562.4,,,28672.0,36182.4,
1968-10-01,557.6,,,28313.0,35407.2,
1968-09-01,553.6,,,28016.0,35231.3,
1968-08-01,549.4,,,27872.0,34726.9,
1968-07-01,545.6,,,27317.0,34604.9,
1968-06-01,542.6,,,26892.0,34254.4,
1968-05-01,538.9,,,26602.0,33608.4,
1968-04-01,535.7,,,26197.0,33397.8,
1968-03-01,533.2,,,25915.0,32990.4,
1968-02-01,530.4,,,25788.0,32373.0,
1968-01-01,527.4,,,25523.0,32696.1,
1967-12-01,524.8,,,,32760.9,
1967-11-01,521.2,,,,31365.0,
1967-10-01,518.2,,,,30884.4,
1967-09-01,514.7,,,,30663.1,
1967-08-01,510.8,,,,30033.8,
1967-07-01,506.3,,,,29828.1,
1967-06-01,502.0,,,,29432.4,
1967-05-01,497.2,,,,28816.4,
1967-04-01,492.1,,,,28952.6,
1967-03-01,489.7,,,,28620.7,
1967-02-01,485.1,,,,27956.8,
1967-01-01,481.6,,,,28250.0,
1966-12-01,480.2,,,,29523.0,
1966-11-01,477.3,,,,27900.0,
1966-10-01,475.7,,,,27426.0,
1966-09-01,475.4,,,,27502.0,
1966-08-01,472.6,,,,26724.0,
1966-07-01,470.9,,,,26724.0,
1966-06-01,471.2,,,,26355.0,
1966-05-01,470.1,,,,25866.0,
1966-04-01,469.3,,,,25699.0,
1966-03-01,467.2,,,,25687.0,
1966-02-01,464.6,,,,24754.0,
1966-01-01,462.0,,,,24684.0,
1965-12-01,459.2,,,,25394.0,
1965-11-01,455.7,,,,23872.0,
1965-10-01,452.6,,,,23604.0,
1965-09-01,449.5,,,,23376.0,
1965-08-01,445.8,,,,22663.0,
1965-07-01,442.9,,,,22496.0,
1965-06-01,440.1,,,,22398.0,
1965-05-01,437.1,,,,21967.0,
1965-04-01,435.4,,,,21792.0,
1965-03-01,433.2,,,,21678.0,
1965-02-01,430.4,,,,21233.0,
1965-01-01,427.5,,,,21136.0,
1964-12-01,424.7,,,,21523.0,
1964-11-01,422.0,,,,20309.0,
1964-10-01,419.1,,,,19992.0,
1964-09-01,416.9,,,,19965.0,
1964-08-01,413.4,,,,19420.0,
1964-07-01,410.1,,,,19354.0,
1964-06-01,407.1,,,,19237.0,
1964-05-01,404.2,,,,19101.0,
1964-04-01,401.7,,,,18834.0,
1964-03-01,399.8,,,,18734.0,
1964-02-01,397.6,,,,18163.0,
1964-01-01,395.2,,,,18161.0,
1963-12-01,393.2,,,,18668.0,
1963-11-01,391.5,,,,17522.0,
1963-10-01,388.3,,,,17146.0,
1963-09-01,386.0,,,,17076.0,
1963-08-01,383.6,,,,16473.0,
1963-07-01,381.1,,,,16362.0,
1963-06-01,378.4,,,,16315.0,
1963-05-01,376.1,,,,15790.0,
1963-04-01,373.3,,,,15581.0,
1963-03-01,370.7,,,,15533.0,
1963-02-01,367.9,,,,14843.0,
1963-01-01,365.2,,,,14738.0,
1962-12-01,362.7,,,,15059.0,
1962-11-01,359.8,,,,14092.0,
1962-10-01,357.2,,,,13738.0,
1962-09-01,354.9,,,,13701.0,
1962-08-01,352.8,,,,13201.0,
1962-07-01,350.8,,,,13082.0,
1962-06-01,349.3,,,,12988.0,
1962-05-01,347.5,,,,12773.0,
1962-04-01,345.5,,,,12659.0,
1962-03-01,343.1,,,,12466.0,
1962-02-01,340.1,,,,12158.0,
1962-01-01,337.5,,,,12176.0,
1961-12-01,335.5,,,,12523.0,
1961-11-01,333.4,,,,11752.0,
1961-10-01,331.1,,,,11525.0,
1961-09-01,329.5,,,,11495.0,
1961-08-01,327.6,,,,11213.0,
1961-07-01,325.6,,,,11166.0,
1961-06-01,324.3,,,,11124.0,
1961-05-01,322.2,,,,10883.0,
1961-04-01,319.9,,,,10914.0,
1961-03-01,318.3,,,,10645.0,
1961-02-01,316.5,,,,10291.0,
1961-01-01,314.1,,,,10195.0,
1960-12-01,312.4,,,,10420.0,
1960-11-01,310.9,,,,9757.0,
1960-10-01,309.5,,,,9531.0,
1960-09-01,308.4,,,,9420.0,
1960-08-01,306.9,,,,9155.0,
1960-07-01,304.1,,,,9148.0,
1960-06-01,302.3,,,,8994.0,
1960-05-01,300.9,,,,8839.0,
1960-04-01,300.1,,,,8777.0,
1960-03-01,299.3,,,,8661.0,
1960-02-01,298.4,,,,8404.0,
1960-01-01,298.2,,,,8488.0,
1959-12-01,297.8,,,,,
1959-11-01,297.1,,,,,
1959-10-01,296.5,,,,,
1959-09-01,296.7,,,,,
1959-08-01,296.4,,,,,
1959-07-01,295.2,,,,,
1959-06-01,294.1,,,,,
1959-05-01,292.2,,,,,
1959-04-01,290.1,,,,,
1959-03-01,289.2,,,,,
1959-02-01,287.7,,,,,
1959-01-01,286.6,,,,,
