ticker,zacks_rank,zacks_rank_label,value_score,growth_score,momentum_score,vgm_score,observed_at,last_confirmed_at
AAPL,3,Hold,F,B,F,D,2026-09-05T18:41:58.143207Z,2026-09-05T18:41:58.143207Z
ABCL,3,Hold,F,D,C,F,2026-09-05T18:44:40.284749Z,2026-09-05T18:44:40.284749Z
ABG,3,Hold,A,B,D,A,2026-09-05T15:38:04.575594Z,2026-09-05T15:38:04.575594Z
ABM,3,Hold,A,B,D,A,2026-09-05T18:43:00.597286Z,2026-09-05T18:43:00.597286Z
ABVX,3,Hold,F,D,C,F,2026-09-05T18:37:58.799225Z,2026-09-05T18:37:58.799225Z
ACAD,3,Hold,C,B,A,B,2026-09-05T18:37:09.472420Z,2026-09-05T18:37:09.472420Z
ACDC,4,Sell,C,C,C,C,2026-09-05T18:36:54.636396Z,2026-09-05T18:36:54.636396Z
ACN,3,Hold,A,B,C,A,2026-09-05T17:15:04.662392Z,2026-09-05T17:15:04.662392Z
ACR,3,Hold,D,F,F,F,2026-09-05T16:51:50.609999Z,2026-09-05T16:51:50.609999Z
ACRE,4,Sell,C,B,D,C,2026-09-05T16:54:16.528834Z,2026-09-05T16:54:16.528834Z
ACRS,3,Hold,F,F,F,F,2026-09-05T16:51:37.510798Z,2026-09-05T16:51:37.510798Z
ACU,1,Strong Buy,B,B,B,A,2026-09-05T16:54:18.356199Z,2026-09-05T16:54:18.356199Z
ADAG,4,Sell,F,F,B,F,2026-09-05T18:45:23.291694Z,2026-09-05T18:45:23.291694Z
ADRNY,2,Buy,A,C,D,A,2026-09-05T18:37:04.397165Z,2026-09-05T18:37:04.397165Z
ADSK,3,Hold,D,A,D,B,2026-09-05T18:46:22.468030Z,2026-09-05T18:46:22.468030Z
ADT,2,Buy,A,C,F,B,2026-09-05T18:39:06.860833Z,2026-09-05T18:39:06.860833Z
ADV,5,Strong Sell,A,B,D,B,2026-09-05T16:52:32.002122Z,2026-09-05T16:52:32.002122Z
AEG,5,Strong Sell,B,D,B,C,2026-09-05T17:03:09.088209Z,2026-09-05T17:03:09.088209Z
AEIS,1,Strong Buy,F,C,B,D,2026-09-05T16:57:49.627273Z,2026-09-05T16:57:49.627273Z
AEP,3,Hold,C,C,B,C,2026-09-05T16:53:42.953118Z,2026-09-05T16:53:42.953118Z
AERO,4,Sell,A,D,F,B,2026-09-05T18:41:59.206662Z,2026-09-05T18:41:59.206662Z
AETUF,5,Strong Sell,B,C,B,B,2026-09-05T18:41:50.285223Z,2026-09-05T18:41:50.285223Z
AFL,3,Hold,D,F,B,F,2026-09-05T17:01:46.053280Z,2026-09-05T17:01:46.053280Z
AFYA,4,Sell,A,B,C,A,2026-09-05T18:40:28.050323Z,2026-09-05T18:40:28.050323Z
AGRPY,2,Buy,B,D,A,B,2026-09-05T15:37:25.094807Z,2026-09-05T15:37:25.094807Z
AHRT,4,Sell,A,D,F,C,2026-09-05T17:01:40.563302Z,2026-09-05T17:01:40.563302Z
AI,3,Hold,F,D,C,F,2026-09-05T17:05:43.914888Z,2026-09-05T17:05:43.914888Z
AKRBY,4,Sell,A,A,C,A,2026-09-05T18:42:37.709797Z,2026-09-05T18:42:37.709797Z
AKTS,3,Hold,F,F,F,F,2026-09-05T16:53:41.049839Z,2026-09-05T16:53:41.049839Z
ALCO,3,Hold,F,D,D,F,2026-09-05T17:19:55.482329Z,2026-09-05T17:19:55.482329Z
ALIZY,3,Hold,B,C,B,C,2026-09-05T16:55:24.355612Z,2026-09-05T16:55:24.355612Z
ALLO,3,Hold,F,B,A,C,2026-09-05T16:57:53.650809Z,2026-09-05T16:57:53.650809Z
ALLT,3,Hold,C,A,B,A,2026-09-05T16:54:28.271079Z,2026-09-05T16:54:28.271079Z
ALM,3,Hold,F,B,C,D,2026-09-05T18:44:08.940652Z,2026-09-05T18:44:08.940652Z
ALNT,1,Strong Buy,D,F,A,D,2026-09-05T16:59:39.382149Z,2026-09-05T16:59:39.382149Z
ALRS,3,Hold,B,C,D,C,2026-09-05T16:56:46.408698Z,2026-09-05T16:56:46.408698Z
ALV,3,Hold,A,B,F,A,2026-09-05T16:54:44.233097Z,2026-09-05T16:54:44.233097Z
AMC,3,Hold,B,A,B,A,2026-09-05T16:51:38.318843Z,2026-09-05T16:51:38.318843Z
AMD,3,Hold,F,A,D,D,2026-09-05T17:01:16.063779Z,2026-09-05T17:01:16.063779Z
AME,2,Buy,D,C,A,C,2026-09-05T18:45:46.039278Z,2026-09-05T18:45:46.039278Z
AMSSY,3,Hold,A,F,B,C,2026-09-05T18:39:32.691365Z,2026-09-05T18:39:32.691365Z
AMVOY,5,Strong Sell,B,B,F,B,2026-09-05T18:42:08.531831Z,2026-09-05T18:42:08.531831Z
ANAB,4,Sell,D,C,B,D,2026-09-05T18:41:11.395074Z,2026-09-05T18:41:11.395074Z
ANGO,4,Sell,C,B,A,B,2026-09-05T18:48:45.585726Z,2026-09-05T18:48:45.585726Z
ANIK,1,Strong Buy,C,D,F,F,2026-09-05T16:54:00.059890Z,2026-09-05T16:54:00.059890Z
ANRO,3,Hold,D,F,B,D,2026-09-05T17:10:47.451470Z,2026-09-05T17:10:47.451470Z
APA,3,Hold,A,A,A,A,2026-09-05T16:52:09.857298Z,2026-09-05T16:52:09.857298Z
APPS,3,Hold,B,A,A,A,2026-09-05T16:55:06.741498Z,2026-09-05T16:55:06.741498Z
ARCB,3,Hold,B,A,C,A,2026-09-05T16:54:22.533090Z,2026-09-05T16:54:22.533090Z
ARCC,3,Hold,D,D,C,D,2026-09-05T18:43:18.984922Z,2026-09-05T18:43:18.984922Z
ARE,3,Hold,B,F,F,F,2026-09-05T18:37:08.433681Z,2026-09-05T18:37:08.433681Z
ARRY,3,Hold,A,B,B,A,2026-09-05T18:42:05.121848Z,2026-09-05T18:42:05.121848Z
ARTV,3,Hold,F,D,D,F,2026-09-05T16:55:40.648696Z,2026-09-05T16:55:40.648696Z
ASAN,3,Hold,F,A,B,B,2026-09-05T18:39:34.657772Z,2026-09-05T18:39:34.657772Z
ASGLY,3,Hold,A,C,F,B,2026-09-05T16:52:27.919889Z,2026-09-05T16:52:27.919889Z
ASTH,3,Hold,B,B,A,A,2026-09-05T18:40:56.421915Z,2026-09-05T18:40:56.421915Z
ATAI,3,Hold,F,D,D,F,2026-09-05T16:57:25.558755Z,2026-09-05T16:57:25.558755Z
ATEX,3,Hold,D,F,A,F,2026-09-05T17:08:33.088275Z,2026-09-05T17:08:33.088275Z
ATEYY,3,Hold,F,A,B,B,2026-09-05T17:00:10.984494Z,2026-09-05T17:00:10.984494Z
ATI,1,Strong Buy,D,B,C,C,2026-09-05T17:06:08.820007Z,2026-09-05T17:06:08.820007Z
ATRO,1,Strong Buy,D,A,B,B,2026-09-05T18:43:13.448996Z,2026-09-05T18:43:13.448996Z
AUB,3,Hold,C,F,B,D,2026-09-05T18:40:58.647689Z,2026-09-05T18:40:58.647689Z
AUGO,5,Strong Sell,D,A,F,C,2026-09-05T16:55:51.058550Z,2026-09-05T16:55:51.058550Z
AUNA,3,Hold,A,B,F,A,2026-09-05T18:37:19.410399Z,2026-09-05T18:37:19.410399Z
AVIR,4,Sell,D,D,F,F,2026-09-05T18:43:50.374979Z,2026-09-05T18:43:50.374979Z
AVNT,2,Buy,B,D,B,C,2026-09-05T17:07:47.168043Z,2026-09-05T17:07:47.168043Z
AXIAY,3,Hold,D,C,F,D,2026-09-05T16:53:17.654291Z,2026-09-05T16:53:17.654291Z
AYI,3,Hold,B,B,D,B,2026-09-05T16:53:50.273948Z,2026-09-05T16:53:50.273948Z
AZZ,3,Hold,B,F,B,C,2026-09-05T16:59:23.282822Z,2026-09-05T16:59:23.282822Z
BAC,3,Hold,C,B,B,B,2026-09-05T18:42:57.284789Z,2026-09-05T18:42:57.284789Z
BAESY,3,Hold,C,A,A,A,2026-09-05T18:39:33.365242Z,2026-09-05T18:39:33.365242Z
BANR,3,Hold,B,F,C,D,2026-09-05T16:52:15.815639Z,2026-09-05T16:52:15.815639Z
BATRA,4,Sell,F,F,D,F,2026-09-05T16:54:54.992677Z,2026-09-05T16:54:54.992677Z
BBCP,3,Hold,A,D,A,B,2026-09-05T16:56:42.065170Z,2026-09-05T16:56:42.065170Z
BBDC,2,Buy,B,C,A,A,2026-09-05T16:59:25.218257Z,2026-09-05T16:59:25.218257Z
BBSEY,2,Buy,C,F,F,F,2026-09-05T18:46:45.760455Z,2026-09-05T18:46:45.760455Z
BBVA,3,Hold,A,B,C,A,2026-09-05T18:44:41.732741Z,2026-09-05T18:44:41.732741Z
BBY,3,Hold,A,A,A,A,2026-09-05T18:37:20.296044Z,2026-09-05T18:37:20.296044Z
BCAL,3,Hold,C,D,D,D,2026-09-05T16:54:51.748033Z,2026-09-05T16:54:51.748033Z
BCE,3,Hold,B,F,B,C,2026-09-05T18:42:05.902539Z,2026-09-05T18:42:05.902539Z
BDC,3,Hold,B,B,D,B,2026-09-05T16:55:03.075811Z,2026-09-05T16:55:03.075811Z
BDORY,4,Sell,A,D,B,C,2026-09-05T16:51:19.923346Z,2026-09-05T16:51:19.923346Z
BEAM,3,Hold,F,F,D,F,2026-09-05T18:44:45.843241Z,2026-09-05T18:44:45.843241Z
BEEP,3,Hold,D,C,B,C,2026-09-05T18:39:24.832019Z,2026-09-05T18:39:24.832019Z
BELFB,3,Hold,D,F,F,F,2026-09-05T16:57:26.188758Z,2026-09-05T16:57:26.188758Z
BGC,3,Hold,B,B,D,B,2026-09-05T18:44:14.167168Z,2026-09-05T18:44:14.167168Z
BHVN,3,Hold,F,A,F,D,2026-09-05T18:44:07.560233Z,2026-09-05T18:44:07.560233Z
BIDU,5,Strong Sell,D,F,F,F,2026-09-05T18:44:36.977450Z,2026-09-05T18:44:36.977450Z
BILI,4,Sell,B,B,B,B,2026-09-05T18:39:49.891111Z,2026-09-05T18:39:49.891111Z
BILL,1,Strong Buy,C,C,A,B,2026-09-05T18:44:02.035936Z,2026-09-05T18:44:02.035936Z
BIO,3,Hold,C,D,C,D,2026-09-05T17:14:54.484002Z,2026-09-05T17:14:54.484002Z
BIOA,3,Hold,F,F,B,F,2026-09-05T16:53:48.573177Z,2026-09-05T16:53:48.573177Z
BKGFY,3,Hold,A,F,C,C,2026-09-05T18:39:37.958987Z,2026-09-05T18:39:37.958987Z
BLBD,3,Hold,A,C,B,A,2026-09-05T18:41:36.778450Z,2026-09-05T18:41:36.778450Z
BLDP,3,Hold,F,B,B,D,2026-09-05T18:44:43.350829Z,2026-09-05T18:44:43.350829Z
BLND,3,Hold,D,A,B,B,2026-09-05T17:02:59.955781Z,2026-09-05T17:02:59.955781Z
BLSH,3,Hold,F,B,D,D,2026-09-05T16:58:02.191342Z,2026-09-05T16:58:02.191342Z
BMNR,4,Sell,F,B,D,D,2026-09-05T18:41:14.246201Z,2026-09-05T18:41:14.246201Z
BMO,3,Hold,C,B,A,B,2026-09-05T16:57:20.562944Z,2026-09-05T16:57:20.562944Z
BMRRY,2,Buy,A,A,F,A,2026-09-05T16:54:51.088109Z,2026-09-05T16:54:51.088109Z
BNY,2,Buy,F,D,B,F,2026-09-05T16:51:56.679876Z,2026-09-05T16:51:56.679876Z
BOOM,2,Buy,A,F,F,D,2026-09-05T16:59:37.177866Z,2026-09-05T16:59:37.177866Z
BORAY,4,Sell,B,D,F,C,2026-09-05T16:53:28.880624Z,2026-09-05T16:53:28.880624Z
BORR,3,Hold,C,D,B,C,2026-09-05T18:43:56.657391Z,2026-09-05T18:43:56.657391Z
BOW,3,Hold,B,C,D,B,2026-09-05T16:51:49.427455Z,2026-09-05T16:51:49.427455Z
BPCGY,4,Sell,D,D,A,D,2026-09-05T16:54:58.867145Z,2026-09-05T16:54:58.867145Z
BPOP,2,Buy,B,C,C,B,2026-09-05T18:36:47.862059Z,2026-09-05T18:36:47.862059Z
BRBR,3,Hold,A,B,F,B,2026-09-05T16:57:36.129528Z,2026-09-05T16:57:36.129528Z
BRK.B,2,Buy,D,F,A,D,2026-09-05T16:55:41.600814Z,2026-09-05T16:55:41.600814Z
BRLT,2,Buy,B,A,C,A,2026-09-05T16:59:44.090278Z,2026-09-05T16:59:44.090278Z
BRO,3,Hold,D,D,D,F,2026-09-05T16:54:56.745295Z,2026-09-05T16:54:56.745295Z
BRSP,4,Sell,C,F,D,D,2026-09-05T17:22:50.651210Z,2026-09-05T17:22:50.651210Z
BTU,5,Strong Sell,C,D,A,C,2026-09-05T18:47:18.107904Z,2026-09-05T18:47:18.107904Z
BUSE,3,Hold,C,F,C,D,2026-09-05T16:51:46.350776Z,2026-09-05T16:51:46.350776Z
BV,4,Sell,A,D,D,B,2026-09-05T16:55:22.832805Z,2026-09-05T16:55:22.832805Z
BWFG,1,Strong Buy,C,F,D,F,2026-09-05T17:02:10.585343Z,2026-09-05T17:02:10.585343Z
BWXT,3,Hold,D,C,C,D,2026-09-05T17:03:05.971509Z,2026-09-05T17:03:05.971509Z
BYDDY,2,Buy,A,C,B,B,2026-09-05T16:52:30.803460Z,2026-09-05T16:52:30.803460Z
BZLFY,2,Buy,B,A,A,A,2026-09-05T16:54:18.876352Z,2026-09-05T16:54:18.876352Z
CABGY,3,Hold,B,A,B,A,2026-09-05T17:03:01.056783Z,2026-09-05T17:03:01.056783Z
CABO,5,Strong Sell,A,D,C,C,2026-09-05T16:54:55.850203Z,2026-09-05T16:54:55.850203Z
CACI,2,Buy,B,B,C,A,2026-09-05T18:39:10.290262Z,2026-09-05T18:39:10.290262Z
CADL,4,Sell,D,D,C,D,2026-09-05T16:59:29.969012Z,2026-09-05T16:59:29.969012Z
CAMP,3,Hold,F,D,A,F,2026-09-05T18:38:00.326586Z,2026-09-05T18:38:00.326586Z
CAR,3,Hold,A,C,F,B,2026-09-05T18:40:36.580942Z,2026-09-05T18:40:36.580942Z
CASS,3,Hold,C,C,C,B,2026-09-05T16:52:29.657108Z,2026-09-05T16:52:29.657108Z
CAT,1,Strong Buy,F,C,C,D,2026-09-05T18:36:38.747728Z,2026-09-05T18:36:38.747728Z
CATX,3,Hold,F,F,B,F,2026-09-05T16:57:52.195150Z,2026-09-05T16:57:52.195150Z
CBIO,3,Hold,F,C,C,D,2026-09-05T18:42:04.324532Z,2026-09-05T18:42:04.324532Z
CBNK,2,Buy,A,F,D,D,2026-09-05T18:46:57.235800Z,2026-09-05T18:46:57.235800Z
CBRL,1,Strong Buy,A,C,A,A,2026-09-05T18:41:59.776805Z,2026-09-05T18:41:59.776805Z
CBSH,3,Hold,B,D,D,D,2026-09-05T18:47:20.971729Z,2026-09-05T18:47:20.971729Z
CBZ,2,Buy,A,B,F,B,2026-09-05T16:53:46.279645Z,2026-09-05T16:53:46.279645Z
CCBG,3,Hold,C,F,C,F,2026-09-05T16:52:23.474667Z,2026-09-05T16:52:23.474667Z
CDE,4,Sell,D,B,D,C,2026-09-05T16:51:57.705428Z,2026-09-05T16:51:57.705428Z
CDZI,4,Sell,F,F,D,F,2026-09-05T18:42:07.589084Z,2026-09-05T18:42:07.589084Z
CEPL,3,Hold,C,A,A,A,2026-09-05T16:54:03.284051Z,2026-09-05T16:54:03.284051Z
CFG,2,Buy,B,F,B,D,2026-09-05T17:10:08.836107Z,2026-09-05T17:10:08.836107Z
CFRUY,2,Buy,F,B,A,C,2026-09-05T16:56:28.994671Z,2026-09-05T16:56:28.994671Z
CGEN,2,Buy,B,F,B,C,2026-09-05T18:40:02.803019Z,2026-09-05T18:40:02.803019Z
CHBAY,2,Buy,D,F,A,F,2026-09-05T18:42:49.748067Z,2026-09-05T18:42:49.748067Z
CHGCY,4,Sell,C,C,D,C,2026-09-05T18:40:27.196130Z,2026-09-05T18:40:27.196130Z
CHH,3,Hold,C,F,F,F,2026-09-05T16:56:35.100154Z,2026-09-05T16:56:35.100154Z
CHRW,3,Hold,C,B,C,C,2026-09-05T16:55:32.743097Z,2026-09-05T16:55:32.743097Z
CIGI,2,Buy,A,B,B,A,2026-09-05T18:40:24.198708Z,2026-09-05T18:40:24.198708Z
CLAR,3,Hold,C,A,A,A,2026-09-05T16:58:50.087306Z,2026-09-05T16:58:50.087306Z
CLH,3,Hold,C,B,B,B,2026-09-05T18:41:40.377024Z,2026-09-05T18:41:40.377024Z
CLMB,3,Hold,B,A,C,A,2026-09-05T18:49:13.419189Z,2026-09-05T18:49:13.419189Z
CLNE,3,Hold,C,F,B,D,2026-09-05T18:46:11.898408Z,2026-09-05T18:46:11.898408Z
CMP,3,Hold,B,A,A,A,2026-09-05T15:38:43.771581Z,2026-09-05T15:38:43.771581Z
CMRC,3,Hold,B,A,F,B,2026-09-05T16:59:52.263650Z,2026-09-05T16:59:52.263650Z
CMTG,4,Sell,F,F,A,F,2026-09-05T18:45:04.871525Z,2026-09-05T18:45:04.871525Z
CMWAY,4,Sell,F,D,C,F,2026-09-05T17:05:23.607234Z,2026-09-05T17:05:23.607234Z
CNC,1,Strong Buy,A,A,F,A,2026-09-05T16:53:49.438414Z,2026-09-05T16:53:49.438414Z
CNDT,3,Hold,D,B,F,D,2026-09-05T17:02:48.745417Z,2026-09-05T17:02:48.745417Z
CNH,3,Hold,B,F,B,C,2026-09-05T18:47:47.462715Z,2026-09-05T18:47:47.462715Z
CNMD,3,Hold,A,C,D,B,2026-09-05T17:07:23.745947Z,2026-09-05T17:07:23.745947Z
CNS,3,Hold,F,C,A,D,2026-09-05T18:43:17.884674Z,2026-09-05T18:43:17.884674Z
CNTB,3,Hold,F,F,A,F,2026-09-05T16:54:27.489371Z,2026-09-05T16:54:27.489371Z
COF,3,Hold,A,C,C,B,2026-09-05T17:06:19.332255Z,2026-09-05T17:06:19.332255Z
COIHY,2,Buy,D,C,D,D,2026-09-05T18:42:01.332538Z,2026-09-05T18:42:01.332538Z
COOK,3,Hold,A,A,A,A,2026-09-05T16:57:44.286804Z,2026-09-05T16:57:44.286804Z
CPNG,4,Sell,C,C,F,D,2026-09-05T16:57:48.229018Z,2026-09-05T16:57:48.229018Z
CQP,3,Hold,B,C,C,B,2026-09-05T16:51:41.064080Z,2026-09-05T16:51:41.064080Z
CRM,3,Hold,C,B,A,A,2026-09-05T17:11:26.103147Z,2026-09-05T17:11:26.103147Z
CRNT,4,Sell,A,B,B,A,2026-09-05T18:41:42.641660Z,2026-09-05T18:41:42.641660Z
CRRFY,3,Hold,A,B,D,A,2026-09-05T16:54:45.502648Z,2026-09-05T16:54:45.502648Z
CRSP,3,Hold,F,F,A,F,2026-09-05T18:43:09.059860Z,2026-09-05T18:43:09.059860Z
CRTO,4,Sell,A,A,F,A,2026-09-05T16:59:42.579221Z,2026-09-05T16:59:42.579221Z
CRVS,3,Hold,C,F,F,F,2026-09-05T16:59:28.727760Z,2026-09-05T16:59:28.727760Z
CSAN,3,Hold,B,A,C,A,2026-09-05T17:23:52.366843Z,2026-09-05T17:23:52.366843Z
CSCO,2,Buy,F,C,B,D,2026-09-05T18:41:47.308251Z,2026-09-05T18:41:47.308251Z
CSL,3,Hold,C,C,A,B,2026-09-05T18:43:22.380719Z,2026-09-05T18:43:22.380719Z
CTGO,4,Sell,D,F,F,F,2026-09-05T18:39:08.206062Z,2026-09-05T18:39:08.206062Z
CTVA,3,Hold,D,F,F,F,2026-09-05T17:05:11.167714Z,2026-09-05T17:05:11.167714Z
CUBE,3,Hold,D,F,C,F,2026-09-05T16:54:59.481800Z,2026-09-05T16:54:59.481800Z
CW,3,Hold,D,B,C,C,2026-09-05T16:54:26.502963Z,2026-09-05T16:54:26.502963Z
CWBC,3,Hold,C,C,D,C,2026-09-05T16:59:38.686322Z,2026-09-05T16:59:38.686322Z
CYRBY,3,Hold,A,D,B,B,2026-09-05T16:55:35.948606Z,2026-09-05T16:55:35.948606Z
CZFS,2,Buy,C,F,F,F,2026-09-05T18:43:55.878037Z,2026-09-05T18:43:55.878037Z
CZNC,2,Buy,C,C,D,C,2026-09-05T18:47:01.266544Z,2026-09-05T18:47:01.266544Z
DAN,5,Strong Sell,A,B,D,A,2026-09-05T16:58:37.165541Z,2026-09-05T16:58:37.165541Z
DASH,3,Hold,F,B,A,B,2026-09-05T18:41:03.715110Z,2026-09-05T18:41:03.715110Z
DAVA,3,Hold,A,C,B,A,2026-09-05T16:53:52.543809Z,2026-09-05T16:53:52.543809Z
DCOM,3,Hold,B,C,D,C,2026-09-05T18:44:10.719072Z,2026-09-05T18:44:10.719072Z
DCTH,1,Strong Buy,F,C,D,D,2026-09-05T18:47:19.003420Z,2026-09-05T18:47:19.003420Z
DIBS,2,Buy,F,A,D,C,2026-09-05T18:47:49.607164Z,2026-09-05T18:47:49.607164Z
DK,1,Strong Buy,A,A,A,A,2026-09-05T18:44:36.122844Z,2026-09-05T18:44:36.122844Z
DLMAF,2,Buy,F,A,B,C,2026-09-05T16:52:22.215796Z,2026-09-05T16:52:22.215796Z
DMRA,4,Sell,D,C,C,D,2026-09-05T16:59:27.496883Z,2026-09-05T16:59:27.496883Z
DNLMY,4,Sell,A,A,F,A,2026-09-05T17:12:08.197301Z,2026-09-05T17:12:08.197301Z
DOCS,3,Hold,D,C,F,D,2026-09-05T16:53:41.708894Z,2026-09-05T16:53:41.708894Z
DOLE,3,Hold,A,D,D,B,2026-09-05T18:39:44.378389Z,2026-09-05T18:39:44.378389Z
DPC,3,Hold,D,C,A,D,2026-09-05T18:46:48.391494Z,2026-09-05T18:46:48.391494Z
DQJCY,3,Hold,B,F,D,D,2026-09-05T16:54:52.872336Z,2026-09-05T16:54:52.872336Z
DRI,3,Hold,C,A,B,A,2026-09-05T16:56:25.365963Z,2026-09-05T16:56:25.365963Z
DRUG,2,Buy,C,F,B,D,2026-09-05T18:45:07.169825Z,2026-09-05T18:45:07.169825Z
DSNKY,4,Sell,B,B,B,B,2026-09-05T16:55:04.804157Z,2026-09-05T16:55:04.804157Z
DTE,3,Hold,C,D,F,D,2026-09-05T17:14:30.061508Z,2026-09-05T17:14:30.061508Z
DTIL,4,Sell,F,B,B,D,2026-09-05T16:55:43.047668Z,2026-09-05T16:55:43.047668Z
DUAVF,3,Hold,C,C,C,D,2026-09-05T17:00:11.915548Z,2026-09-05T17:00:11.915548Z
DVLT,3,Hold,D,F,B,F,2026-09-05T17:17:04.393894Z,2026-09-05T17:17:04.393894Z
DY,3,Hold,B,A,B,A,2026-09-05T18:41:01.658490Z,2026-09-05T18:41:01.658490Z
EC,3,Hold,A,B,C,A,2026-09-05T18:39:58.353891Z,2026-09-05T18:39:58.353891Z
ECHO,3,Hold,F,C,F,F,2026-09-05T18:44:35.286161Z,2026-09-05T18:44:35.286161Z
ECVT,3,Hold,A,B,D,A,2026-09-05T16:51:59.649096Z,2026-09-05T16:51:59.649096Z
EDIT,3,Hold,F,C,A,D,2026-09-05T18:38:08.233833Z,2026-09-05T18:38:08.233833Z
EFC,2,Buy,F,F,C,F,2026-09-05T17:24:11.062907Z,2026-09-05T17:24:11.062907Z
EFOR,2,Buy,A,F,F,C,2026-09-05T16:55:36.800501Z,2026-09-05T16:55:36.800501Z
EIG,3,Hold,D,F,C,F,2026-09-05T18:40:30.011948Z,2026-09-05T18:40:30.011948Z
ELAN,3,Hold,C,B,B,B,2026-09-05T18:42:53.743196Z,2026-09-05T18:42:53.743196Z
ELE,4,Sell,F,D,C,F,2026-09-05T18:45:53.152925Z,2026-09-05T18:45:53.152925Z
ELMT,2,Buy,C,C,A,B,2026-09-05T16:51:58.826588Z,2026-09-05T16:51:58.826588Z
ELVN,3,Hold,C,D,F,F,2026-09-05T17:04:16.450465Z,2026-09-05T17:04:16.450465Z
ENLT,3,Hold,F,B,A,C,2026-09-05T18:44:46.615407Z,2026-09-05T18:44:46.615407Z
ENS,2,Buy,A,A,A,A,2026-09-05T16:56:32.055470Z,2026-09-05T16:56:32.055470Z
ENVA,2,Buy,A,A,C,A,2026-09-05T18:45:39.831046Z,2026-09-05T18:45:39.831046Z
EONGY,4,Sell,B,B,A,A,2026-09-05T16:59:53.495108Z,2026-09-05T16:59:53.495108Z
EOSE,4,Sell,F,D,F,F,2026-09-05T16:58:00.263313Z,2026-09-05T16:58:00.263313Z
EPD,3,Hold,B,B,A,A,2026-09-05T17:01:44.051010Z,2026-09-05T17:01:44.051010Z
EQ,3,Hold,D,D,A,D,2026-09-05T18:37:58.207758Z,2026-09-05T18:37:58.207758Z
ESLOY,3,Hold,B,C,C,C,2026-09-05T16:53:51.657481Z,2026-09-05T16:53:51.657481Z
ESTA,3,Hold,F,B,F,D,2026-09-05T18:47:17.292289Z,2026-09-05T18:47:17.292289Z
ETR,3,Hold,C,C,F,D,2026-09-05T18:45:21.492639Z,2026-09-05T18:45:21.492639Z
EVLV,4,Sell,F,A,A,B,2026-09-05T16:55:48.949494Z,2026-09-05T16:55:48.949494Z
EVMNY,3,Hold,F,D,D,F,2026-09-05T18:44:45.199852Z,2026-09-05T18:44:45.199852Z
EWTX,3,Hold,C,F,D,F,2026-09-05T18:41:42.361465Z,2026-09-05T18:41:42.361465Z
EXP,3,Hold,B,C,D,B,2026-09-05T16:54:53.734440Z,2026-09-05T16:54:53.734440Z
EXPD,1,Strong Buy,D,C,C,D,2026-09-05T16:55:49.662208Z,2026-09-05T16:55:49.662208Z
EXPO,2,Buy,D,D,D,F,2026-09-05T16:54:25.501506Z,2026-09-05T16:54:25.501506Z
FBP,2,Buy,C,F,C,D,2026-09-05T18:41:09.813854Z,2026-09-05T18:41:09.813854Z
FCCO,2,Buy,C,F,D,F,2026-09-05T16:59:08.961715Z,2026-09-05T16:59:08.961715Z
FCEL,3,Hold,F,C,A,D,2026-09-05T16:54:54.313715Z,2026-09-05T16:54:54.313715Z
FENC,3,Hold,D,B,A,B,2026-09-05T18:42:30.859741Z,2026-09-05T18:42:30.859741Z
FFIN,3,Hold,D,F,D,F,2026-09-05T18:37:18.415308Z,2026-09-05T18:37:18.415308Z
FG,5,Strong Sell,A,F,F,D,2026-09-05T18:42:51.938635Z,2026-09-05T18:42:51.938635Z
FGBI,3,Hold,A,B,C,A,2026-09-05T18:44:17.758607Z,2026-09-05T18:44:17.758607Z
FHTX,3,Hold,F,D,A,D,2026-09-05T16:55:21.071132Z,2026-09-05T16:55:21.071132Z
FIBK,3,Hold,C,F,C,D,2026-09-05T18:40:22.991463Z,2026-09-05T18:40:22.991463Z
FIG,3,Hold,F,D,A,F,2026-09-05T15:39:53.019983Z,2026-09-05T15:39:53.019983Z
FISV,5,Strong Sell,B,D,F,D,2026-09-05T18:44:12.113092Z,2026-09-05T18:44:12.113092Z
FIVN,2,Buy,B,B,D,B,2026-09-05T16:54:01.640658Z,2026-09-05T16:54:01.640658Z
FLEX,3,Hold,B,C,C,B,2026-09-05T16:55:44.975459Z,2026-09-05T16:55:44.975459Z
FLO,4,Sell,A,B,B,A,2026-09-05T18:48:54.935286Z,2026-09-05T18:48:54.935286Z
FLOC,4,Sell,B,B,B,A,2026-09-05T16:52:11.715022Z,2026-09-05T16:52:11.715022Z
FLWS,3,Hold,D,A,F,C,2026-09-05T18:38:09.183669Z,2026-09-05T18:38:09.183669Z
FMC,5,Strong Sell,C,B,A,B,2026-09-05T16:55:38.319065Z,2026-09-05T16:55:38.319065Z
FND,3,Hold,B,C,B,B,2026-09-05T18:44:59.600380Z,2026-09-05T18:44:59.600380Z
FORM,1,Strong Buy,F,A,B,C,2026-09-05T17:09:45.912120Z,2026-09-05T17:09:45.912120Z
FORR,3,Hold,B,A,F,A,2026-09-05T18:37:39.310823Z,2026-09-05T18:37:39.310823Z
FOSL,2,Buy,D,F,B,F,2026-09-05T17:03:52.597412Z,2026-09-05T17:03:52.597412Z
FRSH,3,Hold,D,A,B,B,2026-09-05T17:02:59.275394Z,2026-09-05T17:02:59.275394Z
FRT,3,Hold,C,F,F,F,2026-09-05T16:55:51.953895Z,2026-09-05T16:55:51.953895Z
FSUGY,3,Hold,B,B,A,A,2026-09-05T18:42:56.248996Z,2026-09-05T18:42:56.248996Z
FSV,3,Hold,B,B,B,B,2026-09-05T16:59:31.589114Z,2026-09-05T16:59:31.589114Z
FTAI,3,Hold,D,F,F,F,2026-09-05T18:46:59.137349Z,2026-09-05T18:46:59.137349Z
FTDR,2,Buy,B,B,F,B,2026-09-05T18:47:00.015180Z,2026-09-05T18:47:00.015180Z
FTRE,3,Hold,A,B,F,A,2026-09-05T16:51:35.804416Z,2026-09-05T16:51:35.804416Z
FTV,3,Hold,C,D,B,D,2026-09-05T16:55:20.293061Z,2026-09-05T16:55:20.293061Z
FUL,3,Hold,A,C,D,B,2026-09-05T16:55:37.609541Z,2026-09-05T16:55:37.609541Z
FURY,2,Buy,F,F,A,F,2026-09-05T16:51:47.285427Z,2026-09-05T16:51:47.285427Z
FVRR,4,Sell,B,D,C,C,2026-09-05T17:20:34.095295Z,2026-09-05T17:20:34.095295Z
GDOT,5,Strong Sell,A,B,C,B,2026-09-05T16:55:05.381996Z,2026-09-05T16:55:05.381996Z
GDYN,2,Buy,B,C,F,C,2026-09-05T18:43:25.431782Z,2026-09-05T18:43:25.431782Z
GEN,3,Hold,B,D,B,C,2026-09-05T16:59:43.319969Z,2026-09-05T16:59:43.319969Z
GKOS,3,Hold,F,A,B,B,2026-09-05T18:43:54.421586Z,2026-09-05T18:43:54.421586Z
GLIBA,5,Strong Sell,B,C,C,B,2026-09-05T17:08:25.486659Z,2026-09-05T17:08:25.486659Z
GLOO,3,Hold,F,D,B,F,2026-09-05T18:46:11.129603Z,2026-09-05T18:46:11.129603Z
GNGBY,2,Buy,B,B,D,B,2026-09-05T18:48:38.961788Z,2026-09-05T18:48:38.961788Z
GNW,2,Buy,A,F,B,B,2026-09-05T16:58:24.318398Z,2026-09-05T16:58:24.318398Z
GOLF,3,Hold,D,A,C,B,2026-09-05T18:48:26.812459Z,2026-09-05T18:48:26.812459Z
GOOD,4,Sell,B,D,D,D,2026-09-05T18:48:25.406862Z,2026-09-05T18:48:25.406862Z
GPN,3,Hold,A,F,D,D,2026-09-05T18:39:37.263333Z,2026-09-05T18:39:37.263333Z
GPRE,4,Sell,B,A,A,A,2026-09-05T18:43:11.219958Z,2026-09-05T18:43:11.219958Z
GPRO,5,Strong Sell,F,B,D,D,2026-09-05T17:13:42.320124Z,2026-09-05T17:13:42.320124Z
GSAT,5,Strong Sell,F,C,F,F,2026-09-05T18:45:55.358685Z,2026-09-05T18:45:55.358685Z
GSBC,3,Hold,C,F,C,F,2026-09-05T16:56:27.434310Z,2026-09-05T16:56:27.434310Z
GTX,2,Buy,A,C,B,A,2026-09-05T18:47:19.883362Z,2026-09-05T18:47:19.883362Z
GWRE,3,Hold,F,B,D,D,2026-09-05T18:36:59.848918Z,2026-09-05T18:36:59.848918Z
HALO,2,Buy,B,A,C,A,2026-09-05T16:58:38.401480Z,2026-09-05T16:58:38.401480Z
HAPN,2,Buy,C,F,C,D,2026-09-05T18:42:32.565882Z,2026-09-05T18:42:32.565882Z
HAS,3,Hold,C,B,B,B,2026-09-05T16:55:47.364172Z,2026-09-05T16:55:47.364172Z
HCSG,1,Strong Buy,A,A,B,A,2026-09-05T18:39:40.646410Z,2026-09-05T18:39:40.646410Z
HCXLY,4,Sell,C,C,A,C,2026-09-05T16:57:45.590346Z,2026-09-05T16:57:45.590346Z
HE,4,Sell,B,F,B,D,2026-09-05T18:46:58.115129Z,2026-09-05T18:46:58.115129Z
HEI.A,2,Buy,F,B,A,C,2026-09-05T18:38:07.324786Z,2026-09-05T18:38:07.324786Z
HESAY,3,Hold,F,B,A,C,2026-09-05T17:20:54.655084Z,2026-09-05T17:20:54.655084Z
HGTY,1,Strong Buy,F,C,D,D,2026-09-05T16:54:20.885335Z,2026-09-05T16:54:20.885335Z
HLF,2,Buy,A,C,B,A,2026-09-05T15:40:49.587028Z,2026-09-05T15:40:49.587028Z
HLI,5,Strong Sell,D,D,D,F,2026-09-05T16:55:34.293738Z,2026-09-05T16:55:34.293738Z
HLIO,2,Buy,C,B,A,B,2026-09-05T16:55:02.262140Z,2026-09-05T16:55:02.262140Z
HLMN,3,Hold,A,C,F,B,2026-09-05T18:36:46.751566Z,2026-09-05T18:36:46.751566Z
HMN,2,Buy,A,D,C,B,2026-09-05T16:55:46.576099Z,2026-09-05T16:55:46.576099Z
HR,2,Buy,C,F,B,D,2026-09-05T18:36:50.018193Z,2026-09-05T18:36:50.018193Z
HRB,2,Buy,A,C,F,B,2026-09-05T16:51:55.638580Z,2026-09-05T16:51:55.638580Z
HSDT,3,Hold,F,C,C,F,2026-09-05T16:58:00.900850Z,2026-09-05T16:58:00.900850Z
HTB,3,Hold,B,D,D,C,2026-09-05T15:38:09.264516Z,2026-09-05T15:38:09.264516Z
HTFL,3,Hold,F,A,A,B,2026-09-05T18:37:11.757319Z,2026-09-05T18:37:11.757319Z
HTZ,3,Hold,A,C,F,B,2026-09-05T17:19:39.283342Z,2026-09-05T17:19:39.283342Z
HUBB,3,Hold,D,D,C,D,2026-09-05T17:22:37.386320Z,2026-09-05T17:22:37.386320Z
HWDJY,3,Hold,B,A,D,A,2026-09-05T16:52:34.129300Z,2026-09-05T16:52:34.129300Z
HY,3,Hold,B,D,F,D,2026-09-05T16:57:21.955271Z,2026-09-05T16:57:21.955271Z
IBP,2,Buy,C,C,D,C,2026-09-05T18:37:36.989732Z,2026-09-05T18:37:36.989732Z
IDXX,3,Hold,D,A,C,B,2026-09-05T18:39:04.583992Z,2026-09-05T18:39:04.583992Z
IFNNY,3,Hold,D,C,D,D,2026-09-05T17:24:50.530477Z,2026-09-05T17:24:50.530477Z
IHRT,3,Hold,B,A,F,B,2026-09-05T16:56:33.664802Z,2026-09-05T16:56:33.664802Z
IMO,3,Hold,B,A,A,A,2026-09-05T18:46:13.868010Z,2026-09-05T18:46:13.868010Z
INBX,4,Sell,F,D,A,D,2026-09-05T17:02:36.324736Z,2026-09-05T17:02:36.324736Z
INFY,4,Sell,B,B,D,B,2026-09-05T16:52:18.788322Z,2026-09-05T16:52:18.788322Z
INGM,3,Hold,A,C,B,A,2026-09-05T18:41:38.876676Z,2026-09-05T18:41:38.876676Z
INIO,2,Buy,D,C,B,D,2026-09-05T17:02:57.218780Z,2026-09-05T17:02:57.218780Z
INO,2,Buy,F,D,D,F,2026-09-05T16:57:23.301602Z,2026-09-05T16:57:23.301602Z
IOT,3,Hold,F,A,A,B,2026-09-05T18:37:34.821925Z,2026-09-05T18:37:34.821925Z
IRT,3,Hold,C,F,D,F,2026-09-05T16:53:53.365371Z,2026-09-05T16:53:53.365371Z
ISBA,4,Sell,C,D,A,C,2026-09-05T16:57:58.775314Z,2026-09-05T16:57:58.775314Z
ISRG,3,Hold,D,B,D,C,2026-09-05T16:59:26.134705Z,2026-09-05T16:59:26.134705Z
ITG,3,Hold,B,C,C,C,2026-09-05T17:07:50.888920Z,2026-09-05T17:07:50.888920Z
ITOCY,2,Buy,B,A,D,A,2026-09-05T18:37:10.749188Z,2026-09-05T18:37:10.749188Z
ITRI,2,Buy,A,D,F,D,2026-09-05T16:53:47.821711Z,2026-09-05T16:53:47.821711Z
JAKK,3,Hold,A,A,D,A,2026-09-05T15:39:19.504465Z,2026-09-05T15:39:19.504465Z
JOUT,3,Hold,C,A,B,A,2026-09-05T16:57:00.390166Z,2026-09-05T16:57:00.390166Z
KDK,3,Hold,F,D,A,F,2026-09-05T18:46:10.300351Z,2026-09-05T18:46:10.300351Z
KDP,3,Hold,C,C,C,C,2026-09-05T17:17:49.428584Z,2026-09-05T17:17:49.428584Z
KFRC,3,Hold,B,D,B,C,2026-09-05T18:39:52.590148Z,2026-09-05T18:39:52.590148Z
KIDS,3,Hold,D,A,C,B,2026-09-05T18:42:45.705933Z,2026-09-05T18:42:45.705933Z
KIROY,3,Hold,A,A,D,A,2026-09-05T15:39:04.797566Z,2026-09-05T15:39:04.797566Z
KKPNF,3,Hold,B,A,A,A,2026-09-05T16:53:56.677135Z,2026-09-05T16:53:56.677135Z
KLBAY,3,Hold,C,F,F,F,2026-09-05T16:57:40.365772Z,2026-09-05T16:57:40.365772Z
KLYCY,4,Sell,A,B,B,A,2026-09-05T18:38:52.231346Z,2026-09-05T18:38:52.231346Z
KREF,2,Buy,D,F,F,F,2026-09-05T17:01:41.270543Z,2026-09-05T17:01:41.270543Z
KROS,3,Hold,F,C,F,F,2026-09-05T18:42:26.328333Z,2026-09-05T18:42:26.328333Z
KRYAY,3,Hold,C,C,C,C,2026-09-05T16:57:24.024751Z,2026-09-05T16:57:24.024751Z
KUYAF,4,Sell,F,C,D,F,2026-09-05T18:41:44.883898Z,2026-09-05T18:41:44.883898Z
KWR,1,Strong Buy,C,D,A,D,2026-09-05T17:14:12.453239Z,2026-09-05T17:14:12.453239Z
LAKE,3,Hold,D,A,F,C,2026-09-05T18:43:14.616903Z,2026-09-05T18:43:14.616903Z
LAND,3,Hold,C,C,B,C,2026-09-05T17:02:50.345324Z,2026-09-05T17:02:50.345324Z
LCII,4,Sell,A,A,B,A,2026-09-05T16:52:12.745116Z,2026-09-05T16:52:12.745116Z
LCLN,3,Hold,B,C,B,B,2026-09-05T16:55:30.283996Z,2026-09-05T16:55:30.283996Z
LCUT,2,Buy,A,B,A,A,2026-09-05T18:39:35.216931Z,2026-09-05T18:39:35.216931Z
LEA,3,Hold,A,A,F,A,2026-09-05T17:13:35.387290Z,2026-09-05T17:13:35.387290Z
LECO,3,Hold,D,B,A,B,2026-09-05T17:02:37.377641Z,2026-09-05T17:02:37.377641Z
LFCR,3,Hold,C,D,D,D,2026-09-05T18:44:37.696506Z,2026-09-05T18:44:37.696506Z
LGN,1,Strong Buy,C,A,A,B,2026-09-05T15:39:30.401000Z,2026-09-05T15:39:30.401000Z
LGRDY,3,Hold,C,B,D,C,2026-09-05T18:37:59.553575Z,2026-09-05T18:37:59.553575Z
LIEN,3,Hold,D,F,D,F,2026-09-05T18:43:09.878321Z,2026-09-05T18:43:09.878321Z
LIFE,2,Buy,F,D,C,F,2026-09-05T16:57:55.316074Z,2026-09-05T16:57:55.316074Z
LITE,1,Strong Buy,F,A,B,C,2026-09-05T18:46:16.920433Z,2026-09-05T18:46:16.920433Z
LKNCY,1,Strong Buy,B,B,D,B,2026-09-05T18:37:33.254991Z,2026-09-05T18:37:33.254991Z
LLYVK,5,Strong Sell,F,D,C,F,2026-09-05T16:54:58.410763Z,2026-09-05T16:54:58.410763Z
LNVGY,3,Hold,A,A,B,A,2026-09-05T18:45:49.717668Z,2026-09-05T18:45:49.717668Z
LOB,2,Buy,C,F,C,F,2026-09-05T16:51:39.180002Z,2026-09-05T16:51:39.180002Z
LOGI,3,Hold,D,A,F,C,2026-09-05T18:36:48.920125Z,2026-09-05T18:36:48.920125Z
LSEGY,3,Hold,D,F,B,D,2026-09-05T16:59:32.381467Z,2026-09-05T16:59:32.381467Z
LTGHY,3,Hold,B,C,D,C,2026-09-05T15:37:21.329678Z,2026-09-05T15:37:21.329678Z
LUNR,3,Hold,F,F,D,F,2026-09-05T16:51:42.744014Z,2026-09-05T16:51:42.744014Z
LXU,3,Hold,A,B,F,B,2026-09-05T16:57:43.646280Z,2026-09-05T16:57:43.646280Z
LYV,3,Hold,D,A,B,A,2026-09-05T16:54:02.337979Z,2026-09-05T16:54:02.337979Z
LZ,3,Hold,A,A,F,A,2026-09-05T18:43:03.069631Z,2026-09-05T18:43:03.069631Z
LZM,4,Sell,F,F,C,F,2026-09-05T18:41:18.457585Z,2026-09-05T18:41:18.457585Z
M,2,Buy,A,B,C,A,2026-09-05T16:55:39.859661Z,2026-09-05T16:55:39.859661Z
MAC,3,Hold,C,D,F,F,2026-09-05T18:42:24.258412Z,2026-09-05T18:42:24.258412Z
MAKSY,3,Hold,A,A,B,A,2026-09-05T18:37:44.807811Z,2026-09-05T18:37:44.807811Z
MARUY,3,Hold,B,B,C,B,2026-09-05T16:57:24.925577Z,2026-09-05T16:57:24.925577Z
MBIN,1,Strong Buy,F,F,B,F,2026-09-05T17:23:00.140078Z,2026-09-05T17:23:00.140078Z
MBRFY,4,Sell,B,C,A,B,2026-09-05T16:59:50.258721Z,2026-09-05T16:59:50.258721Z
MCHB,2,Buy,C,B,D,C,2026-09-05T15:39:42.908630Z,2026-09-05T15:39:42.908630Z
MCO,3,Hold,F,B,B,C,2026-09-05T18:41:15.555133Z,2026-09-05T18:41:15.555133Z
MDT,3,Hold,B,B,C,B,2026-09-05T17:24:32.809386Z,2026-09-05T17:24:32.809386Z
MEC,3,Hold,C,F,F,F,2026-09-05T16:57:57.950440Z,2026-09-05T16:57:57.950440Z
MED,2,Buy,D,C,F,D,2026-09-05T16:55:27.651816Z,2026-09-05T16:55:27.651816Z
MEOH,3,Hold,A,A,C,A,2026-09-05T17:01:39.544120Z,2026-09-05T17:01:39.544120Z
MGA,3,Hold,A,A,F,A,2026-09-05T18:45:08.130405Z,2026-09-05T18:45:08.130405Z
MGTX,3,Hold,D,A,A,A,2026-09-05T17:00:26.052038Z,2026-09-05T17:00:26.052038Z
MH,3,Hold,A,A,C,A,2026-09-05T18:39:05.570374Z,2026-09-05T18:39:05.570374Z
MIRM,3,Hold,D,F,C,F,2026-09-05T17:10:18.341999Z,2026-09-05T17:10:18.341999Z
MITK,2,Buy,D,B,B,B,2026-09-05T18:45:02.865443Z,2026-09-05T18:45:02.865443Z
MKKGY,3,Hold,A,D,B,B,2026-09-05T18:41:22.381618Z,2026-09-05T18:41:22.381618Z
MKTX,3,Hold,D,F,D,F,2026-09-05T18:45:04.071213Z,2026-09-05T18:45:04.071213Z
MLR,3,Hold,A,A,A,A,2026-09-05T18:44:22.044329Z,2026-09-05T18:44:22.044329Z
MLYS,3,Hold,D,D,F,F,2026-09-05T16:54:49.644983Z,2026-09-05T16:54:49.644983Z
MNR,3,Hold,A,C,A,A,2026-09-05T17:02:57.815433Z,2026-09-05T17:02:57.815433Z
MNRO,5,Strong Sell,C,F,F,F,2026-09-05T18:41:51.708060Z,2026-09-05T18:41:51.708060Z
MP,5,Strong Sell,F,D,F,F,2026-09-05T18:42:48.090436Z,2026-09-05T18:42:48.090436Z
MPB,2,Buy,C,D,D,D,2026-09-05T16:59:23.909325Z,2026-09-05T16:59:23.909325Z
MPC,1,Strong Buy,A,A,C,A,2026-09-05T18:46:51.817583Z,2026-09-05T18:46:51.817583Z
MPLT,3,Hold,D,D,D,F,2026-09-05T16:53:54.942543Z,2026-09-05T16:53:54.942543Z
MPNGY,3,Hold,A,A,A,A,2026-09-05T17:02:09.097682Z,2026-09-05T17:02:09.097682Z
MSA,3,Hold,C,B,F,D,2026-09-05T16:53:57.317004Z,2026-09-05T16:53:57.317004Z
MSGE,1,Strong Buy,D,A,B,B,2026-09-05T18:37:13.940093Z,2026-09-05T18:37:13.940093Z
MTRX,3,Hold,B,A,B,A,2026-09-05T17:15:47.654899Z,2026-09-05T17:15:47.654899Z
MTSI,1,Strong Buy,F,C,A,D,2026-09-05T17:21:56.015279Z,2026-09-05T17:21:56.015279Z
MTUS,4,Sell,C,D,B,D,2026-09-05T18:44:00.807061Z,2026-09-05T18:44:00.807061Z
MURGY,3,Hold,B,C,A,B,2026-09-05T18:43:53.064267Z,2026-09-05T18:43:53.064267Z
MUX,4,Sell,D,B,B,C,2026-09-05T18:41:50.941982Z,2026-09-05T18:41:50.941982Z
MWA,2,Buy,B,B,C,B,2026-09-05T16:55:12.019946Z,2026-09-05T16:55:12.019946Z
MXCT,2,Buy,F,B,B,D,2026-09-05T17:12:54.602489Z,2026-09-05T17:12:54.602489Z
NAVI,3,Hold,B,F,A,C,2026-09-05T18:47:04.490039Z,2026-09-05T18:47:04.490039Z
NBIX,3,Hold,B,A,F,B,2026-09-05T18:41:00.849633Z,2026-09-05T18:41:00.849633Z
NCBDY,2,Buy,D,D,C,D,2026-09-05T16:56:30.462620Z,2026-09-05T16:56:30.462620Z
NCNO,3,Hold,D,A,C,C,2026-09-05T16:52:10.653552Z,2026-09-05T16:52:10.653552Z
NECB,3,Hold,B,F,D,D,2026-09-05T18:45:40.460973Z,2026-09-05T18:45:40.460973Z
NEE,3,Hold,D,D,D,F,2026-09-05T18:41:57.737950Z,2026-09-05T18:41:57.737950Z
NEO,2,Buy,D,A,C,B,2026-09-05T18:39:41.703726Z,2026-09-05T18:39:41.703726Z
NEOV,2,Buy,F,F,F,F,2026-09-05T18:37:00.553570Z,2026-09-05T18:37:00.553570Z
NEXA,3,Hold,A,A,F,A,2026-09-05T16:59:24.597861Z,2026-09-05T16:59:24.597861Z
NGG,3,Hold,B,D,C,C,2026-09-05T18:43:57.459827Z,2026-09-05T18:43:57.459827Z
NGVT,2,Buy,B,C,D,C,2026-09-05T17:16:45.205149Z,2026-09-05T17:16:45.205149Z
NKE,3,Hold,C,A,B,B,2026-09-05T18:44:40.921731Z,2026-09-05T18:44:40.921731Z
NMRA,2,Buy,D,A,A,B,2026-09-05T18:42:57.969136Z,2026-09-05T18:42:57.969136Z
NN,3,Hold,F,D,F,F,2026-09-05T18:36:43.052756Z,2026-09-05T18:36:43.052756Z
NOC,3,Hold,B,C,C,B,2026-09-05T17:18:31.656380Z,2026-09-05T17:18:31.656380Z
NPKI,2,Buy,D,C,C,C,2026-09-05T16:51:53.968014Z,2026-09-05T16:51:53.968014Z
NPSNY,3,Hold,A,C,B,B,2026-09-05T16:59:22.587506Z,2026-09-05T16:59:22.587506Z
NRIX,3,Hold,F,F,A,F,2026-09-05T18:39:59.372909Z,2026-09-05T18:39:59.372909Z
NTSK,2,Buy,F,F,A,F,2026-09-05T16:55:09.611696Z,2026-09-05T16:55:09.611696Z
NVAX,3,Hold,C,C,F,D,2026-09-05T18:42:43.657706Z,2026-09-05T18:42:43.657706Z
NVCR,2,Buy,D,A,D,B,2026-09-05T18:41:16.381140Z,2026-09-05T18:41:16.381140Z
NVRI,4,Sell,B,C,D,C,2026-09-05T18:37:41.104002Z,2026-09-05T18:37:41.104002Z
NVZMY,3,Hold,F,D,A,D,2026-09-05T17:10:33.009441Z,2026-09-05T17:10:33.009441Z
NWFL,3,Hold,B,D,F,D,2026-09-05T17:24:21.783362Z,2026-09-05T17:24:21.783362Z
NXDR,2,Buy,F,A,B,B,2026-09-05T16:52:00.654722Z,2026-09-05T16:52:00.654722Z
NXRT,3,Hold,B,D,B,B,2026-09-05T17:03:45.825531Z,2026-09-05T17:03:45.825531Z
ODFL,2,Buy,F,C,A,D,2026-09-05T16:51:45.356412Z,2026-09-05T16:51:45.356412Z
OFG,1,Strong Buy,B,F,D,F,2026-09-05T18:41:19.605247Z,2026-09-05T18:41:19.605247Z
OMSE,3,Hold,A,B,C,A,2026-09-05T18:41:39.552048Z,2026-09-05T18:41:39.552048Z
ONB,3,Hold,C,C,C,C,2026-09-05T16:57:46.415384Z,2026-09-05T16:57:46.415384Z
ONDS,4,Sell,F,F,F,F,2026-09-05T16:55:07.394046Z,2026-09-05T16:55:07.394046Z
ORANY,3,Hold,A,B,A,A,2026-09-05T18:40:54.862758Z,2026-09-05T18:40:54.862758Z
ORIC,3,Hold,D,C,D,D,2026-09-05T18:39:36.493637Z,2026-09-05T18:39:36.493637Z
ORRF,3,Hold,B,D,C,C,2026-09-05T18:37:16.341858Z,2026-09-05T18:37:16.341858Z
OTGLY,3,Hold,F,D,A,D,2026-09-05T17:22:21.281020Z,2026-09-05T17:22:21.281020Z
OTIS,3,Hold,C,B,B,B,2026-09-05T18:43:17.372528Z,2026-09-05T18:43:17.372528Z
OVV,3,Hold,A,A,A,A,2026-09-05T17:13:14.874147Z,2026-09-05T17:13:14.874147Z
PAC,4,Sell,C,B,A,B,2026-09-05T16:53:40.293741Z,2026-09-05T16:53:40.293741Z
PACK,4,Sell,C,C,C,C,2026-09-05T16:56:44.595328Z,2026-09-05T16:56:44.595328Z
PAGP,3,Hold,A,B,A,A,2026-09-05T15:40:33.763483Z,2026-09-05T15:40:33.763483Z
PAGS,3,Hold,A,C,F,B,2026-09-05T16:56:23.780064Z,2026-09-05T16:56:23.780064Z
PALI,3,Hold,F,D,B,F,2026-09-05T17:05:24.673099Z,2026-09-05T17:05:24.673099Z
PAM,3,Hold,A,B,B,A,2026-09-05T17:20:48.958783Z,2026-09-05T17:20:48.958783Z
PAX,3,Hold,A,C,B,A,2026-09-05T16:52:38.067186Z,2026-09-05T16:52:38.067186Z
PAYC,1,Strong Buy,C,C,C,B,2026-09-05T16:57:57.487756Z,2026-09-05T16:57:57.487756Z
PAYX,3,Hold,D,B,C,B,2026-09-05T17:03:01.674840Z,2026-09-05T17:03:01.674840Z
PBA,3,Hold,D,D,C,F,2026-09-05T18:41:53.248370Z,2026-09-05T18:41:53.248370Z
PBF,1,Strong Buy,A,A,F,A,2026-09-05T16:59:26.708541Z,2026-09-05T16:59:26.708541Z
PBH,2,Buy,A,F,F,D,2026-09-05T18:41:45.739611Z,2026-09-05T18:41:45.739611Z
PCFBY,3,Hold,B,B,B,A,2026-09-05T18:43:20.660101Z,2026-09-05T18:43:20.660101Z
PD,3,Hold,B,C,A,B,2026-09-05T18:37:42.494566Z,2026-09-05T18:37:42.494566Z
PDS,5,Strong Sell,A,C,B,B,2026-09-05T16:52:03.025124Z,2026-09-05T16:52:03.025124Z
PEB,3,Hold,A,D,C,B,2026-09-05T16:59:21.875561Z,2026-09-05T16:59:21.875561Z
PED,3,Hold,B,B,F,B,2026-09-05T18:47:56.725994Z,2026-09-05T18:47:56.725994Z
PEPG,3,Hold,F,B,D,D,2026-09-05T18:38:22.733537Z,2026-09-05T18:38:22.733537Z
PFBC,3,Hold,B,D,C,C,2026-09-05T16:57:47.286449Z,2026-09-05T16:57:47.286449Z
PGR,3,Hold,B,C,A,B,2026-09-05T16:57:02.116322Z,2026-09-05T16:57:02.116322Z
PHAT,4,Sell,D,A,D,B,2026-09-05T16:55:31.046380Z,2026-09-05T16:55:31.046380Z
PHI,3,Hold,A,D,D,B,2026-09-05T16:52:39.302244Z,2026-09-05T16:52:39.302244Z
PHR,3,Hold,B,A,A,A,2026-09-05T18:37:56.992729Z,2026-09-05T18:37:56.992729Z
PIFMY,3,Hold,B,C,A,B,2026-09-05T16:59:33.146711Z,2026-09-05T16:59:33.146711Z
PINS,3,Hold,B,B,F,B,2026-09-05T18:42:46.476747Z,2026-09-05T18:42:46.476747Z
PLBY,3,Hold,D,A,D,C,2026-09-05T17:16:56.438714Z,2026-09-05T17:16:56.438714Z
PMN,3,Hold,D,F,C,F,2026-09-05T18:39:25.559555Z,2026-09-05T18:39:25.559555Z
PNPNF,3,Hold,F,F,C,F,2026-09-05T18:37:02.118718Z,2026-09-05T18:37:02.118718Z
PNW,3,Hold,B,D,D,C,2026-09-05T17:02:56.153546Z,2026-09-05T17:02:56.153546Z
POR,3,Hold,B,D,D,C,2026-09-05T17:01:42.861164Z,2026-09-05T17:01:42.861164Z
PRGS,3,Hold,A,B,C,A,2026-09-05T18:39:51.006601Z,2026-09-05T18:39:51.006601Z
PRI,3,Hold,B,D,A,C,2026-09-05T18:44:09.704039Z,2026-09-05T18:44:09.704039Z
PRNDY,2,Buy,B,D,B,C,2026-09-05T17:19:06.259791Z,2026-09-05T17:19:06.259791Z
PROSY,3,Hold,F,F,D,F,2026-09-05T18:42:02.812551Z,2026-09-05T18:42:02.812551Z
PRVA,3,Hold,B,A,D,B,2026-09-05T16:55:09.086601Z,2026-09-05T16:55:09.086601Z
PSBD,2,Buy,B,D,D,D,2026-09-05T16:52:41.545221Z,2026-09-05T16:52:41.545221Z
PSNY,3,Hold,D,F,A,D,2026-09-05T18:39:42.170917Z,2026-09-05T18:39:42.170917Z
PSX,3,Hold,B,A,B,A,2026-09-05T16:53:58.097063Z,2026-09-05T16:53:58.097063Z
PTAIY,3,Hold,B,C,D,C,2026-09-05T16:54:42.611941Z,2026-09-05T16:54:42.611941Z
PTON,3,Hold,A,A,F,A,2026-09-05T18:36:53.466617Z,2026-09-05T18:36:53.466617Z
PUBGY,2,Buy,B,C,F,C,2026-09-05T16:57:36.770048Z,2026-09-05T16:57:36.770048Z
PURR,3,Hold,F,F,A,F,2026-09-05T17:23:19.418056Z,2026-09-05T17:23:19.418056Z
QFIN,5,Strong Sell,B,D,B,C,2026-09-05T18:43:58.185857Z,2026-09-05T18:43:58.185857Z
QMCO,2,Buy,F,A,C,C,2026-09-05T15:38:01.214953Z,2026-09-05T15:38:01.214953Z
QS,3,Hold,D,B,B,C,2026-09-05T16:52:26.695097Z,2026-09-05T16:52:26.695097Z
QSR,3,Hold,D,C,F,D,2026-09-05T16:52:07.260291Z,2026-09-05T16:52:07.260291Z
QUBT,3,Hold,F,C,D,F,2026-09-05T16:57:44.962898Z,2026-09-05T16:57:44.962898Z
RADLY,4,Sell,B,C,B,B,2026-09-05T18:43:59.870770Z,2026-09-05T18:43:59.870770Z
RC,3,Hold,A,B,D,A,2026-09-05T16:57:56.079488Z,2026-09-05T16:57:56.079488Z
RCI,3,Hold,A,F,D,D,2026-09-05T18:41:23.201174Z,2026-09-05T18:41:23.201174Z
RCKT,3,Hold,F,C,F,F,2026-09-05T18:43:51.660117Z,2026-09-05T18:43:51.660117Z
RDN,4,Sell,A,A,C,A,2026-09-05T18:48:38.133652Z,2026-09-05T18:48:38.133652Z
RDW,3,Hold,F,B,C,D,2026-09-05T16:59:09.817401Z,2026-09-05T16:59:09.817401Z
REGN,3,Hold,B,D,D,D,2026-09-05T18:39:45.253614Z,2026-09-05T18:39:45.253614Z
RES,2,Buy,A,C,C,B,2026-09-05T18:45:47.665145Z,2026-09-05T18:45:47.665145Z
RJF,3,Hold,B,F,A,C,2026-09-05T16:52:40.665367Z,2026-09-05T16:52:40.665367Z
RKGRY,3,Hold,C,C,A,C,2026-09-05T17:15:32.740270Z,2026-09-05T17:15:32.740270Z
RLI,3,Hold,C,F,B,D,2026-09-05T18:45:05.598181Z,2026-09-05T18:45:05.598181Z
RMBS,3,Hold,F,C,C,D,2026-09-05T18:41:37.553720Z,2026-09-05T18:41:37.553720Z
RNA,4,Sell,D,C,F,D,2026-09-05T16:57:37.964238Z,2026-09-05T16:57:37.964238Z
ROAD,3,Hold,C,A,A,A,2026-09-05T18:40:55.790137Z,2026-09-05T18:40:55.790137Z
RXO,3,Hold,D,D,A,C,2026-09-05T18:39:46.521550Z,2026-09-05T18:39:46.521550Z
RYAAY,4,Sell,B,B,D,B,2026-09-05T16:52:05.904830Z,2026-09-05T16:52:05.904830Z
RZLT,3,Hold,D,C,C,C,2026-09-05T16:57:00.900898Z,2026-09-05T16:57:00.900898Z
SABR,3,Hold,B,F,F,D,2026-09-05T16:53:43.626168Z,2026-09-05T16:53:43.626168Z
SAFE,3,Hold,B,F,D,D,2026-09-05T17:02:35.279801Z,2026-09-05T17:02:35.279801Z
SAIA,3,Hold,D,B,B,B,2026-09-05T16:54:20.180604Z,2026-09-05T16:54:20.180604Z
SANA,3,Hold,D,B,F,D,2026-09-05T16:56:36.771820Z,2026-09-05T16:56:36.771820Z
SANM,1,Strong Buy,A,A,D,A,2026-09-05T17:02:48.009305Z,2026-09-05T17:02:48.009305Z
SATL,3,Hold,F,C,A,D,2026-09-05T18:43:19.771840Z,2026-09-05T18:43:19.771840Z
SBAC,3,Hold,C,F,F,F,2026-09-05T18:37:35.702530Z,2026-09-05T18:37:35.702530Z
SBHGF,3,Hold,A,C,D,B,2026-09-05T18:43:55.153504Z,2026-09-05T18:43:55.153504Z
SCBFF,3,Hold,D,F,C,F,2026-09-05T16:53:47.250783Z,2026-09-05T16:53:47.250783Z
SCM,3,Hold,B,C,F,C,2026-09-05T17:03:02.469936Z,2026-09-05T17:03:02.469936Z
SCMWY,3,Hold,F,B,F,D,2026-09-05T16:57:35.572123Z,2026-09-05T16:57:35.572123Z
SDRL,3,Hold,D,F,C,F,2026-09-05T18:39:56.096547Z,2026-09-05T18:39:56.096547Z
SDVKY,3,Hold,D,C,B,C,2026-09-05T17:09:08.051938Z,2026-09-05T17:09:08.051938Z
SDXAY,5,Strong Sell,A,A,C,A,2026-09-05T16:58:25.778786Z,2026-09-05T16:58:25.778786Z
SFBS,3,Hold,C,C,B,B,2026-09-05T16:59:41.184404Z,2026-09-05T16:59:41.184404Z
SHAK,3,Hold,D,C,D,D,2026-09-05T17:04:01.920115Z,2026-09-05T17:04:01.920115Z
SHLS,3,Hold,C,D,D,D,2026-09-05T16:51:36.749766Z,2026-09-05T16:51:36.749766Z
SHOP,3,Hold,F,A,B,C,2026-09-05T18:42:01.964816Z,2026-09-05T18:42:01.964816Z
SHZHY,4,Sell,B,C,B,B,2026-09-05T18:45:06.403902Z,2026-09-05T18:45:06.403902Z
SI,4,Sell,F,D,B,F,2026-09-05T18:39:55.099659Z,2026-09-05T18:39:55.099659Z
SID,5,Strong Sell,B,D,F,D,2026-09-05T18:42:36.855822Z,2026-09-05T18:42:36.855822Z
SIMO,1,Strong Buy,F,D,C,F,2026-09-05T18:43:12.641630Z,2026-09-05T18:43:12.641630Z
SITC,5,Strong Sell,F,F,A,F,2026-09-05T16:51:43.527806Z,2026-09-05T16:51:43.527806Z
SKE,3,Hold,F,D,B,F,2026-09-05T16:55:42.348800Z,2026-09-05T16:55:42.348800Z
SKHY,2,Buy,C,D,F,D,2026-09-05T18:38:09.463953Z,2026-09-05T18:38:09.463953Z
SKYX,4,Sell,F,A,C,C,2026-09-05T18:38:00.976578Z,2026-09-05T18:38:00.976578Z
SLSR,3,Hold,F,C,A,D,2026-09-05T18:44:22.830253Z,2026-09-05T18:44:22.830253Z
SMGZY,5,Strong Sell,F,A,A,B,2026-09-05T18:37:45.896476Z,2026-09-05T18:37:45.896476Z
SN,2,Buy,F,A,C,B,2026-09-05T18:39:31.911913Z,2026-09-05T18:39:31.911913Z
SNDK,1,Strong Buy,C,A,D,A,2026-09-05T18:41:47.925404Z,2026-09-05T18:41:47.925404Z
SNMCY,2,Buy,C,C,A,B,2026-09-05T18:42:52.869925Z,2026-09-05T18:42:52.869925Z
SNPHY,2,Buy,B,D,F,D,2026-09-05T18:42:59.703284Z,2026-09-05T18:42:59.703284Z
SOC,4,Sell,F,A,D,D,2026-09-05T17:20:18.303845Z,2026-09-05T17:20:18.303845Z
SPB,3,Hold,B,A,B,A,2026-09-05T17:13:01.697974Z,2026-09-05T17:13:01.697974Z
SPT,2,Buy,D,A,B,A,2026-09-05T18:42:25.323914Z,2026-09-05T18:42:25.323914Z
SPTX,4,Sell,D,D,A,C,2026-09-05T16:57:39.578929Z,2026-09-05T16:57:39.578929Z
SRI,3,Hold,C,A,F,B,2026-09-05T18:47:46.812133Z,2026-09-05T18:47:46.812133Z
SSL,3,Hold,A,B,F,A,2026-09-05T16:55:22.041545Z,2026-09-05T16:55:22.041545Z
SSMXY,3,Hold,B,A,D,B,2026-09-05T18:37:43.761599Z,2026-09-05T18:37:43.761599Z
STDN,3,Hold,F,C,D,F,2026-09-05T16:57:48.841612Z,2026-09-05T16:57:48.841612Z
STM,3,Hold,D,B,D,C,2026-09-05T18:39:31.395964Z,2026-09-05T18:39:31.395964Z
STRA,3,Hold,A,C,B,A,2026-09-05T18:39:43.000852Z,2026-09-05T18:39:43.000852Z
STRL,3,Hold,D,A,D,C,2026-09-05T17:02:13.651422Z,2026-09-05T17:02:13.651422Z
STRO,3,Hold,F,D,A,F,2026-09-05T16:57:42.906810Z,2026-09-05T16:57:42.906810Z
SU,3,Hold,A,A,B,A,2026-09-05T17:20:09.523546Z,2026-09-05T17:20:09.523546Z
SUHJY,2,Buy,C,F,A,D,2026-09-05T17:03:44.344586Z,2026-09-05T17:03:44.344586Z
SUI,3,Hold,D,C,B,D,2026-09-05T18:46:50.308420Z,2026-09-05T18:46:50.308420Z
SUZ,5,Strong Sell,A,D,A,B,2026-09-05T17:10:59.767364Z,2026-09-05T17:10:59.767364Z
SVC,3,Hold,A,D,B,B,2026-09-05T16:59:41.604450Z,2026-09-05T16:59:41.604450Z
SW,3,Hold,A,B,D,B,2026-09-05T16:55:04.043664Z,2026-09-05T16:55:04.043664Z
SWKS,3,Hold,B,F,C,D,2026-09-05T18:36:58.694154Z,2026-09-05T18:36:58.694154Z
SYBT,3,Hold,D,F,C,F,2026-09-05T18:40:25.708736Z,2026-09-05T18:40:25.708736Z
SYY,2,Buy,B,C,C,B,2026-09-05T16:55:38.950451Z,2026-09-05T16:55:38.950451Z
TARA,3,Hold,D,F,F,F,2026-09-05T17:01:45.225494Z,2026-09-05T17:01:45.225494Z
TBBK,3,Hold,C,F,D,F,2026-09-05T16:54:21.676017Z,2026-09-05T16:54:21.676017Z
TDOC,3,Hold,B,C,F,C,2026-09-05T16:57:27.382971Z,2026-09-05T16:57:27.382971Z
THG,1,Strong Buy,A,D,D,B,2026-09-05T18:42:59.014799Z,2026-09-05T18:42:59.014799Z
THO,3,Hold,A,D,C,B,2026-09-05T18:36:51.208523Z,2026-09-05T18:36:51.208523Z
TIC,3,Hold,B,C,B,B,2026-09-05T18:41:00.082458Z,2026-09-05T18:41:00.082458Z
TMO,3,Hold,D,D,B,D,2026-09-05T18:42:55.769065Z,2026-09-05T18:42:55.769065Z
TMVWY,3,Hold,B,C,D,C,2026-09-05T17:15:57.845693Z,2026-09-05T17:15:57.845693Z
TNABY,2,Buy,C,D,A,C,2026-09-05T16:55:28.556643Z,2026-09-05T16:55:28.556643Z
TNL,3,Hold,A,C,A,A,2026-09-05T18:45:50.999654Z,2026-09-05T18:45:50.999654Z
TOST,3,Hold,D,A,B,B,2026-09-05T16:57:37.352736Z,2026-09-05T16:57:37.352736Z
TPB,4,Sell,D,D,C,F,2026-09-05T17:06:48.626299Z,2026-09-05T17:06:48.626299Z
TREX,2,Buy,C,C,F,D,2026-09-05T15:40:25.811844Z,2026-09-05T15:40:25.811844Z
TRTX,4,Sell,B,F,C,D,2026-09-05T17:09:26.071769Z,2026-09-05T17:09:26.071769Z
TRU,3,Hold,B,B,C,B,2026-09-05T18:40:26.430116Z,2026-09-05T18:40:26.430116Z
TSCO,4,Sell,D,D,D,D,2026-09-05T18:37:12.895398Z,2026-09-05T18:37:12.895398Z
TSN,4,Sell,A,B,A,A,2026-09-05T16:59:35.156567Z,2026-09-05T16:59:35.156567Z
TTD,4,Sell,B,B,F,B,2026-09-05T18:44:39.649981Z,2026-09-05T18:44:39.649981Z
TTVSY,2,Buy,C,C,A,C,2026-09-05T16:57:34.149113Z,2026-09-05T16:57:34.149113Z
TWLO,2,Buy,F,D,D,F,2026-09-05T18:41:53.893547Z,2026-09-05T18:41:53.893547Z
TYRA,3,Hold,D,F,F,F,2026-09-05T16:59:40.019166Z,2026-09-05T16:59:40.019166Z
UBAB,3,Hold,B,F,C,D,2026-09-05T18:47:48.951536Z,2026-09-05T18:47:48.951536Z
UCTT,1,Strong Buy,D,F,D,F,2026-09-05T16:51:39.983775Z,2026-09-05T16:51:39.983775Z
UFPI,3,Hold,A,D,F,C,2026-09-05T18:39:45.790167Z,2026-09-05T18:39:45.790167Z
UFPT,3,Hold,C,C,B,C,2026-09-05T18:47:48.211311Z,2026-09-05T18:47:48.211311Z
UGP,3,Hold,A,A,A,A,2026-09-05T16:51:44.448819Z,2026-09-05T16:51:44.448819Z
ULCC,3,Hold,F,A,F,C,2026-09-05T15:38:38.917574Z,2026-09-05T15:38:38.917574Z
UNM,4,Sell,B,D,F,D,2026-09-05T16:59:44.826796Z,2026-09-05T16:59:44.826796Z
UPBD,5,Strong Sell,A,A,A,A,2026-09-05T17:02:56.831656Z,2026-09-05T17:02:56.831656Z
UPST,4,Sell,D,D,C,D,2026-09-05T17:03:03.158909Z,2026-09-05T17:03:03.158909Z
URGN,2,Buy,F,D,C,F,2026-09-05T18:43:23.330721Z,2026-09-05T18:43:23.330721Z
USAC,3,Hold,C,B,A,A,2026-09-05T18:40:24.896828Z,2026-09-05T18:40:24.896828Z
UWMC,5,Strong Sell,D,F,F,F,2026-09-05T17:21:38.116016Z,2026-09-05T17:21:38.116016Z
VAC,2,Buy,C,D,A,B,2026-09-05T16:57:50.315421Z,2026-09-05T16:57:50.315421Z
VALE,5,Strong Sell,B,C,A,B,2026-09-05T18:48:22.440518Z,2026-09-05T18:48:22.440518Z
VCTR,2,Buy,C,B,B,B,2026-09-05T16:52:19.885917Z,2026-09-05T16:52:19.885917Z
VFS,3,Hold,F,B,C,D,2026-09-05T18:45:01.507734Z,2026-09-05T18:45:01.507734Z
VICR,2,Buy,F,F,A,F,2026-09-05T16:59:51.362578Z,2026-09-05T16:59:51.362578Z
VIR,3,Hold,F,A,D,D,2026-09-05T16:53:42.269861Z,2026-09-05T16:53:42.269861Z
VMD,4,Sell,A,A,F,A,2026-09-05T18:45:24.079872Z,2026-09-05T18:45:24.079872Z
VOYA,3,Hold,C,F,D,F,2026-09-05T18:41:43.445922Z,2026-09-05T18:41:43.445922Z
VPG,4,Sell,D,F,D,F,2026-09-05T16:55:25.886874Z,2026-09-05T16:55:25.886874Z
VREX,3,Hold,B,B,A,A,2026-09-05T18:42:33.362033Z,2026-09-05T18:42:33.362033Z
VRNO,3,Hold,A,A,B,A,2026-09-05T17:06:58.905342Z,2026-09-05T17:06:58.905342Z
VRTX,3,Hold,D,C,F,D,2026-09-05T16:52:01.852191Z,2026-09-05T16:52:01.852191Z
VYGR,3,Hold,F,F,F,F,2026-09-05T18:43:02.191598Z,2026-09-05T18:43:02.191598Z
WAB,3,Hold,D,B,A,C,2026-09-05T16:57:34.818651Z,2026-09-05T16:57:34.818651Z
WCCB,3,Hold,D,D,C,F,2026-09-05T16:51:41.973699Z,2026-09-05T16:51:41.973699Z
WEN,4,Sell,A,C,F,B,2026-09-05T18:42:48.850472Z,2026-09-05T18:42:48.850472Z
WEX,3,Hold,B,F,B,C,2026-09-05T17:17:23.847571Z,2026-09-05T17:17:23.847571Z
WHF,3,Hold,B,F,C,D,2026-09-05T16:54:50.400643Z,2026-09-05T16:54:50.400643Z
WHWK,2,Buy,F,C,B,D,2026-09-05T17:15:46.770483Z,2026-09-05T17:15:46.770483Z
WIT,4,Sell,B,F,A,C,2026-09-05T17:19:07.529407Z,2026-09-05T17:19:07.529407Z
WK,1,Strong Buy,F,A,F,D,2026-09-05T16:59:48.339416Z,2026-09-05T16:59:48.339416Z
WLDN,3,Hold,C,A,F,B,2026-09-05T18:40:57.203827Z,2026-09-05T18:40:57.203827Z
WLTH,4,Sell,F,D,F,F,2026-09-05T16:59:33.883369Z,2026-09-05T16:59:33.883369Z
WM,3,Hold,C,B,F,C,2026-09-05T16:59:49.736616Z,2026-09-05T16:59:49.736616Z
WMB,3,Hold,D,D,B,D,2026-09-05T18:37:37.719562Z,2026-09-05T18:37:37.719562Z
WMG,3,Hold,C,A,F,C,2026-09-05T18:42:00.635336Z,2026-09-05T18:42:00.635336Z
WMMVY,4,Sell,B,B,A,A,2026-09-05T16:51:51.715710Z,2026-09-05T16:51:51.715710Z
WNC,4,Sell,B,B,D,B,2026-09-05T16:52:32.823290Z,2026-09-05T16:52:32.823290Z
WRTBY,3,Hold,C,A,A,A,2026-09-05T18:47:02.504038Z,2026-09-05T18:47:02.504038Z
WST,2,Buy,D,D,F,F,2026-09-05T16:52:35.041193Z,2026-09-05T16:52:35.041193Z
WT,3,Hold,D,A,B,B,2026-09-05T16:55:52.673858Z,2026-09-05T16:55:52.673858Z
WTM,2,Buy,B,F,B,D,2026-09-05T18:44:39.118810Z,2026-09-05T18:44:39.118810Z
WW,4,Sell,C,B,D,B,2026-09-05T17:12:22.699726Z,2026-09-05T17:12:22.699726Z
XP,3,Hold,A,F,D,C,2026-09-05T18:37:02.827346Z,2026-09-05T18:37:02.827346Z
YAHOY,2,Buy,A,B,A,A,2026-09-05T18:44:44.207073Z,2026-09-05T18:44:44.207073Z
YSS,4,Sell,F,F,F,F,2026-09-05T18:36:44.981079Z,2026-09-05T18:36:44.981079Z
ZLNDY,3,Hold,A,D,D,C,2026-09-05T18:46:46.763603Z,2026-09-05T18:46:46.763603Z
ZYME,3,Hold,D,F,A,F,2026-09-05T17:03:06.693816Z,2026-09-05T17:03:06.693816Z
