ticker,cik,metric,observed_at,is_anchor,previous_value,value,direction
AD,0000821130,growth_score,2026-08-10T09:49:33.141133+00:00,False,,F,initial
AD,0000821130,momentum_score,2026-08-10T09:49:33.141133+00:00,False,,D,initial
AD,0000821130,value_score,2026-08-10T09:49:33.141133+00:00,False,,F,initial
AD,0000821130,vgm_score,2026-08-10T09:49:33.141133+00:00,False,,F,initial
AD,0000821130,zacks_rank,2026-08-10T09:49:33.141133+00:00,False,,2,initial
ADSK,0000769397,growth_score,2026-08-10T09:49:33.141133+00:00,False,,A,initial
ADSK,0000769397,momentum_score,2026-08-10T09:49:33.141133+00:00,False,,C,initial
ADSK,0000769397,value_score,2026-08-10T09:49:33.141133+00:00,False,,D,initial
ADSK,0000769397,vgm_score,2026-08-10T09:49:33.141133+00:00,False,,B,initial
ADSK,0000769397,zacks_rank,2026-08-10T09:49:33.141133+00:00,False,,3,initial
ALL,0000899051,growth_score,2026-08-10T09:49:33.141133+00:00,False,,B,initial
ALL,0000899051,momentum_score,2026-08-10T09:49:33.141133+00:00,False,,A,initial
ALL,0000899051,value_score,2026-08-10T09:49:33.141133+00:00,False,,A,initial
ALL,0000899051,vgm_score,2026-08-10T09:49:33.141133+00:00,False,,A,initial
ALL,0000899051,zacks_rank,2026-08-10T09:49:33.141133+00:00,False,,3,initial
APPS,0000317788,growth_score,2026-08-10T09:49:33.141133+00:00,False,,A,initial
APPS,0000317788,momentum_score,2026-08-10T09:49:33.141133+00:00,False,,A,initial
APPS,0000317788,value_score,2026-08-10T09:49:33.141133+00:00,False,,B,initial
APPS,0000317788,vgm_score,2026-08-10T09:49:33.141133+00:00,False,,A,initial
APPS,0000317788,zacks_rank,2026-08-10T09:49:33.141133+00:00,False,,2,initial
ASAIY,0001834048,growth_score,2026-08-10T09:49:33.141133+00:00,False,,A,initial
ASAIY,0001834048,momentum_score,2026-08-10T09:49:33.141133+00:00,False,,A,initial
ASAIY,0001834048,value_score,2026-08-10T09:49:33.141133+00:00,False,,A,initial
ASAIY,0001834048,vgm_score,2026-08-10T09:49:33.141133+00:00,False,,A,initial
ASAIY,0001834048,zacks_rank,2026-08-10T09:49:33.141133+00:00,False,,4,initial
ATAI,0002081043,growth_score,2026-08-10T09:49:33.141133+00:00,False,,D,initial
ATAI,0002081043,momentum_score,2026-08-10T09:49:33.141133+00:00,False,,B,initial
ATAI,0002081043,value_score,2026-08-10T09:49:33.141133+00:00,False,,F,initial
ATAI,0002081043,vgm_score,2026-08-10T09:49:33.141133+00:00,False,,F,initial
ATAI,0002081043,zacks_rank,2026-08-10T09:49:33.141133+00:00,False,,2,initial
BKU,0001504008,growth_score,2026-08-10T09:49:33.141133+00:00,False,,F,initial
BKU,0001504008,momentum_score,2026-08-10T09:49:33.141133+00:00,False,,C,initial
BKU,0001504008,value_score,2026-08-10T09:49:33.141133+00:00,False,,C,initial
BKU,0001504008,vgm_score,2026-08-10T09:49:33.141133+00:00,False,,D,initial
BKU,0001504008,zacks_rank,2026-08-10T09:49:33.141133+00:00,False,,4,initial
BLCO,0001860742,growth_score,2026-08-10T09:49:33.141133+00:00,False,,A,initial
BLCO,0001860742,momentum_score,2026-08-10T09:49:33.141133+00:00,False,,F,initial
BLCO,0001860742,value_score,2026-08-10T09:49:33.141133+00:00,False,,B,initial
BLCO,0001860742,vgm_score,2026-08-10T09:49:33.141133+00:00,False,,A,initial
BLCO,0001860742,zacks_rank,2026-08-10T09:49:33.141133+00:00,False,,3,initial
BRTX,0001505497,growth_score,2026-08-10T09:49:33.141133+00:00,False,,F,initial
BRTX,0001505497,momentum_score,2026-08-10T09:49:33.141133+00:00,False,,B,initial
BRTX,0001505497,value_score,2026-08-10T09:49:33.141133+00:00,False,,F,initial
BRTX,0001505497,vgm_score,2026-08-10T09:49:33.141133+00:00,False,,F,initial
BRTX,0001505497,zacks_rank,2026-08-10T09:49:33.141133+00:00,False,,3,initial
BWMN,0001847590,growth_score,2026-08-10T09:49:33.141133+00:00,False,,B,initial
BWMN,0001847590,momentum_score,2026-08-10T09:49:33.141133+00:00,False,,B,initial
BWMN,0001847590,value_score,2026-08-10T09:49:33.141133+00:00,False,,B,initial
BWMN,0001847590,vgm_score,2026-08-10T09:49:33.141133+00:00,False,,B,initial
BWMN,0001847590,zacks_rank,2026-08-10T09:49:33.141133+00:00,False,,3,initial
CSCO,0000858877,growth_score,2026-08-10T09:49:33.141133+00:00,False,,D,initial
CSCO,0000858877,momentum_score,2026-08-10T09:49:33.141133+00:00,False,,C,initial
CSCO,0000858877,value_score,2026-08-10T09:49:33.141133+00:00,False,,F,initial
CSCO,0000858877,vgm_score,2026-08-10T09:49:33.141133+00:00,False,,F,initial
CSCO,0000858877,zacks_rank,2026-08-10T09:49:33.141133+00:00,False,,3,initial
DCOY,0001615219,growth_score,2026-08-10T09:49:33.141133+00:00,False,,B,initial
DCOY,0001615219,momentum_score,2026-08-10T09:49:33.141133+00:00,False,,B,initial
DCOY,0001615219,value_score,2026-08-10T09:49:33.141133+00:00,False,,D,initial
DCOY,0001615219,vgm_score,2026-08-10T09:49:33.141133+00:00,False,,C,initial
DCOY,0001615219,zacks_rank,2026-08-10T09:49:33.141133+00:00,False,,3,initial
ENVA,0001529864,growth_score,2026-08-10T09:49:33.141133+00:00,False,,B,initial
ENVA,0001529864,momentum_score,2026-08-10T09:49:33.141133+00:00,False,,C,initial
ENVA,0001529864,value_score,2026-08-10T09:49:33.141133+00:00,False,,B,initial
ENVA,0001529864,vgm_score,2026-08-10T09:49:33.141133+00:00,False,,A,initial
ENVA,0001529864,zacks_rank,2026-08-10T09:49:33.141133+00:00,False,,1,initial
EOG,0000821189,growth_score,2026-08-10T09:49:33.141133+00:00,False,,A,initial
EOG,0000821189,momentum_score,2026-08-10T09:49:33.141133+00:00,False,,A,initial
EOG,0000821189,value_score,2026-08-10T09:49:33.141133+00:00,False,,B,initial
EOG,0000821189,vgm_score,2026-08-10T09:49:33.141133+00:00,False,,A,initial
EOG,0000821189,zacks_rank,2026-08-10T09:49:33.141133+00:00,False,,3,initial
FCNCA,0000798941,growth_score,2026-08-10T09:49:33.141133+00:00,False,,F,initial
FCNCA,0000798941,momentum_score,2026-08-10T09:49:33.141133+00:00,False,,B,initial
FCNCA,0000798941,value_score,2026-08-10T09:49:33.141133+00:00,False,,B,initial
FCNCA,0000798941,vgm_score,2026-08-10T09:49:33.141133+00:00,False,,C,initial
FCNCA,0000798941,zacks_rank,2026-08-10T09:49:33.141133+00:00,False,,3,initial
FLUX,0001083743,growth_score,2026-08-10T09:49:33.141133+00:00,False,,F,initial
FLUX,0001083743,momentum_score,2026-08-10T09:49:33.141133+00:00,False,,B,initial
FLUX,0001083743,value_score,2026-08-10T09:49:33.141133+00:00,False,,D,initial
FLUX,0001083743,vgm_score,2026-08-10T09:49:33.141133+00:00,False,,F,initial
FLUX,0001083743,zacks_rank,2026-08-10T09:49:33.141133+00:00,False,,3,initial
GABC,0000714395,growth_score,2026-08-10T09:49:33.141133+00:00,False,,D,initial
GABC,0000714395,momentum_score,2026-08-10T09:49:33.141133+00:00,False,,A,initial
GABC,0000714395,value_score,2026-08-10T09:49:33.141133+00:00,False,,C,initial
GABC,0000714395,vgm_score,2026-08-10T09:49:33.141133+00:00,False,,D,initial
GABC,0000714395,zacks_rank,2026-08-10T09:49:33.141133+00:00,False,,2,initial
LOCO,0001606366,growth_score,2026-08-10T09:49:33.141133+00:00,False,,B,initial
LOCO,0001606366,momentum_score,2026-08-10T09:49:33.141133+00:00,False,,A,initial
LOCO,0001606366,value_score,2026-08-10T09:49:33.141133+00:00,False,,A,initial
LOCO,0001606366,vgm_score,2026-08-10T09:49:33.141133+00:00,False,,A,initial
LOCO,0001606366,zacks_rank,2026-08-10T09:49:33.141133+00:00,False,,2,initial
MSA,0000066570,growth_score,2026-08-10T09:49:33.141133+00:00,False,,B,initial
MSA,0000066570,momentum_score,2026-08-10T09:49:33.141133+00:00,False,,A,initial
MSA,0000066570,value_score,2026-08-10T09:49:33.141133+00:00,False,,C,initial
MSA,0000066570,vgm_score,2026-08-10T09:49:33.141133+00:00,False,,B,initial
MSA,0000066570,zacks_rank,2026-08-10T09:49:33.141133+00:00,False,,3,initial
PCG,0001004980,growth_score,2026-08-10T09:49:33.141133+00:00,False,,C,initial
PCG,0001004980,momentum_score,2026-08-10T09:49:33.141133+00:00,False,,A,initial
PCG,0001004980,value_score,2026-08-10T09:49:33.141133+00:00,False,,B,initial
PCG,0001004980,vgm_score,2026-08-10T09:49:33.141133+00:00,False,,B,initial
PCG,0001004980,zacks_rank,2026-08-10T09:49:33.141133+00:00,False,,4,initial
TTC,0000737758,growth_score,2026-08-10T09:49:33.141133+00:00,False,,A,initial
TTC,0000737758,momentum_score,2026-08-10T09:49:33.141133+00:00,False,,D,initial
TTC,0000737758,value_score,2026-08-10T09:49:33.141133+00:00,False,,C,initial
TTC,0000737758,vgm_score,2026-08-10T09:49:33.141133+00:00,False,,B,initial
TTC,0000737758,zacks_rank,2026-08-10T09:49:33.141133+00:00,False,,3,initial
VRDN,0001590750,growth_score,2026-08-10T09:49:33.141133+00:00,False,,F,initial
VRDN,0001590750,momentum_score,2026-08-10T09:49:33.141133+00:00,False,,F,initial
VRDN,0001590750,value_score,2026-08-10T09:49:33.141133+00:00,False,,F,initial
VRDN,0001590750,vgm_score,2026-08-10T09:49:33.141133+00:00,False,,F,initial
VRDN,0001590750,zacks_rank,2026-08-10T09:49:33.141133+00:00,False,,3,initial
WERN,0000793074,growth_score,2026-08-10T09:49:33.141133+00:00,False,,A,initial
WERN,0000793074,momentum_score,2026-08-10T09:49:33.141133+00:00,False,,A,initial
WERN,0000793074,value_score,2026-08-10T09:49:33.141133+00:00,False,,B,initial
WERN,0000793074,vgm_score,2026-08-10T09:49:33.141133+00:00,False,,A,initial
WERN,0000793074,zacks_rank,2026-08-10T09:49:33.141133+00:00,False,,3,initial
