DATE,SPX,VIX_OPEN,VIX_HIGH,VIX_LOW,VIX_CLOSE,VVIX_OPEN,VVIX_HIGH,VVIX_LOW,VVIX_CLOSE
2026-08-01,7711.76,16.0300006866,18.4300003052,14.1300001144,14.4300003052,91.9700012207,96.9000015259,82.2399978638,86.63
2026-07-01,7489.7202148438,17.1100006104,20.8799991608,14.9600000381,15.9899997711,88.4300003052,110.4599990845,85.8300018311,91.6399993896
2026-06-01,7499.3598632812,15.8800001144,23.3400001526,15.1800003052,16.4500007629,90.0699996948,110.5800018311,85.3899993896,86.8700027466
2026-05-01,7580.0600585938,17.0100002289,19.4400005341,15.220000267,15.3199996948,94.6600036621,103.2399978638,84.9800033569,86.0599975586
2026-04-01,7209.009765625,24.2999992371,28,16.8700008392,16.8899993896,116.0199966431,122.3799972534,90.8499984741,93.6999969482
2026-03-01,6528.5200195312,24.6599998474,35.2999992371,20.2800006866,25.25,118.7600021362,140.9900054932,105.5500030518,116.0500030518
2026-02-01,6878.8798828125,19.9500007629,23.1000003815,16.0499992371,19.8600006104,108.2300033569,119.5999984741,98.2399978638,110.8899993896
2026-01-01,6939.0297851562,14.8500003815,20.9899997711,14.4300003052,17.4400005341,91.0299987793,120.2099990845,86.6999969482,108.1800003052
2025-12-01,6845.5,18.0499992371,18.3299999237,13.3800001144,14.9499998093,96.1600036621,105.9800033569,81.7200012207,92.6699981689
2025-11-01,6849.08984375,18.0599994659,28.2700004578,15.779999733,16.3500003815,104.8700027466,132.7200012207,90.2600021362,90.3399963379
2025-10-01,6840.2001953125,17.2800006866,28.9899997711,15.6199998856,17.4400005341,96.5999984741,137.2400054932,91.9599990845,104.4599990845
2025-09-01,6688.4599609375,16.1700000763,19.3799991608,14.3299999237,16.2800006866,107.8000030518,147.1399993896,90.1399993896,95.8899993896
2025-08-01,6460.259765625,17.3999996185,21.8999996185,14.1199998856,15.3599996567,106.1900024414,128.7599945068,87.6299972534,97.1699981689
2025-07-01,6339.3901367188,16.9799995422,19.4799995422,14.6999998093,16.7199993134,90.4300003052,103.2900009155,86.8199996948,98.3700027466
2025-06-01,6204.9501953125,19.8099994659,22.75,16.1100006104,16.7299995422,98.9100036621,116.6900024414,87.8399963379,89.7399978638
2025-05-01,5911.6899414062,23.9400005341,25.6200008392,17.1499996185,18.5699996948,99.6200027466,134.9100036621,85.1600036621,95.1500015259
2025-04-01,5569.0600585938,22.0599994659,60.1300010681,20.6800003052,24.7000007629,101.75,189.0299987793,94.7900009155,102.2900009155
2025-03-01,5611.8500976562,19.8299999237,29.5699996948,16.9699993134,22.2800006866,106.4300003052,139.4900054932,81.7300033569,99.1200027466
2025-02-01,5954.5,20.3600006104,22.3999996185,14.7399997711,19.6299991608,111.9800033569,117.4300003052,94.3600006104,108.9899978638
2025-01-01,6040.5297851562,17.2099990845,22.5100002289,14.5799999237,16.4300003052,103.6699981689,122.4499969482,92.9899978638,101.5
2024-12-01,5881.6298828125,14.0799999237,28.3199996948,12.6999998093,17.3500003815,89.6299972534,137.6900024414,59.3100013733,104.3300018311
2024-11-01,6032.3798828125,22.9599990845,23.0900001526,13.4899997711,13.5100002289,120.3000030518,161.7599945068,85.4599990845,86.3199996948
2024-10-01,5705.4501953125,16.9599990845,23.4200000763,16.6100006104,23.1599998474,100.4100036621,124.9499969482,99.8499984741,121.8899993896
2024-09-01,5762.4799804688,15.8699998856,23.7600002289,14.8999996185,16.7299995422,100.2799987793,137.6399993896,89.8199996948,99.3399963379
2024-08-01,5648.3999023438,16.2000007629,65.7300033569,14.4600000381,15,94,192.4900054932,91.4599990845,93.7300033569
2024-07-01,5522.2998046875,12.9799995422,19.3600006104,10.6199998856,16.3600006104,80.8700027466,109.6600036621,72.0699996948,94.25
2024-06-01,5460.4799804688,13.0799999237,14.3100004196,11.8699998856,12.4399995804,80.0500030518,87.3099975586,68.0899963379,79.4800033569
2024-05-01,5277.509765625,15.75,16.2199993134,11.5200004578,12.9200000763,83.5699996948,123.5500030518,72.8799972534,78.2699966431
2024-04-01,5035.6899414062,13.6099996567,21.3600006104,13.5500001907,15.6499996185,79.8099975586,112.8600006104,77.2200012207,81.8199996948
2024-03-01,5254.3500976562,13.3400001526,16.0400009155,12.3999996185,13.0100002289,76.6900024414,96.2300033569,74.8799972534,76.5699996948
2024-02-01,5096.2700195312,14.2100000381,17.9400005341,12.6899995804,13.3999996185,85.9499969482,101.4599990845,76.6800003052,77.4499969482
2024-01-01,4845.6499023438,13.220000267,15.3999996185,12.3500003815,14.3500003815,91.8600006104,96.1900024414,74.6500015259,87.5599975586
2023-12-01,4769.830078125,12.9399995804,14.4899997711,11.8100004196,12.4499998093,86.3099975586,111.8499984741,78.2200012207,86.9599990845
2023-11-01,4567.7998046875,18.0200004578,18.4200000763,12.4499998093,12.9200000763,87.0899963379,90.4199981689,79.3700027466,86.7099990845
2023-10-01,4193.7998046875,17.3099994659,23.0799999237,15.4399995804,18.1399993896,96.1800003052,118.7900009155,87.4199981689,87.9400024414
2023-09-01,4288.0498046875,13.5600004196,19.7099990845,12.6800003052,17.5200004578,81.9800033569,105.4000015259,80.9599990845,94.0999984741
2023-08-01,4507.66015625,13.75,18.8799991608,13.4399995804,13.5699996948,89.1100006104,109.4700012207,77.9499969482,80.8000030518
2023-07-01,4588.9599609375,13.8500003815,17.0799999237,12.7399997711,13.6300001144,85.7099990845,104.75,82.8099975586,86.6800003052
2023-06-01,4450.3798828125,17.2399997711,17.5900001526,12.7299995422,13.5900001526,89.4400024414,98.8899993896,82.3300018311,83.1100006104
2023-05-01,4179.830078125,16.4099998474,21.3299999237,15.529999733,17.9400005341,88.2300033569,111.4700012207,87.0199966431,91.3899993896
2023-04-01,4169.4799804688,19.7900009155,20.0799999237,15.720000267,15.779999733,86.0899963379,100.3899993896,81.1800003052,86.9000015259
2023-03-01,4109.3100585938,20.3899993896,30.8099994659,18.1599998474,18.7000007629,81.3199996948,137.6499938965,73.5999984741,87.5299987793
2023-02-01,3970.1499023438,19.6200008392,23.6299991608,17.0599994659,20.7000007629,83.9000015259,100.5299987793,77.6299972534,80.7600021362
2023-01-01,4076.6000976562,23.0900001526,23.7600002289,17.9699993134,19.3999996185,78.8499984741,87.9400024414,72.2699966431,83.9000015259
2022-12-01,3839.5,20.8299999237,25.8400001526,18.9500007629,21.6700000763,82.0599975586,94.3300018311,76.8499984741,77.0500030518
2022-11-01,4080.1101074219,25.9599990845,26.8700008392,20.3099994659,20.5799999237,77.3899993896,92.2399978638,76.1299972534,81.7900009155
2022-10-01,3871.9799804688,33,34.5299987793,25.75,25.8799991608,106.4700012207,109.9100036621,77.4100036621,78.8600006104
2022-09-01,3585.6201171875,26.8799991608,34.8800010681,22.6399993896,31.6200008392,89.4300003052,117.3000030518,83.1100006104,106.1900024414
2022-08-01,3955,22.4099998474,27.6900005341,19.1200008392,25.8700008392,83.6399993896,95.9700012207,82.6999969482,88.4000015259
2022-07-01,4130.2900390625,29.5300006866,29.8199996948,21.2099990845,21.3299999237,90.0999984741,95.4100036621,78.7300033569,80.2900009155
2022-06-01,3785.3798828125,26.0499992371,35.0499992371,23.7399997711,28.7099990845,92.5199966431,116.6399993896,85.3600006104,89.3899993896
2022-05-01,4132.1499023438,33.3499984741,36.6399993896,24.9400005341,26.1900005341,125.4199981689,130.7599945068,92.0599975586,93.0999984741
2022-04-01,4131.9301757812,20.6200008392,34.3400001526,18.4500007629,33.4000015259,109.9700012207,127.7099990845,100.6600036621,121.9800033569
2022-03-01,4530.41015625,29.4500007629,37.5200004578,18.6700000763,20.5599994659,124.5199966431,147.0899963379,103.4199981689,111.4499969482
2022-02-01,4373.9399414062,24.5699996948,37.7900009155,19.9300003052,30.1499996185,123.4100036621,147.3899993896,114.2200012207,123.6399993896
2022-01-01,4515.5498046875,17.6000003815,38.9399986267,16.3400001526,24.8299999237,110.1999969482,172.8200073242,106.8300018311,125.0599975586
2021-12-01,4766.1801757812,24.9200000763,35.3199996948,16.6200008392,17.2199993134,134.2100067139,168.3699951172,107.1100006104,109.6699981689
2021-11-01,4567,16.8500003815,28.9899997711,14.7299995422,27.1900005341,106.8700027466,153.3800048828,99.6600036621,142.5500030518
2021-10-01,4605.3798828125,24.7800006866,24.8899993896,14.8400001526,16.2600002289,115.5199966431,122.1699981689,100.0599975586,105.1699981689
2021-09-01,4307.5400390625,16.0599994659,28.7900009155,15.6800003052,23.1399993896,105.75,146.3099975586,102.5299987793,118.0100021362
2021-08-01,4522.6801757812,18.1599998474,24.7399997711,15.1899995804,16.4799995422,117.3300018311,135.5099945068,105.7200012207,105.8099975586
2021-07-01,4395.259765625,15.6199998856,25.0900001526,14.25,18.2399997711,106.3700027466,149.6000061035,97.4400024414,116.1800003052
2021-06-01,4297.5,17.2399997711,21.8199996948,14.1000003815,15.8299999237,104.9300003052,131.9199981689,104.5199966431,106.7300033569
2021-05-01,4204.1098632812,18.6499996185,28.9300003052,15.8999996185,16.7600002289,109.4700012207,151.5,102.5100021362,105.4100036621
2021-04-01,4181.169921875,18.6000003815,19.8999996185,15.3800001144,18.6100006104,98.2900009155,121.9899978638,95.9199981689,109.2200012207
2021-03-01,3972.8898925781,25.2000007629,31.8999996185,18.6800003052,19.3999996185,118.7200012207,127.7099990845,97.6100006104,100.0400009155
2021-02-01,3811.1499023438,31.4500007629,33.9599990845,19.6900005341,27.9500007629,134.8500061035,140.8000030518,106.4599990845,124.9599990845
2021-01-01,3714.2399902344,23.0400009155,37.5099983215,21.0900001526,33.0900001526,114.3000030518,168.7799987793,107.75,137.3300018311
2020-12-01,3756.0700683594,20.2099990845,31.4599990845,19.9699993134,22.75,105.1100006104,127.7900009155,100.5299987793,111.8600006104
2020-11-01,3621.6298828125,38.5699996948,38.7799987793,19.5100002289,20.5699996948,142.6799926758,143.6499938965,102,106.1200027466
2020-10-01,3269.9599609375,25.7800006866,41.1599998474,24.0300006866,38.0200004578,100.6299972534,154.9900054932,99.2900009155,145.2400054932
2020-09-01,3363,25.8600006104,38.2799987793,24.8400001526,26.3700008392,118.6699981689,137.4900054932,96.1900024414,101.5800018311
2020-08-01,3500.3100585938,25.75,27.0900001526,20.2800006866,26.4099998474,113.4000015259,124.8199996948,100.4899978638,119.0100021362
2020-07-01,3271.1201171875,30.9599990845,33.6699981689,23.5499992371,24.4599990845,120.0599975586,124.6399993896,109.0999984741,112.0400009155
2020-06-01,3100.2900390625,28.9400005341,44.4399986267,23.5400009155,30.4300003052,109.6600036621,172.2100067139,103.7300033569,120.7600021362
2020-05-01,3044.3100585938,38.1699981689,40.3199996948,25.9200000763,27.5100002289,123.3799972534,149.0200042725,105.5999984741,105.5999984741
2020-04-01,2912.4299316406,57.3800010681,60.5900001526,30.5400009155,34.1500015259,156.4600067139,158.1600036621,113.9800033569,118.5299987793
2020-03-01,2584.5900878906,38.5400009155,85.4700012207,24.9300003052,53.5400009155,124.9400024414,209.7599945068,108.5899963379,152.9199981689
2020-02-01,2954.2199707031,18.6399993896,49.4799995422,13.3800001144,40.1100006104,104.0800018311,133.0500030518,91,125.7300033569
2020-01-01,3225.5200195312,13.4600000381,19.9899997711,11.75,18.8400001526,92.6600036621,112.0199966431,85.3099975586,105.5999984741
2019-12-01,3230.7800292969,12.6899995804,17.9899997711,11.7100000381,13.779999733,90.9599990845,105.9300003052,90.9599990845,94.0999984741
2019-11-01,3140.9799804688,12.5,14.1700000763,11.4200000763,12.6199998856,88.8600006104,99.0899963379,84.8399963379,91.0500030518
2019-10-01,3037.5600585938,16.0200004578,21.4599990845,12.2700004578,13.220000267,97.75,106.7300033569,83.3799972534,88.9199981689
2019-09-01,2976.7399902344,20.9599990845,21.1499996185,13.3100004196,16.2399997711,102.4800033569,108.3799972534,92.1399993896,97.6200027466
2019-08-01,2926.4599609375,15.4099998474,24.8099994659,13.7299995422,18.9799995422,95.4899978638,117.3499984741,90.4700012207,102.6600036621
2019-07-01,2980.3798828125,13.8500003815,16.5499992371,11.6899995804,16.1200008392,80.5599975586,98.6800003052,75.3700027466,96.2799987793
2019-06-01,2941.7600097656,19.4099998474,19.75,13.1899995804,15.0799999237,98.2200012207,98.6299972534,79.3300018311,85.7799987793
2019-05-01,2752.0600585938,12.8599996567,23.3799991608,12.7399997711,18.7099990845,87.3099975586,117.6299972534,85.8199996948,96.7200012207
2019-04-01,2945.830078125,13.8999996185,14.3900003433,11.029999733,13.1199998856,86.7799987793,93.0800018311,78.4499969482,88.5599975586
2019-03-01,2834.3999023438,14.5699996948,18.3299999237,12.3699998856,13.7100000381,78.4199981689,103.9400024414,77.2900009155,85.8199996948
2019-02-01,2784.4899902344,16.6299991608,17.8899993896,13.4399995804,14.779999733,78.9899978638,88.9599990845,74.3600006104,80
2019-01-01,2704.1000976562,27.5400009155,28.5300006866,16.5400009155,16.5699996948,89.3899993896,96.1999969482,78.0400009155,79.2399978638
2018-12-01,2506.8500976562,16.0400009155,36.2000007629,15.9399995804,25.4200000763,86.75,112.0199966431,85.2900009155,87.1100006104
2018-11-01,2760.169921875,20.9599990845,23.8099994659,16.0900001526,18.0699996948,102.3099975586,115.5199966431,90.3199996948,93.5899963379
2018-10-01,2711.7399902344,11.9899997711,28.8400001526,11.3400001526,21.2299995422,87.4599990845,147.3800048828,85.3000030518,102.9000015259
2018-09-01,2913.9799804688,13.1300001144,15.6300001144,11.1000003815,12.1199998856,96.5400009155,103.2699966431,86.0199966431,87.3099975586
2018-08-01,2901.5200195312,13.0900001526,16.8600006104,10.1700000763,12.8599996567,93.7200012207,120,82.5999984741,92.7300033569
2018-07-01,2816.2900390625,17.7000007629,18.0799999237,11.4399995804,12.8299999237,111.3899993896,112.3799972534,90.9100036621,94.1299972534
2018-06-01,2718.3701171875,14.9200000763,19.6100006104,11.220000267,16.0900001526,96.5599975586,126.0699996948,87.4899978638,105.9700012207
2018-05-01,2705.2700195312,16,18.7800006866,10.9099998474,15.4300003052,94.8000030518,113.4300003052,87.6500015259,100.6299972534
2018-04-01,2648.0500488281,21.0699996948,25.7199993134,14.5699996948,15.9300003052,108.4300003052,118.1999969482,87.5999984741,94.3000030518
2018-03-01,2640.8701171875,19.9599990845,26.2199993134,13.3100004196,19.9699993134,121.9899978638,139.7899932861,94.8899993896,103.3199996948
2018-02-01,2713.830078125,13.0500001907,50.2999992371,12.5,19.8500003815,110.2699966431,203.7299957275,99.8300018311,121.6999969482
2018-01-01,2823.8100585938,10.9499998093,15.4200000763,8.9200000763,13.5399999619,103.0699996948,119.9599990845,90.7300033569,108.4100036621
2017-12-01,2673.6101074219,11.1899995804,14.5799999237,8.8999996185,11.0399999619,90.5599975586,111.4800033569,89.8899993896,100.7600021362
2017-11-01,2647.580078125,9.7899999619,14.5100002289,8.5600004196,11.279999733,91.9100036621,113.7799987793,84.5800018311,89.9400024414
2017-10-01,2575.2600097656,9.5900001526,13.1999998093,9.1099996567,10.1800003052,94.8700027466,113.4599990845,89.6600036621,92.0100021362
2017-09-01,2519.3601074219,10.3299999237,14.0600004196,9.3599996567,9.5100002289,93.9400024414,110.1500015259,88.8499984741,93.1399993896
2017-08-01,2471.6499023438,10.1899995804,17.2800006866,9.5200004578,10.5900001526,87.3099975586,135.3200073242,83.3899993896,94.8600006104
2017-07-01,2470.3000488281,11.0699996948,13.0500001907,8.8400001526,10.2600002289,89.8899993896,101.3899993896,75.5599975586,86.7600021362
2017-06-01,2423.4099121094,10.4200000763,15.1599998474,9.3699998856,11.1800003052,84.2900009155,105.2799987793,81.5999984741,90.4300003052
2017-05-01,2411.8000488281,10.9200000763,16.2999992371,9.5600004196,10.4099998474,78.0199966431,115.4400024414,76.0599975586,84.5199966431
2017-04-01,2384.1999511719,12.5900001526,16.2800006866,10.220000267,10.8199996948,81.4599990845,115.6900024414,74.3399963379,77.0899963379
2017-03-01,2362.7199707031,12.3100004196,15.1099996567,10.6000003815,12.3699998856,84.9100036621,97.7799987793,71.75,78.3099975586
2017-02-01,2363.6398925781,11.7899999619,12.9600000381,9.970000267,12.9200000763,87.8399963379,99.4000015259,77.7699966431,88.0800018311
2017-01-01,2278.8701171875,14.0699996948,14.0699996948,10.3000001907,11.9899997711,90.1600036621,96.5699996948,77.6100006104,89.8300018311
2016-12-01,2238.830078125,13.3999996185,14.720000267,10.9300003052,14.0399999619,88.0599975586,99.3899993896,85.2200012207,91.5999984741
2016-11-01,2198.8100585938,16.5400009155,23.0100002289,12.1599998474,13.3299999237,102.4100036621,120.9199981689,79.7799987793,88.9899978638
2016-10-01,2126.1499023438,13.75,17.9500007629,12.2100000381,17.0599994659,94.8099975586,108.3099975586,84.7900009155,102.8199996948
2016-09-01,2168.2700195312,13.0699996948,20.5100002289,11.6499996185,13.2899999619,84.7300033569,116.0100021362,80.2200012207,91.4199981689
2016-08-01,2170.9499511719,11.8900003433,14.9300003052,11.0200004578,13.4200000763,92.3899993896,97.9800033569,80.3000030518,84.8700027466
2016-07-01,2173.6000976562,15.5900001526,17.0400009155,11.3999996185,11.8699998856,95.1999969482,96.1600036621,81.4499969482,90.8399963379
2016-06-01,2098.8601074219,14.4499998093,26.7199993134,12.720000267,15.6300001144,79.9800033569,132.4199981689,78.3499984741,94.2300033569
2016-05-01,2096.9499511719,16.3299999237,17.6499996185,13.0399999619,14.1899995804,92.25,94.6999969482,76.1699981689,79.4300003052
2016-04-01,2065.3000488281,15.2299995422,17.0900001526,12.5,15.6999998093,85.0899963379,95.7200012207,81.2399978638,91.6800003052
2016-03-01,2059.7399902344,19.8400001526,20.1700000763,13.0600004196,13.9499998093,84.0500030518,99.8099975586,77.2900009155,82.9400024414
2016-02-01,1932.2299804688,21.3199996948,30.8999996185,18.3799991608,20.5499992371,92.5800018311,114.1900024414,81.7200012207,85.0599975586
2016-01-01,1940.2399902344,22.4799995422,32.0900001526,19.25,20.2000007629,110.0800018311,121.1500015259,89.6299972534,89.9499969482
2015-12-01,2043.9399414062,15.6099996567,26.8099994659,14.4499998093,18.2099990845,89.7300033569,135.3699951172,86.3000030518,100.1999969482
2015-11-01,2080.4099121094,15.4099998474,20.6700000763,13.6700000763,16.1299991608,93.3199996948,107.6299972534,85.0299987793,90.8399963379
2015-10-01,2079.3601074219,23.1399993896,25.2299995422,12.8000001907,15.0699996948,102.6299972534,106.5899963379,85.5999984741,90.2699966431
2015-09-01,1920.0300292969,31.9099998474,33.8199996948,17.8700008392,24.5,135.1699981689,135.3000030518,93.9000015259,103.2799987793
2015-08-01,1972.1800537109,12.8500003815,53.2900009155,10.8800001144,28.4300003052,83.6699981689,212.2200012207,77.1600036621,127.2799987793
2015-07-01,2103.8400878906,16.6299991608,20.0499992371,11.7100000381,12.1199998856,101.0999984741,115.3600006104,78.2200012207,81.7699966431
2015-06-01,2063.1101074219,13.9200000763,19.7999992371,11.9300003052,18.2299995422,79.0100021362,117.8399963379,77.8199996948,110.1699981689
2015-05-01,2107.3898925781,13.9799995422,16.3600006104,11.8199996948,13.8400001526,84.5400009155,95.7200012207,72.1999969482,79.0699996948
2015-04-01,2085.5100097656,15.3199996948,16.6599998474,12.1199998856,14.5500001907,84.1800003052,89,76.1999969482,87.0800018311
2015-03-01,2067.8898925781,13.8999996185,17.1900005341,12.5399999619,15.2899999619,87.4700012207,97.6100006104,77.0299987793,84.0100021362
2015-02-01,2104.5,20.8899993896,22.8099994659,12.8599996567,13.3400001526,108.2399978638,113.5699996948,80.8799972534,85.2300033569
2015-01-01,1994.9899902344,17.7600002289,23.4300003052,15.5200004578,20.9699993134,109.5599975586,125.6800003052,91.8499984741,108.9899978638
2014-12-01,2058.8999023438,14.1599998474,25.2000007629,11.529999733,19.2000007629,86.8399963379,138.6000061035,83.4700012207,113.0800018311
2014-11-01,2067.5600585938,14.4099998474,15.9300003052,11.9099998474,13.3299999237,93.1900024414,93.1900024414,77.0400009155,79.8399963379
2014-10-01,2018.0500488281,16.4400005341,31.0599994659,13.720000267,14.029999733,98.1200027466,131.5700073242,87.7699966431,94.0999984741
2014-09-01,1972.2900390625,12.3199996948,17.0799999237,11.5200004578,16.3099994659,82.4100036621,96.7200012207,77.3300018311,92.4700012207
2014-08-01,2003.3699951172,16.6700000763,17.5699996948,11.2399997711,12.0900001526,101.1100006104,101.1100006104,78.4800033569,81.1100006104
2014-07-01,1930.6700439453,11.279999733,17.1100006104,10.279999733,16.9500007629,69.2799987793,97.4199981689,68.1500015259,97.4199981689
2014-06-01,1960.2299804688,11.6899995804,12.8900003433,10.3400001526,11.5699996948,68.7600021362,81.5,65.4700012207,71.5599975586
2014-05-01,1923.5699462891,13.6400003433,14.4899997711,11.3199996948,11.3999996185,64.5,71.5999984741,61.7599983215,67.9499969482
2014-04-01,1883.9499511719,13.4300003052,17.8500003815,12.6000003815,13.4099998474,67.5100021362,83.9400024414,64.4899978638,64.4899978638
2014-03-01,1872.3399658203,16.4699993134,18.2199993134,13.4600000381,13.8800001144,92.8399963379,97.1100006104,72.1999969482,72.1999969482
2014-02-01,1859.4499511719,18.5699996948,21.4799995422,13.4399995804,14,106.7799987793,106.7799987793,75.8199996948,81.4499969482
2014-01-01,1782.5899658203,14.3199996948,18.9899997711,11.8100004196,18.4099998474,73.1399993896,99.6600036621,67.7399978638,99.6600036621
2013-12-01,1848.3599853516,13.9099998474,16.75,11.6899995804,13.720000267,69.5899963379,85.3899993896,62.7099990845,70.8300018311
2013-11-01,1805.8100585938,13.4600000381,14.1400003433,11.9899997711,13.6999998093,68.9400024414,75.0599975586,63.7700004578,64.8099975586
2013-10-01,1756.5400390625,16.3099994659,21.3400001526,12.3400001526,13.75,76.4300003052,111.4300003052,68.5199966431,69.4400024414
2013-09-01,1681.5500488281,16.4699993134,17.4899997711,12.5200004578,16.6000003815,90.6600036621,90.6600036621,69.9599990845,81.6699981689
2013-08-01,1632.9699707031,12.8900003433,17.8099994659,11.8299999237,17.0100002289,71.0999984741,92.5999984741,69.7399978638,92.5999984741
2013-07-01,1685.7299804688,16.8999996185,17.3199996948,12.0699996948,13.4499998093,84.8899993896,84.8899993896,72.4899978638,73.0800018311
2013-06-01,1606.2800292969,16.3999996185,21.9099998474,14.9600000381,16.8600006104,86.9899978638,101.7699966431,82.9400024414,86.5400009155
2013-05-01,1630.7399902344,13.8800001144,16.3500003815,12.2600002289,16.2999992371,88.1100006104,88.2300033569,78.8600006104,84.8700027466
2013-04-01,1597.5699462891,13.4600000381,18.2000007629,11.9899997711,13.5200004578,84.2300033569,107.6500015259,80.4899978638,83.4599990845
2013-03-01,1569.1899414062,16.1000003815,16.8199996948,11.0500001907,12.6999998093,87.8300018311,94.3899993896,76.6500015259,83.1999969482
2013-02-01,1514.6800537109,13.3699998856,19.2800006866,12.0799999237,15.5100002289,73.2900009155,94.3399963379,70.4499969482,86.5699996948
2013-01-01,1498.1099853516,15.2399997711,15.9300003052,12.2899999619,14.279999733,78.7699966431,78.7699966431,71.8600006104,76.7200012207
2012-12-01,1426.1899414062,15.8100004196,23.2299995422,15.4099998474,18.0200004578,84.0699996948,104.7200012207,78.6999969482,92.5
2012-11-01,1416.1800537109,17.7700004578,19.3999996185,14.7700004578,15.8699998856,81.6999969482,94.75,78.4199981689,78.5899963379
2012-10-01,1412.1600341797,16.0300006866,19.6499996185,13.6700000763,18.6000003815,92.5100021362,99.6600036621,83.0999984741,90.2300033569
2012-09-01,1440.6700439453,18.6499996185,18.9599990845,13.5100002289,15.7299995422,93.7099990845,95.0500030518,82.2399978638,90.4899978638
2012-08-01,1406.5799560547,18.7999992371,19.25,13.3000001907,17.4699993134,94.2300033569,99.1399993896,83.9100036621,93.3000030518
2012-07-01,1379.3199462891,17.6200008392,21,15.4499998093,18.9300003052,85.6100006104,111.6500015259,84.5899963379,96.1100006104
2012-06-01,1362.1600341797,25.8700008392,27.7299995422,16.7700004578,17.0799999237,111.4100036621,111.4100036621,89.5899963379,89.5899963379
2012-05-01,1310.3299560547,17.2700004578,25.4599990845,16.0100002289,24.0599994659,87.0599975586,117.4400024414,86.2900009155,108.75
2012-04-01,1397.9100341797,16.3500003815,21.0599994659,15.0200004578,17.1499996185,100.3799972534,111.1900024414,88.6200027466,89.3199996948
2012-03-01,1408.4699707031,18.0200004578,21.2399997711,13.6599998474,15.5,97.4300003052,109.3799972534,96.0800018311,100.2799987793
2012-02-01,1365.6800537109,18.6800003052,21.9799995422,16.1000003815,18.4300003052,85.7799987793,114.6500015259,83.7900009155,101.5999984741
2012-01-01,1312.4100341797,22.9500007629,23.7299995422,16.7999992371,19.4400005341,91.3899993896,93.6600036621,86.0100021362,88.5100021362
2011-12-01,1257.5999755859,27.6299991608,30.9099998474,20.3400001526,23.3999996185,90.8799972534,99.6299972534,85.5400009155,91.6999969482
2011-11-01,1246.9599609375,36.0299987793,37.5299987793,27.0300006866,27.7999992371,113.1500015259,122.7300033569,92.2200012207,92.2200012207
2011-10-01,1253.3000488281,44.25,46.8800010681,24.4400005341,29.9599990845,103.8899993896,104.8399963379,89.3899993896,104.8399963379
2011-09-01,1131.4200439453,31.9099998474,43.8699989319,30.4300003052,42.9599990845,92.3099975586,104.7699966431,91,101.0800018311
2011-08-01,1218.8900146484,22.6299991608,48,22.4599990845,31.6200008392,95.8899993896,134.6300048828,94.1600036621,94.1600036621
2011-07-01,1292.2800292969,16.0599994659,25.9400005341,15.1199998856,25.25,78.6399993896,106.5699996948,78.6399993896,106.5699996948
2011-06-01,1320.6400146484,15.9499998093,24.6499996185,15.8800001144,16.5200004578,87.5899963379,105.0699996948,81.0800018311,81.0800018311
2011-05-01,1345.1999511719,15.0699996948,20.0300006866,15.0699996948,15.4499998093,88.5,96.25,80.9199981689,80.9199981689
2011-04-01,1363.6099853516,16.6800003052,19.0699996948,14.2700004578,14.75,81.9800033569,89.1100006104,81.4400024414,83.9800033569
2011-03-01,1325.8299560547,17.6299991608,31.2800006866,17.0699996948,17.7399997711,89.2799987793,112.3899993896,80.8399963379,82.5100021362
2011-02-01,1327.2199707031,18.5900001526,23.2199993134,14.8599996567,18.3500003815,84.4800033569,99.1800003052,78.9300003052,81.7799987793
2011-01-01,1286.1199951172,17.9400005341,20.0799999237,15.3699998856,19.5300006866,84.8000030518,91.5199966431,75.9400024414,86.0800018311
2010-12-01,1257.6400146484,21.1900005341,21.4300003052,15.3999996185,17.75,92.0299987793,92.0299987793,79.3600006104,86.3600006104
2010-11-01,1180.5500488281,21.6499996185,23.8400001526,17.7600002289,23.5400009155,79.7200012207,95.7300033569,70.7799987793,95.7300033569
2010-10-01,1183.2600097656,22.8999996185,24.3400001526,17.8999996185,21.2000007629,84.0800018311,91.75,77.4599990845,77.4599990845
2010-09-01,1141.1999511719,25.1299991608,25.1299991608,20.8500003815,23.7000007629,78.2799987793,89.8799972534,76.6399993896,86.4899978638
2010-08-01,1049.3299560547,23.0699996948,28.9200000763,21.3600006104,26.0499992371,85.0199966431,102.6500015259,79,81.4899978638
2010-07-01,1101.5999755859,34.4099998474,37.5800018311,21.8600006104,23.5,100.6900024414,102.5800018311,88.5500030518,89.5500030518
2010-06-01,1030.7099609375,34.8699989319,37.3800010681,22.8700008392,34.5400009155,109.9199981689,111.7699966431,89.6500015259,105.1600036621
2010-05-01,1089.4100341797,22.4099998474,48.2000007629,19.6100006104,32.0699996948,95.6800003052,145.1199951172,95.6800003052,110.1299972534
2010-04-01,1186.6899414062,17.0100002289,23.2000007629,15.2299995422,22.0499992371,78.2900009155,103.2300033569,76.8199996948,101.4100036621
2010-03-01,1169.4300537109,19.9300003052,19.9400005341,16.1700000763,17.5900001526,73.2399978638,83.8199996948,70.5100021362,77.4899978638
2010-02-01,1104.4899902344,24.3299999237,29.2199993134,19.3199996948,19.5,83.7300033569,92.1800003052,73.1299972534,73.1299972534
2010-01-01,1073.8699951172,21.6800003052,28.0100002289,16.8600006104,24.6200008392,73.3000030518,100.0599975586,64.8700027466,89
2009-12-01,1115.0999755859,24.5100002289,24.5100002289,19.25,21.6800003052,80.7399978638,84.9300003052,68.8099975586,74.9899978638
2009-11-01,1095.6300048828,30.7000007629,31.8400001526,20.0499992371,24.5100002289,91.9800033569,91.9800033569,68.4899978638,81.5800018311
2009-10-01,1036.1899414062,25.9799995422,31.5900001526,20.1000003815,30.6900005341,76.25,89.9000015259,64.9700012207,89.9000015259
2009-09-01,1057.0799560547,26.0100002289,29.5699996948,22.1900005341,25.6100006104,81,81,68.1800003052,71.3199996948
2009-08-01,1020.6199951172,25.9200000763,28.3899993896,23.6800003052,26.0100002289,72.7900009155,84.2200012207,70.1299972534,77.1200027466
2009-07-01,987.4799804688,25.7299995422,33.0499992371,23,25.9200000763,79.6800003052,86.1699981689,72.8000030518,73.4700012207
2009-06-01,919.3200073242,28.7000007629,32.7700004578,25.0200004578,26.3500003815,84.2300033569,88.4899978638,77.5999984741,79.5999984741
2009-05-01,919.1400146484,36.5,36.8800010681,26.5699996948,28.9200000763,69.8199996948,91.2300033569,69.8199996948,83.9100036621
2009-04-01,872.8099975586,45.4199981689,45.5999984741,33.6800003052,36.5,70.3899993896,75.5199966431,64.9499969482,71.4199981689
2009-03-01,797.8699951172,49.9599990845,53.25,38.7900009155,44.1399993896,93.8600006104,93.8600006104,70.1600036621,72.7099990845
2009-02-01,735.0900268555,49.4199981689,53.1599998474,40.7299995422,46.3499984741,96.4800033569,96.4800033569,88.2699966431,91.0800018311
2009-01-01,825.8800048828,39.5800018311,57.3600006104,36.8800010681,44.8400001526,84.4100036621,104.0199966431,84.4100036621,98.7200012207
2008-12-01,903.25,60.4700012207,68.5999984741,37.9599990845,40,90.4899978638,90.4899978638,75.1699981689,85.5999984741
2008-11-01,896.2399902344,60.1699981689,81.4800033569,44.25,55.2799987793,116.1900024414,125,88.4100036621,88.4100036621
2008-10-01,968.75,39.3899993896,89.5299987793,39.3899993896,59.8899993896,89.7600021362,134.8699951172,89.7600021362,116.9400024414
2008-09-01,1166.3599853516,20.6499996185,48.4000015259,20.4699993134,39.3899993896,69.6500015259,99.8600006104,67.9400024414,92.2300033569
2008-08-01,1282.8299560547,22.6599998474,23.8600006104,18.6399993896,20.6499996185,72.7300033569,79.4100036621,68.0500030518,68.0699996948
2008-07-01,1267.3800048828,25.1399993896,30.8099994659,20.7299995422,22.9400005341,79.4400024414,81.6900024414,67.2099990845,72.9499969482
2008-06-01,1280,17.8299999237,24.5599994659,17.8299999237,23.9500007629,78.5999984741,93.8700027466,76.0100021362,79.6600036621
2008-05-01,1400.3800048828,20.7800006866,20.9500007629,15.8199996948,17.8299999237,63.0600013733,83.6200027466,63.0600013733,73.4599990845
2008-04-01,1385.5899658203,25.6100006104,25.6100006104,19.2099990845,20.7900009155,66.9599990845,75.4700012207,59.7400016785,64.6900024414
2008-03-01,1322.6999511719,27.5400009155,35.5999984741,22.2900009155,25.6100006104,71.0199966431,80.9899978638,66.9700012207,67.6399993896
2008-02-01,1330.6300048828,25.6599998474,29.7000007629,21.6399993896,26.5400009155,73.9400024414,75.0599975586,65.4700012207,69.8099975586
2008-01-01,1378.5500488281,22.5799999237,37.5699996948,22.1100006104,26.2000007629,80.5800018311,89.3700027466,75.2099990845,75.2099990845
2007-12-01,1468.3599853516,23.5900001526,24.8600006104,18.2800006866,22.5,87.4499969482,89.4100036621,79.4400024414,82.1900024414
2007-11-01,1481.1400146484,19.8899993896,31.0900001526,17.3799991608,22.8700008392,97.5299987793,98.1699981689,88.8799972534,88.8799972534
2007-10-01,1549.3800048828,18.4400005341,24.1499996185,16.0799999237,18.5300006866,84.4800033569,100.3700027466,79.9300003052,93.6200027466
2007-09-01,1526.75,21.9300003052,28.8199996948,16.9099998474,18,104.8700027466,108.2200012207,87.1299972534,87.1299972534
2007-08-01,1473.9899902344,23.7099990845,37.5,19.3299999237,23.3799991608,108.8600006104,142.9900054932,82.5199966431,109.2699966431
2007-07-01,1455.2700195312,16.4799995422,24.1700000763,14.6700000763,23.5200004578,75.5599975586,104.0800018311,72.0199966431,104.0800018311
2007-06-01,1503.3499755859,12.7700004578,18.9799995422,12.4300003052,16.2299995422,70.1900024414,82.0100021362,63.5200004578,76.9400024414
2007-05-01,1530.6199951172,14.1000003815,14.6000003815,12.0799999237,13.0500001907,81.2799987793,85.8899993896,70.2600021362,72.1999969482
2007-04-01,1482.3699951172,14.9099998474,15.4600000381,11.4600000381,14.220000267,98.9199981689,98.9199981689,77.8300018311,85.3300018311
2007-03-01,1420.8599853516,17.7600002289,21.25,11.2100000381,14.6400003433,99.4700012207,104.7900009155,89.5500030518,99.7799987793
2007-02-01,1406.8199462891,10.3199996948,19.0100002289,9.6999998093,15.4200000763,73.5,110.4199981689,65.8700027466,91.6399993896
2007-01-01,1438.2399902344,12.1599998474,12.8299999237,9.8699998856,10.4200000763,87.6299972534,93.7799987793,77.2799987793,77.2799987793
2006-12-01,1418.3000488281,11.0699996948,12.6800003052,9.3900003433,11.5600004196,,,,
2006-11-01,1400.6300048828,10.9300003052,12.5500001907,9.8100004196,10.9099998474,,,,
2006-10-01,1377.9399414062,12.4499998093,12.9099998474,10.4399995804,11.1000003815,,,,
2006-09-01,1335.8499755859,12.1400003433,14.4899997711,10.7399997711,11.9799995422,,,,
2006-08-01,1303.8199462891,15.4899997711,16.1499996185,11.5699996948,12.3100004196,,,,
2006-07-01,1276.6600341797,13.2899999619,19.5799999237,12.7700004578,14.9499998093,,,,
2006-06-01,1270.1999511719,16.4699993134,23.8099994659,12.7399997711,13.0799999237,,,,
2006-05-01,1270.0899658203,11.8299999237,19.8700008392,11.1800003052,16.4400005341,,,,
2006-04-01,1310.6099853516,11.470000267,13.0900001526,11.0200004578,11.5900001526,,,,
2006-03-01,1294.8699951172,12.0500001907,13.3400001526,10.529999733,11.3900003433,,,,
2006-02-01,1280.6600341797,13.029999733,13.7299995422,11.1300001144,12.3400001526,,,,
2006-01-01,1280.0799560547,12.25,14.5600004196,10.8100004196,12.9499998093,,,,
2005-12-01,1248.2900390625,12.0900001526,12.4399995804,10.1499996185,12.0699996948,,,,
2005-11-01,1249.4799804688,14.8500003815,15.6599998474,10.5,12.0600004196,,,,
2005-10-01,1207.0100097656,12.3699998856,17.1900005341,11.9799995422,15.3199996948,,,,
2005-09-01,1228.8100585938,12.8599996567,14.3900003433,11.0699996948,11.9200000763,,,,
2005-08-01,1220.3299560547,11.75,14.4099998474,11.3599996567,12.6000003815,,,,
2005-07-01,1234.1800537109,11.75,13.9200000763,9.8800001144,11.5699996948,,,,
2005-06-01,1191.3299560547,13.3400001526,13.3400001526,10.779999733,12.0399999619,,,,
2005-05-01,1191.5,15.4499998093,17.7000007629,11.6499996185,13.2899999619,,,,
2005-04-01,1156.8499755859,13.6400003433,18.5900001526,11.1999998093,15.3100004196,,,,
2005-03-01,1180.5899658203,11.9499998093,14.8900003433,11.6599998474,14.0200004578,,,,
2005-02-01,1203.5999755859,12.8000001907,13.1999998093,10.8999996185,12.0799999237,,,,
2005-01-01,1181.2700195312,13.3900003433,14.75,12.2899999619,12.8199996948,,,,
2004-12-01,1211.9200439453,13.1000003815,13.7399997711,11.1400003433,13.2899999619,,,,
2004-11-01,1173.8199462891,16.4300003052,16.7600002289,12.5600004196,13.2399997711,,,,
2004-10-01,1130.1999511719,13.1099996567,16.8700008392,12.6000003815,16.2700004578,,,,
2004-09-01,1114.5799560547,15.3900003433,15.9799995422,13.1599998474,13.3400001526,,,,
2004-08-01,1104.2399902344,16.4200000763,19.9699993134,14.6700000763,15.2899999619,,,,
2004-07-01,1101.7199707031,14.7399997711,17.9300003052,13.3400001526,15.3199996948,,,,
2004-06-01,1140.8399658203,16.6000003815,17.0400009155,13.75,14.3400001526,,,,
2004-05-01,1120.6800537109,17.6900005341,20.4500007629,15.1899995804,15.5,,,,
2004-04-01,1107.3000488281,16.7600002289,17.9799995422,13.8599996567,17.1900005341,,,,
2004-03-01,1126.2099609375,14.9099998474,22.6700000763,13.8299999237,16.7399997711,,,,
2004-02-01,1144.9399414062,17.4500007629,18.0599994659,13.8000001907,14.5500001907,,,,
2004-01-01,1131.1300048828,17.9599990845,18.6800003052,14.0100002289,16.6299991608,,,,
2003-12-01,1111.9200439453,16.7399997711,18.8600006104,14.6599998474,18.3099994659,,,,
2003-11-01,1058.1999511719,16.3299999237,19.6100006104,16.0200004578,16.3199996948,,,,
2003-10-01,1050.7099609375,22.8099994659,22.8199996948,15.7899999619,16.1000003815,,,,
2003-09-01,995.9699707031,19.3099994659,23.2600002289,17.5200004578,22.7199993134,,,,
2003-08-01,1008.0100097656,20.0599994659,23.8899993896,17.6399993896,18.6299991608,,,,
2003-07-01,990.3099975586,20.4899997711,20.7999992371,17.6499996185,19.4899997711,,,,
2003-06-01,974.5,20.3500003815,22.8099994659,18.8700008392,19.5200004578,,,,
2003-05-01,963.5900268555,21.3500003815,22.3299999237,18.2399997711,19.4699993134,,,,
2003-04-01,916.9199829102,29.5799999237,30.0400009155,20.2600002289,21.2099990845,,,,
2003-03-01,848.1799926758,29.7800006866,34.4000015259,27.5799999237,29.1499996185,,,,
2003-02-01,841.1500244141,32.4500007629,35.6599998474,29.0599994659,29.6299991608,,,,
2003-01-01,855.700012207,28.7399997711,35.3300018311,24.0200004578,31.1700000763,,,,
2002-12-01,879.8200073242,28.3500003815,31.2000007629,25.8700008392,28.6200008392,,,,
2002-11-01,936.3099975586,31.5699996948,32.5999984741,23.0499992371,27.5,,,,
2002-10-01,885.7600097656,37.25,43.4399986267,29.6900005341,31.1399993896,,,,
2002-09-01,815.2800292969,37.1199989319,41.8600006104,33.7200012207,39.6899986267,,,,
2002-08-01,916.0700073242,32.7700004578,45.2099990845,27.6100006104,32.6399993896,,,,
2002-07-01,911.6199951172,25.7099990845,48.4599990845,25.6299991608,32.0299987793,,,,
2002-06-01,989.8200073242,20.9799995422,30.9799995422,20.6200008392,25.3999996185,,,,
2002-05-01,1067.1400146484,21.4400005341,22.7099990845,17.7000007629,19.9799995422,,,,
2002-04-01,1076.9200439453,18.9899997711,24.5,17.7299995422,21.9099998474,,,,
2002-03-01,1147.3900146484,21.0599994659,21.1200008392,17.0200004578,17.3999996185,,,,
2002-02-01,1106.7299804688,21.1200008392,27.3199996948,20.5499992371,21.5900001526,,,,
2002-01-01,1130.1999511719,23.7800006866,26.8799991608,20.3999996185,21.0900001526,,,,
2001-12-01,1148.0799560547,25.9200000763,26.3799991608,21.1200008392,23.7999992371,,,,
2001-11-01,1139.4499511719,33.9700012207,34.5699996948,22.9599990845,23.8400001526,,,,
2001-10-01,1059.7800292969,33.4199981689,36.9500007629,28.1100006104,33.5600013733,,,,
2001-09-01,1040.9399414062,26.1100006104,49.3499984741,24.1900005341,31.9300003052,,,,
2001-08-01,1133.5799560547,20.9699993134,25.8400001526,19.6900005341,24.9200000763,,,,
2001-07-01,1211.2299804688,19.75,25.6100006104,18.7399997711,21.6200008392,,,,
2001-06-01,1224.3800048828,23.0200004578,24.4200000763,18.8299999237,19.0599994659,,,,
2001-05-01,1255.8199462891,25.4599990845,26.4899997711,20.4599990845,22.6399993896,,,,
2001-04-01,1249.4599609375,29.3999996185,35.2000007629,23.0100002289,25.4799995422,,,,
2001-03-01,1160.3299560547,29.6599998474,35.4500007629,24.1200008392,28.6399993896,,,,
2001-02-01,1239.9399414062,22.3899993896,30.6200008392,20.2199993134,28.3500003815,,,,
2001-01-01,1366.0100097656,27.9300003052,30.7999992371,21.4699993134,22.0200004578,,,,
2000-12-01,1320.2800292969,28.3099994659,32.3199996948,22.3799991608,26.8500003815,,,,
2000-11-01,1314.9499511719,24.0699996948,31.1100006104,23.5100002289,29.6499996185,,,,
2000-10-01,1429.4000244141,20.9799995422,30.7999992371,20.4099998474,23.6299991608,,,,
2000-09-01,1436.5100097656,16.8099994659,22.6599998474,16.4699993134,20.5699996948,,,,
2000-08-01,1517.6800537109,20.6599998474,20.8400001526,16.2800006866,16.8400001526,,,,
2000-07-01,1430.8299560547,20.5100002289,21.6499996185,18.7700004578,20.7399997711,,,,
2000-06-01,1454.5999755859,23.2000007629,25.0100002289,19.3899993896,19.5400009155,,,,
2000-05-01,1420.5999755859,26.0699996948,32.8899993896,23.2299995422,23.6499996185,,,,
2000-04-01,1452.4300537109,24.9899997711,34.3100013733,23.25,26.2000007629,,,,
2000-03-01,1498.5799560547,22.6499996185,25.8700008392,19.1900005341,24.1100006104,,,,
2000-02-01,1366.4200439453,24.4300003052,28.1200008392,20.6900005341,23.3700008392,,,,
2000-01-01,1394.4599609375,24.3600006104,29,19.5100002289,24.9500007629,,,,
1999-12-01,1469.25,23.4099998474,25.2000007629,18.6900005341,24.6399993896,,,,
1999-11-01,1388.9100341797,22.7000007629,24.2900009155,18.6399993896,24.1800003052,,,,
1999-10-01,1362.9300537109,25.5799999237,29.8099994659,20.2999992371,22.2000007629,,,,
1999-09-01,1282.7099609375,23.8600006104,29.2099990845,20.8700008392,25.4099998474,,,,
1999-08-01,1320.4100341797,25.75,30,20.1200008392,24.4500007629,,,,
1999-07-01,1328.7199707031,20.5699996948,25.7399997711,17.0699996948,24.6399993896,,,,
1999-06-01,1372.7099609375,27.1200008392,27.9899997711,20.6700000763,21.0900001526,,,,
1999-05-01,1301.8399658203,24.4099998474,29.6200008392,24.0499992371,25.3899993896,,,,
1999-04-01,1335.1800537109,22.8700008392,26.5,20.4699993134,25.0699996948,,,,
1999-03-01,1286.3699951172,29.3400001526,29.8999996185,22,23.2600002289,,,,
1999-02-01,1238.3299560547,27.2099990845,31.75,25.2199993134,27.8799991608,,,,
1999-01-01,1279.6400146484,25.3799991608,33.6599998474,21.3799991608,26.25,,,,
1998-12-01,1229.2299804688,27.3799991608,31.6700000763,20.0799999237,24.4200000763,,,,
1998-11-01,1163.6300048828,28.3099994659,30.5599994659,21.2399997711,26.0100002289,,,,
1998-10-01,1098.6700439453,41.9000015259,49.5299987793,27.5400009155,28.0499992371,,,,
1998-09-01,1017.0100097656,41.7400016785,48.0600013733,32.4399986267,40.9500007629,,,,
1998-08-01,957.2800292969,26.1499996185,45.0200004578,25.3500003815,44.2799987793,,,,
1998-07-01,1120.6700439453,18.9899997711,26.6800003052,16.1000003815,24.7999992371,,,,
1998-06-01,1133.8399658203,22.7099990845,26.4899997711,18.9300003052,19.7099990845,,,,
1998-05-01,1090.8199462891,20.7199993134,25.1000003815,18.6000003815,21.3199996948,,,,
1998-04-01,1111.75,24.8500003815,27.4699993134,19.25,21.1800003052,,,,
1998-03-01,1101.75,18.9699993134,24.9200000763,17.5799999237,24.2199993134,,,,
1998-02-01,1049.3399658203,21.3199996948,21.8999996185,18.3899993896,18.5499992371,,,,
1998-01-01,980.2800292969,24.3400001526,31.0799999237,20.5499992371,21.4699993134,,,,
1997-12-01,970.4299926758,27.8600006104,33.0800018311,20.4099998474,24.0100002289,,,,
1997-11-01,955.4000244141,32.1800003052,38.4599990845,26.4200000763,27.4300003052,,,,
1997-10-01,914.6199951172,22.9500007629,48.6399993896,19.2800006866,35.0900001526,,,,
1997-09-01,947.2800292969,25.8500003815,27.3299999237,21.4300003052,22.9099998474,,,,
1997-08-01,899.4699707031,21.2900009155,26.3099994659,19.3299999237,24.7600002289,,,,
1997-07-01,954.3099975586,21.5400009155,23.7099990845,17.8199996948,21.4799995422,,,,
1997-06-01,885.1400146484,21.0799999237,22.2800006866,18.2000007629,21.5300006866,,,,
1997-05-01,848.2800292969,20.1800003052,22.2600002289,17.2800006866,19.1900005341,,,,
1997-04-01,801.3400268555,22.8500003815,23.0400009155,17.5699996948,20.0599994659,,,,
1997-03-01,757.1199951172,21.8899993896,22.4400005341,17.2999992371,22.1399993896,,,,
1997-02-01,790.8200073242,19.8899993896,21.5499992371,18.7099990845,21.1000003815,,,,
1997-01-01,786.1599731445,21.5400009155,22.7999992371,16.3600006104,19.4699993134,,,,
1996-12-01,740.7399902344,18.6599998474,22.1299991608,16.8299999237,20.9200000763,,,,
1996-11-01,757.0200195312,17.2900009155,18.6100006104,13.4499998093,17.1399993896,,,,
1996-10-01,705.2700195312,16.8999996185,19.2099990845,14.6300001144,18.1100006104,,,,
1996-09-01,687.3300170898,19.7800006866,20.5300006866,14.5500001907,16.9500007629,,,,
1996-08-01,651.9899902344,19.3899993896,19.3899993896,13.220000267,17.0100002289,,,,
1996-07-01,639.950012207,13.8299999237,27.0499992371,13.75,19.4599990845,,,,
1996-06-01,670.6300048828,16.7999992371,18.8799991608,13.5500001907,13.6800003052,,,,
1996-05-01,669.1199951172,15.8900003433,18.9599990845,14.5600004196,16.0699996948,,,,
1996-04-01,654.1699829102,18.4200000763,21.0900001526,13.9899997711,15.8299999237,,,,
1996-03-01,645.5,17.1299991608,21.3600006104,14.9799995422,18.8799991608,,,,
1996-02-01,640.4299926758,11.4399995804,17.3899993896,11.1099996567,17.0400009155,,,,
1996-01-01,636.0200195312,13.3900003433,16.8700008392,11.2299995422,12.529999733,,,,
1995-12-01,615.9299926758,11.1199998856,15.4200000763,10.0600004196,12.5200004578,,,,
1995-11-01,605.3699951172,13.9799995422,14.1000003815,10.5699996948,11.5799999237,,,,
1995-10-01,581.5,12.3999996185,16.9899997711,12.2899999619,13.8299999237,,,,
1995-09-01,584.4099731445,11.1499996185,13.9499998093,10.1899995804,12.7399997711,,,,
1995-08-01,561.8800048828,13.4399995804,14.4899997711,11.3599996567,11.5200004578,,,,
1995-07-01,562.0599975586,11.3599996567,15.2600002289,10.9200000763,13.4899997711,,,,
1995-06-01,544.75,12.1599998474,14.0500001907,10.3599996567,11.3800001144,,,,
1995-05-01,533.4000244141,11.2100000381,13.6000003815,10.0799999237,12.8500003815,,,,
1995-04-01,514.7100219727,12.5200004578,14.4799995422,10.9499998093,11.75,,,,
1995-03-01,500.7099914551,11.4899997711,14.7700004578,10.7899999619,13.3699998856,,,,
1995-02-01,487.3900146484,11.7399997711,13.0100002289,10.5100002289,11.75,,,,
1995-01-01,470.4200134277,14.0900001526,14.7100000381,10.7600002289,11.9600000381,,,,
1994-12-01,459.2699890137,15.4899997711,18.1599998474,11.3599996567,13.1999998093,,,,
1994-11-01,453.6900024414,14.6099996567,19.5699996948,14.3199996948,15.9499998093,,,,
1994-10-01,472.3500061035,15.6899995804,17.2199993134,12.75,14.5600004196,,,,
1994-09-01,462.7099914551,12.1700000763,16.0799999237,11.1700000763,14.279999733,,,,
1994-08-01,475.4899902344,11.7100000381,13.3400001526,10.75,11.970000267,,,,
1994-07-01,458.2600097656,14.8900003433,15.6300001144,10.9600000381,11.1300001144,,,,
1994-06-01,444.2699890137,13.1599998474,17.7099990845,10.4799995422,14.970000267,,,,
1994-05-01,456.5,14.4200000763,16.6499996185,11.4399995804,13.029999733,,,,
1994-04-01,450.9100036621,23.6100006104,28.2999992371,13.0500001907,13.7700004578,,,,
1994-03-01,445.7699890137,12.5799999237,21.9400005341,11.5799999237,20.4500007629,,,,
1994-02-01,467.1400146484,10.8100004196,16.3099994659,10.2100000381,14.8699998856,,,,
1994-01-01,481.6099853516,11.279999733,13.4200000763,9.5900001526,10.6300001144,,,,
1993-12-01,466.450012207,12.9300003052,14.7600002289,8.8900003433,11.6599998474,,,,
1993-11-01,461.7900085449,12.0200004578,16.4599990845,11.4899997711,13.7600002289,,,,
1993-10-01,467.8299865723,12.5600004196,14.7899999619,10,11.4600000381,,,,
1993-09-01,458.9299926758,11.3000001907,18.3099994659,10.75,12.9899997711,,,,
1993-08-01,463.5599975586,11.8100004196,13.25,10.8000001907,11.8500003815,,,,
1993-07-01,448.1300048828,10.4899997711,14.3699998856,9.1099996567,11.7299995422,,,,
1993-06-01,450.5299987793,13.6400003433,15.8800001144,10.8599996567,11.2600002289,,,,
1993-05-01,450.1900024414,13.25,15.1099996567,11.9600000381,13.470000267,,,,
1993-04-01,440.1900024414,13.0399999619,15.4499998093,10.7100000381,12.4200000763,,,,
1993-03-01,451.6700134277,13.1300001144,16.3700008392,10.6599998474,12.529999733,,,,
1993-02-01,443.3800048828,12.5100002289,16.6499996185,11.6899995804,13.1599998474,,,,
1993-01-01,438.7799987793,12.9600000381,15.0600004196,10.9799995422,12.4200000763,,,,
1992-12-01,435.7099914551,12.9399995804,13.8900003433,10.2899999619,12.5699996948,,,,
1992-11-01,431.3500061035,17.0200004578,17.9200000763,11.3800001144,13.0100002289,,,,
1992-10-01,418.6799926758,15.4399995804,25.1299991608,15.029999733,16.1499996185,,,,
1992-09-01,417.799987793,11.8699998856,15.4200000763,10.6899995804,14.279999733,,,,
1992-08-01,414.0299987793,14.0500001907,16.5200004578,12.3400001526,13.5799999237,,,,
1992-07-01,424.2099914551,13.4300003052,16.3600006104,11.3599996567,13.1700000763,,,,
1992-06-01,408.1400146484,14.470000267,18.5300006866,12.7299995422,13.3500003815,,,,
1992-05-01,415.3500061035,14.8699998856,17.7600002289,12.7700004578,13.8599996567,,,,
1992-04-01,414.950012207,16.9300003052,21.4400005341,14.8299999237,15.529999733,,,,
1992-03-01,403.6900024414,17.4400005341,21.0599994659,15.4600000381,16.1800003052,,,,
1992-02-01,412.700012207,17.0799999237,19.3099994659,15.3400001526,16.6800003052,,,,
1992-01-01,408.7799987793,19.6900005341,20.2999992371,14.1199998856,17.3999996185,,,,
1991-12-01,417.0899963379,20.1800003052,20.5699996948,15.4399995804,19.3099994659,,,,
1991-11-01,375.2200012207,15.6000003815,21.9200000763,13.9499998093,20.2600002289,,,,
1991-10-01,392.450012207,14.8100004196,18.5799999237,14.8100004196,15.4799995422,,,,
1991-09-01,387.8599853516,16.5699996948,18.2199993134,15.3500003815,15.8500003815,,,,
1991-08-01,395.4299926758,15.470000267,21.1900005341,14.4099998474,14.4600000381,,,,
1991-07-01,387.8099975586,18.6399993896,20.2900009155,15.1800003052,15.1800003052,,,,
1991-06-01,371.1600036621,16.8700008392,19.5499992371,15.5,19.5499992371,,,,
1991-05-01,389.8299865723,17.7700004578,18.3799991608,15.2299995422,15.9300003052,,,,
1991-04-01,375.3399963379,17.4200000763,20.1200008392,15.470000267,18.2399997711,,,,
1991-03-01,375.2200012207,21.2299995422,21.2299995422,14.8999996185,16.8799991608,,,,
1991-02-01,367.0700073242,21.0400009155,23.6000003815,19.5699996948,21.2299995422,,,,
1991-01-01,343.9299926758,26.6200008392,36.2000007629,20.9099998474,20.9099998474,,,,
1990-12-01,330.2200012207,22.2900009155,26.3799991608,20.9400005341,26.3799991608,,,,
1990-11-01,322.2200012207,30.25,30.8700008392,20.0900001526,22.1599998474,,,,
1990-10-01,304,28.0599994659,33.9799995422,27.2700004578,30.0400009155,,,,
1990-09-01,306.049987793,29.5799999237,30.5599994659,27.8799991608,29.1100006104,,,,
1990-08-01,322.5599975586,21.6399993896,36.4700012207,20.4300003052,29.8999996185,,,,
1990-07-01,356.1499938965,16.2600002289,23.6800003052,15.6300001144,21.1100006104,,,,
1990-06-01,358.0199890137,17.0900001526,19.3600006104,14.720000267,15.5,,,,
1990-05-01,361.2300109863,18.4300003052,20.1399993896,16.7199993134,17.3700008392,,,,
1990-04-01,330.799987793,22.8400001526,24.1599998474,17.7299995422,19.5200004578,,,,
1990-03-01,339.9400024414,21.8999996185,22.7399997711,17.6200008392,19.7299995422,,,,
1990-02-01,331.8900146484,24.8700008392,24.8700008392,19.7099990845,21.9899997711,,,,
1990-01-01,329.0799865723,17.2399997711,27.25,17.2399997711,25.3600006104,,,,
1989-12-01,353.3999938965,,,,,,,,
1989-11-01,345.9899902344,,,,,,,,
1989-10-01,340.3599853516,,,,,,,,
1989-09-01,349.1499938965,,,,,,,,
1989-08-01,351.450012207,,,,,,,,
1989-07-01,346.0799865723,,,,,,,,
1989-06-01,317.9800109863,,,,,,,,
1989-05-01,320.5199890137,,,,,,,,
1989-04-01,309.6400146484,,,,,,,,
1989-03-01,294.8699951172,,,,,,,,
1989-02-01,288.8599853516,,,,,,,,
1989-01-01,297.4700012207,,,,,,,,
1988-12-01,277.7200012207,,,,,,,,
1988-11-01,273.700012207,,,,,,,,
1988-10-01,278.9700012207,,,,,,,,
1988-09-01,271.9100036621,,,,,,,,
1988-08-01,261.5199890137,,,,,,,,
1988-07-01,272.0199890137,,,,,,,,
1988-06-01,273.5,,,,,,,,
1988-05-01,262.1600036621,,,,,,,,
1988-04-01,261.3299865723,,,,,,,,
1988-03-01,258.8900146484,,,,,,,,
1988-02-01,267.8200073242,,,,,,,,
1988-01-01,257.0700073242,,,,,,,,
1987-12-01,247.0800018311,,,,,,,,
1987-11-01,230.3000030518,,,,,,,,
1987-10-01,251.7899932861,,,,,,,,
1987-09-01,321.8299865723,,,,,,,,
1987-08-01,329.799987793,,,,,,,,
1987-07-01,318.6600036621,,,,,,,,
1987-06-01,304,,,,,,,,
1987-05-01,290.1000061035,,,,,,,,
1987-04-01,288.3599853516,,,,,,,,
1987-03-01,291.700012207,,,,,,,,
1987-02-01,284.200012207,,,,,,,,
1987-01-01,274.0799865723,,,,,,,,
1986-12-01,242.1699981689,,,,,,,,
1986-11-01,249.2200012207,,,,,,,,
1986-10-01,243.9799957275,,,,,,,,
1986-09-01,231.3200073242,,,,,,,,
1986-08-01,252.9299926758,,,,,,,,
1986-07-01,236.1199951172,,,,,,,,
1986-06-01,250.8399963379,,,,,,,,
1986-05-01,247.3500061035,,,,,,,,
1986-04-01,235.5200042725,,,,,,,,
1986-03-01,238.8999938965,,,,,,,,
1986-02-01,226.9199981689,,,,,,,,
1986-01-01,211.7799987793,,,,,,,,
1985-12-01,211.2799987793,,,,,,,,
1985-11-01,202.1699981689,,,,,,,,
1985-10-01,189.8200073242,,,,,,,,
1985-09-01,182.0800018311,,,,,,,,
1985-08-01,188.6300048828,,,,,,,,
1985-07-01,190.9199981689,,,,,,,,
1985-06-01,191.8500061035,,,,,,,,
1985-05-01,189.5500030518,,,,,,,,
1985-04-01,179.8300018311,,,,,,,,
1985-03-01,180.6600036621,,,,,,,,
1985-02-01,181.1799926758,,,,,,,,
1985-01-01,179.6300048828,,,,,,,,
1984-12-01,167.2400054932,,,,,,,,
1984-11-01,163.5800018311,,,,,,,,
1984-10-01,166.0899963379,,,,,,,,
1984-09-01,166.1000061035,,,,,,,,
1984-08-01,166.6799926758,,,,,,,,
1984-07-01,150.6600036621,,,,,,,,
1984-06-01,153.1799926758,,,,,,,,
1984-05-01,150.5500030518,,,,,,,,
1984-04-01,160.0500030518,,,,,,,,
1984-03-01,159.1799926758,,,,,,,,
1984-02-01,157.0599975586,,,,,,,,
1984-01-01,163.4100036621,,,,,,,,
1983-12-01,164.9299926758,,,,,,,,
1983-11-01,166.3999938965,,,,,,,,
1983-10-01,163.5500030518,,,,,,,,
1983-09-01,166.0700073242,,,,,,,,
1983-08-01,164.3999938965,,,,,,,,
1983-07-01,162.5599975586,,,,,,,,
1983-06-01,167.6399993896,,,,,,,,
1983-05-01,162.3899993896,,,,,,,,
1983-04-01,164.4299926758,,,,,,,,
1983-03-01,152.9600067139,,,,,,,,
1983-02-01,148.0599975586,,,,,,,,
1983-01-01,145.3000030518,,,,,,,,
1982-12-01,140.6399993896,,,,,,,,
1982-11-01,138.5299987793,,,,,,,,
1982-10-01,133.7200012207,,,,,,,,
1982-09-01,120.4199981689,,,,,,,,
1982-08-01,119.5100021362,,,,,,,,
1982-07-01,107.0899963379,,,,,,,,
1982-06-01,109.6100006104,,,,,,,,
1982-05-01,111.8799972534,,,,,,,,
1982-04-01,116.4400024414,,,,,,,,
1982-03-01,111.9599990845,,,,,,,,
1982-02-01,113.1100006104,,,,,,,,
1982-01-01,120.4000015259,,,,,,,,
1981-12-01,122.5500030518,,,,,,,,
1981-11-01,126.3499984741,,,,,,,,
1981-10-01,121.8899993896,,,,,,,,
1981-09-01,116.1800003052,,,,,,,,
1981-08-01,122.7900009155,,,,,,,,
1981-07-01,130.9199981689,,,,,,,,
1981-06-01,131.2100067139,,,,,,,,
1981-05-01,132.5899963379,,,,,,,,
1981-04-01,132.8099975586,,,,,,,,
1981-03-01,136,,,,,,,,
1981-02-01,131.2700042725,,,,,,,,
1981-01-01,129.5500030518,,,,,,,,
1980-12-01,135.7599945068,,,,,,,,
1980-11-01,140.5200042725,,,,,,,,
1980-10-01,127.4700012207,,,,,,,,
1980-09-01,125.4599990845,,,,,,,,
1980-08-01,122.3799972534,,,,,,,,
1980-07-01,121.6699981689,,,,,,,,
1980-06-01,114.2399978638,,,,,,,,
1980-05-01,111.2399978638,,,,,,,,
1980-04-01,106.2900009155,,,,,,,,
1980-03-01,102.0899963379,,,,,,,,
1980-02-01,113.6600036621,,,,,,,,
1980-01-01,114.1600036621,,,,,,,,
1979-12-01,107.9400024414,,,,,,,,
1979-11-01,106.1600036621,,,,,,,,
1979-10-01,101.8199996948,,,,,,,,
1979-09-01,109.3199996948,,,,,,,,
1979-08-01,109.3199996948,,,,,,,,
1979-07-01,103.8099975586,,,,,,,,
1979-06-01,102.9100036621,,,,,,,,
1979-05-01,99.0800018311,,,,,,,,
1979-04-01,101.7600021362,,,,,,,,
1979-03-01,101.5899963379,,,,,,,,
1979-02-01,96.2799987793,,,,,,,,
1979-01-01,99.9300003052,,,,,,,,
1978-12-01,96.1100006104,,,,,,,,
1978-11-01,94.6999969482,,,,,,,,
1978-10-01,93.1500015259,,,,,,,,
1978-09-01,102.5400009155,,,,,,,,
1978-08-01,103.2900009155,,,,,,,,
1978-07-01,100.6800003052,,,,,,,,
1978-06-01,95.5299987793,,,,,,,,
1978-05-01,97.2399978638,,,,,,,,
1978-04-01,96.8300018311,,,,,,,,
1978-03-01,89.2099990845,,,,,,,,
1978-02-01,87.0400009155,,,,,,,,
1978-01-01,89.25,,,,,,,,
1977-12-01,95.0999984741,,,,,,,,
1977-11-01,94.8300018311,,,,,,,,
1977-10-01,92.3399963379,,,,,,,,
1977-09-01,96.5299987793,,,,,,,,
1977-08-01,96.7699966431,,,,,,,,
1977-07-01,98.8499984741,,,,,,,,
1977-06-01,100.4800033569,,,,,,,,
1977-05-01,96.1200027466,,,,,,,,
1977-04-01,98.4400024414,,,,,,,,
1977-03-01,98.4199981689,,,,,,,,
1977-02-01,99.8199996948,,,,,,,,
1977-01-01,102.0299987793,,,,,,,,
1976-12-01,107.4599990845,,,,,,,,
1976-11-01,102.0999984741,,,,,,,,
1976-10-01,102.9000015259,,,,,,,,
1976-09-01,105.2399978638,,,,,,,,
1976-08-01,102.9100036621,,,,,,,,
1976-07-01,103.4400024414,,,,,,,,
1976-06-01,104.2799987793,,,,,,,,
1976-05-01,100.1800003052,,,,,,,,
1976-04-01,101.6399993896,,,,,,,,
1976-03-01,102.7699966431,,,,,,,,
1976-02-01,99.7099990845,,,,,,,,
1976-01-01,100.8600006104,,,,,,,,
1975-12-01,90.1900024414,,,,,,,,
1975-11-01,91.2399978638,,,,,,,,
1975-10-01,89.0400009155,,,,,,,,
1975-09-01,83.8700027466,,,,,,,,
1975-08-01,86.8799972534,,,,,,,,
1975-07-01,88.75,,,,,,,,
1975-06-01,95.1900024414,,,,,,,,
1975-05-01,91.1500015259,,,,,,,,
1975-04-01,87.3000030518,,,,,,,,
1975-03-01,83.3600006104,,,,,,,,
1975-02-01,81.5899963379,,,,,,,,
1975-01-01,76.9800033569,,,,,,,,
1974-12-01,68.5599975586,,,,,,,,
1974-11-01,69.9700012207,,,,,,,,
1974-10-01,73.9000015259,,,,,,,,
1974-09-01,63.5400009155,,,,,,,,
1974-08-01,72.1500015259,,,,,,,,
1974-07-01,79.3099975586,,,,,,,,
1974-06-01,86,,,,,,,,
1974-05-01,87.2799987793,,,,,,,,
1974-04-01,90.3099975586,,,,,,,,
1974-03-01,93.9800033569,,,,,,,,
1974-02-01,96.2200012207,,,,,,,,
1974-01-01,96.5699996948,,,,,,,,
1973-12-01,97.5500030518,,,,,,,,
1973-11-01,95.9599990845,,,,,,,,
1973-10-01,108.2900009155,,,,,,,,
1973-09-01,108.4300003052,,,,,,,,
1973-08-01,104.25,,,,,,,,
1973-07-01,108.2200012207,,,,,,,,
1973-06-01,104.2600021362,,,,,,,,
1973-05-01,104.9499969482,,,,,,,,
1973-04-01,106.9700012207,,,,,,,,
1973-03-01,111.5199966431,,,,,,,,
1973-02-01,111.6800003052,,,,,,,,
1973-01-01,116.0299987793,,,,,,,,
1972-12-01,118.0500030518,,,,,,,,
1972-11-01,116.6699981689,,,,,,,,
1972-10-01,111.5800018311,,,,,,,,
1972-09-01,110.5500030518,,,,,,,,
1972-08-01,111.0899963379,,,,,,,,
1972-07-01,107.3899993896,,,,,,,,
1972-06-01,107.1399993896,,,,,,,,
1972-05-01,109.5299987793,,,,,,,,
1972-04-01,107.6699981689,,,,,,,,
1972-03-01,107.1999969482,,,,,,,,
1972-02-01,106.5699996948,,,,,,,,
1972-01-01,103.9400024414,,,,,,,,
1971-12-01,102.0899963379,,,,,,,,
1971-11-01,93.9899978638,,,,,,,,
1971-10-01,94.2300033569,,,,,,,,
1971-09-01,98.3399963379,,,,,,,,
1971-08-01,99.0299987793,,,,,,,,
1971-07-01,95.5800018311,,,,,,,,
1971-06-01,98.6999969482,,,,,,,,
1971-05-01,99.6299972534,,,,,,,,
1971-04-01,103.9499969482,,,,,,,,
1971-03-01,100.3099975586,,,,,,,,
1971-02-01,96.75,,,,,,,,
1971-01-01,95.8799972534,,,,,,,,
1970-12-01,92.1500015259,,,,,,,,
1970-11-01,87.1999969482,,,,,,,,
1970-10-01,83.25,,,,,,,,
1970-09-01,84.3000030518,,,,,,,,
1970-08-01,81.5199966431,,,,,,,,
1970-07-01,78.0500030518,,,,,,,,
1970-06-01,72.7200012207,,,,,,,,
1970-05-01,76.5500030518,,,,,,,,
1970-04-01,81.5199966431,,,,,,,,
1970-03-01,89.6299972534,,,,,,,,
1970-02-01,89.5,,,,,,,,
1970-01-01,85.0199966431,,,,,,,,
1969-12-01,92.0599975586,,,,,,,,
1969-11-01,93.8099975586,,,,,,,,
1969-10-01,97.1200027466,,,,,,,,
1969-09-01,93.1200027466,,,,,,,,
1969-08-01,95.5100021362,,,,,,,,
1969-07-01,91.8300018311,,,,,,,,
1969-06-01,97.7099990845,,,,,,,,
1969-05-01,103.4599990845,,,,,,,,
1969-04-01,103.6900024414,,,,,,,,
1969-03-01,101.5100021362,,,,,,,,
1969-02-01,98.1299972534,,,,,,,,
1969-01-01,103.0100021362,,,,,,,,
1968-12-01,103.8600006104,,,,,,,,
1968-11-01,108.3700027466,,,,,,,,
1968-10-01,103.4100036621,,,,,,,,
1968-09-01,102.6699981689,,,,,,,,
1968-08-01,98.8600006104,,,,,,,,
1968-07-01,97.7399978638,,,,,,,,
1968-06-01,99.5800018311,,,,,,,,
1968-05-01,98.6800003052,,,,,,,,
1968-04-01,97.4599990845,,,,,,,,
1968-03-01,90.1999969482,,,,,,,,
1968-02-01,89.3600006104,,,,,,,,
1968-01-01,92.2399978638,,,,,,,,
1967-12-01,96.4700012207,,,,,,,,
1967-11-01,94,,,,,,,,
1967-10-01,93.3000030518,,,,,,,,
1967-09-01,96.7099990845,,,,,,,,
1967-08-01,93.6399993896,,,,,,,,
1967-07-01,94.75,,,,,,,,
1967-06-01,90.6399993896,,,,,,,,
1967-05-01,89.0800018311,,,,,,,,
1967-04-01,94.0100021362,,,,,,,,
1967-03-01,90.1999969482,,,,,,,,
1967-02-01,86.7799987793,,,,,,,,
1967-01-01,86.6100006104,,,,,,,,
1966-12-01,80.3300018311,,,,,,,,
1966-11-01,80.4499969482,,,,,,,,
1966-10-01,80.1999969482,,,,,,,,
1966-09-01,76.5599975586,,,,,,,,
1966-08-01,77.0999984741,,,,,,,,
1966-07-01,83.5999984741,,,,,,,,
1966-06-01,84.7399978638,,,,,,,,
1966-05-01,86.1299972534,,,,,,,,
1966-04-01,91.0599975586,,,,,,,,
1966-03-01,89.2300033569,,,,,,,,
1966-02-01,91.2200012207,,,,,,,,
1966-01-01,92.8799972534,,,,,,,,
1965-12-01,92.4300003052,,,,,,,,
1965-11-01,91.6100006104,,,,,,,,
1965-10-01,92.4199981689,,,,,,,,
1965-09-01,89.9599990845,,,,,,,,
1965-08-01,87.1699981689,,,,,,,,
1965-07-01,85.25,,,,,,,,
1965-06-01,84.1200027466,,,,,,,,
1965-05-01,88.4199981689,,,,,,,,
1965-04-01,89.1100006104,,,,,,,,
1965-03-01,86.1600036621,,,,,,,,
1965-02-01,87.4300003052,,,,,,,,
1965-01-01,87.5599975586,,,,,,,,
1964-12-01,84.75,,,,,,,,
1964-11-01,84.4199981689,,,,,,,,
1964-10-01,84.8600006104,,,,,,,,
1964-09-01,84.1800003052,,,,,,,,
1964-08-01,81.8300018311,,,,,,,,
1964-07-01,83.1800003052,,,,,,,,
1964-06-01,81.6900024414,,,,,,,,
1964-05-01,80.3700027466,,,,,,,,
1964-04-01,79.4599990845,,,,,,,,
1964-03-01,78.9800033569,,,,,,,,
1964-02-01,77.8000030518,,,,,,,,
1964-01-01,77.0400009155,,,,,,,,
1963-12-01,75.0199966431,,,,,,,,
1963-11-01,73.2300033569,,,,,,,,
1963-10-01,74.0100021362,,,,,,,,
1963-09-01,71.6999969482,,,,,,,,
1963-08-01,72.5,,,,,,,,
1963-07-01,69.1299972534,,,,,,,,
1963-06-01,69.3700027466,,,,,,,,
1963-05-01,70.8000030518,,,,,,,,
1963-04-01,69.8000030518,,,,,,,,
1963-03-01,66.5699996948,,,,,,,,
1963-02-01,64.2900009155,,,,,,,,
1963-01-01,66.1999969482,,,,,,,,
1962-12-01,63.0999984741,,,,,,,,
1962-11-01,62.2599983215,,,,,,,,
1962-10-01,56.5200004578,,,,,,,,
1962-09-01,56.2700004578,,,,,,,,
1962-08-01,59.1199989319,,,,,,,,
1962-07-01,58.2299995422,,,,,,,,
1962-06-01,54.75,,,,,,,,
1962-05-01,59.6300010681,,,,,,,,
1962-04-01,65.2399978638,,,,,,,,
1962-03-01,69.5500030518,,,,,,,,
1962-02-01,69.9599990845,,,,,,,,
1962-01-01,68.8399963379,,,,,,,,
1961-12-01,71.5500030518,,,,,,,,
1961-11-01,71.3199996948,,,,,,,,
1961-10-01,68.6200027466,,,,,,,,
1961-09-01,66.7300033569,,,,,,,,
1961-08-01,68.0699996948,,,,,,,,
1961-07-01,66.7600021362,,,,,,,,
1961-06-01,64.6399993896,,,,,,,,
1961-05-01,66.5599975586,,,,,,,,
1961-04-01,65.3099975586,,,,,,,,
1961-03-01,65.0599975586,,,,,,,,
1961-02-01,63.4399986267,,,,,,,,
1961-01-01,61.7799987793,,,,,,,,
1960-12-01,58.1100006104,,,,,,,,
1960-11-01,55.5400009155,,,,,,,,
1960-10-01,53.3899993896,,,,,,,,
1960-09-01,53.5200004578,,,,,,,,
1960-08-01,56.9599990845,,,,,,,,
1960-07-01,55.5099983215,,,,,,,,
1960-06-01,56.9199981689,,,,,,,,
1960-05-01,55.8300018311,,,,,,,,
1960-04-01,54.3699989319,,,,,,,,
1960-03-01,55.3400001526,,,,,,,,
1960-02-01,56.1199989319,,,,,,,,
1960-01-01,55.6100006104,,,,,,,,
1959-12-01,59.8899993896,,,,,,,,
1959-11-01,58.2799987793,,,,,,,,
1959-10-01,57.5200004578,,,,,,,,
1959-09-01,56.8800010681,,,,,,,,
1959-08-01,59.5999984741,,,,,,,,
1959-07-01,60.5099983215,,,,,,,,
1959-06-01,58.4700012207,,,,,,,,
1959-05-01,58.6800003052,,,,,,,,
1959-04-01,57.5900001526,,,,,,,,
1959-03-01,55.4399986267,,,,,,,,
1959-02-01,55.4099998474,,,,,,,,
1959-01-01,55.4500007629,,,,,,,,
1958-12-01,55.2099990845,,,,,,,,
1958-11-01,52.4799995422,,,,,,,,
1958-10-01,51.3300018311,,,,,,,,
1958-09-01,50.0600013733,,,,,,,,
1958-08-01,47.75,,,,,,,,
1958-07-01,47.1899986267,,,,,,,,
1958-06-01,45.2400016785,,,,,,,,
1958-05-01,44.0900001526,,,,,,,,
1958-04-01,43.4399986267,,,,,,,,
1958-03-01,42.0999984741,,,,,,,,
1958-02-01,40.8400001526,,,,,,,,
1958-01-01,41.7000007629,,,,,,,,
1957-12-01,39.9900016785,,,,,,,,
1957-11-01,41.7200012207,,,,,,,,
1957-10-01,41.0600013733,,,,,,,,
1957-09-01,42.4199981689,,,,,,,,
1957-08-01,45.2200012207,,,,,,,,
1957-07-01,47.9099998474,,,,,,,,
1957-06-01,47.3699989319,,,,,,,,
1957-05-01,47.4300003052,,,,,,,,
1957-04-01,45.7400016785,,,,,,,,
1957-03-01,44.1100006104,,,,,,,,
1957-02-01,43.2599983215,,,,,,,,
1957-01-01,44.7200012207,,,,,,,,
1956-12-01,46.6699981689,,,,,,,,
1956-11-01,45.0800018311,,,,,,,,
1956-10-01,45.5800018311,,,,,,,,
1956-09-01,45.3499984741,,,,,,,,
1956-08-01,47.5099983215,,,,,,,,
1956-07-01,49.3899993896,,,,,,,,
1956-06-01,46.9700012207,,,,,,,,
1956-05-01,45.2000007629,,,,,,,,
1956-04-01,48.3800010681,,,,,,,,
1956-03-01,48.4799995422,,,,,,,,
1956-02-01,45.3400001526,,,,,,,,
1956-01-01,43.8199996948,,,,,,,,
1955-12-01,45.4799995422,,,,,,,,
1955-11-01,45.5099983215,,,,,,,,
1955-10-01,42.3400001526,,,,,,,,
1955-09-01,43.6699981689,,,,,,,,
1955-08-01,43.1800003052,,,,,,,,
1955-07-01,43.5200004578,,,,,,,,
1955-06-01,41.0299987793,,,,,,,,
1955-05-01,37.9099998474,,,,,,,,
1955-04-01,37.9599990845,,,,,,,,
1955-03-01,36.5800018311,,,,,,,,
1955-02-01,36.7599983215,,,,,,,,
1955-01-01,36.6300010681,,,,,,,,
1954-12-01,35.9799995422,,,,,,,,
1954-11-01,34.2400016785,,,,,,,,
1954-10-01,31.6800003052,,,,,,,,
1954-09-01,32.3100013733,,,,,,,,
1954-08-01,29.8299999237,,,,,,,,
1954-07-01,30.8799991608,,,,,,,,
1954-06-01,29.2099990845,,,,,,,,
1954-05-01,29.1900005341,,,,,,,,
1954-04-01,28.2600002289,,,,,,,,
1954-03-01,26.9400005341,,,,,,,,
1954-02-01,26.1499996185,,,,,,,,
1954-01-01,26.0799999237,,,,,,,,
1953-12-01,24.8099994659,,,,,,,,
1953-11-01,24.7600002289,,,,,,,,
1953-10-01,24.5400009155,,,,,,,,
1953-09-01,23.3500003815,,,,,,,,
1953-08-01,23.3199996948,,,,,,,,
1953-07-01,24.75,,,,,,,,
1953-06-01,24.1399993896,,,,,,,,
1953-05-01,24.5400009155,,,,,,,,
1953-04-01,24.6200008392,,,,,,,,
1953-03-01,25.2900009155,,,,,,,,
1953-02-01,25.8999996185,,,,,,,,
1953-01-01,26.3799991608,,,,,,,,
1952-12-01,26.5699996948,,,,,,,,
1952-11-01,25.6599998474,,,,,,,,
1952-10-01,24.5200004578,,,,,,,,
1952-09-01,24.5400009155,,,,,,,,
1952-08-01,25.0300006866,,,,,,,,
1952-07-01,25.3999996185,,,,,,,,
1952-06-01,24.9599990845,,,,,,,,
1952-05-01,23.8600006104,,,,,,,,
1952-04-01,23.3199996948,,,,,,,,
1952-03-01,24.3700008392,,,,,,,,
1952-02-01,23.2600002289,,,,,,,,
1952-01-01,24.1399993896,,,,,,,,
1951-12-01,23.7700004578,,,,,,,,
1951-11-01,22.8799991608,,,,,,,,
1951-10-01,22.9400005341,,,,,,,,
1951-09-01,23.2600002289,,,,,,,,
1951-08-01,23.2800006866,,,,,,,,
1951-07-01,22.3999996185,,,,,,,,
1951-06-01,20.9599990845,,,,,,,,
1951-05-01,21.5200004578,,,,,,,,
1951-04-01,22.4300003052,,,,,,,,
1951-03-01,21.4799995422,,,,,,,,
1951-02-01,21.7999992371,,,,,,,,
1951-01-01,21.6599998474,,,,,,,,
1950-12-01,20.4300003052,,,,,,,,
1950-11-01,19.5100002289,,,,,,,,
1950-10-01,19.5300006866,,,,,,,,
1950-09-01,19.4500007629,,,,,,,,
1950-08-01,18.4200000763,,,,,,,,
1950-07-01,17.8400001526,,,,,,,,
1950-06-01,17.6900005341,,,,,,,,
1950-05-01,18.7800006866,,,,,,,,
1950-04-01,17.9599990845,,,,,,,,
1950-03-01,17.2900009155,,,,,,,,
1950-02-01,17.2199993134,,,,,,,,
1950-01-01,17.0499992371,,,,,,,,
1949-12-01,16.7900009155,,,,,,,,
1949-11-01,16.0599994659,,,,,,,,
1949-10-01,16.0400009155,,,,,,,,
1949-09-01,15.5799999237,,,,,,,,
1949-08-01,15.220000267,,,,,,,,
1949-07-01,15.0399999619,,,,,,,,
1949-06-01,14.1599998474,,,,,,,,
1949-05-01,14.1899995804,,,,,,,,
1949-04-01,14.7100000381,,,,,,,,
1949-03-01,15.0600004196,,,,,,,,
1949-02-01,14.6199998856,,,,,,,,
1949-01-01,15.220000267,,,,,,,,
1948-12-01,15.1999998093,,,,,,,,
1948-11-01,14.75,,,,,,,,
1948-10-01,16.5,,,,,,,,
1948-09-01,15.4899997711,,,,,,,,
1948-08-01,15.970000267,,,,,,,,
1948-07-01,15.8500003815,,,,,,,,
1948-06-01,16.7399997711,,,,,,,,
1948-05-01,16.6900005341,,,,,,,,
1948-04-01,15.4799995422,,,,,,,,
1948-03-01,15.0799999237,,,,,,,,
1948-02-01,13.9300003052,,,,,,,,
1948-01-01,14.6800003052,,,,,,,,
1947-12-01,15.3000001907,,,,,,,,
1947-11-01,14.9799995422,,,,,,,,
1947-10-01,15.4300003052,,,,,,,,
1947-09-01,15.1099996567,,,,,,,,
1947-08-01,15.3199996948,,,,,,,,
1947-07-01,15.7600002289,,,,,,,,
1947-06-01,15.2100000381,,,,,,,,
1947-05-01,14.4499998093,,,,,,,,
1947-04-01,14.5799999237,,,,,,,,
1947-03-01,15.1700000763,,,,,,,,
1947-02-01,15.4300003052,,,,,,,,
1947-01-01,15.6599998474,,,,,,,,
1946-12-01,15.3000001907,,,,,,,,
1946-11-01,14.6800003052,,,,,,,,
1946-10-01,14.8400001526,,,,,,,,
1946-09-01,14.9600000381,,,,,,,,
1946-08-01,16.6499996185,,,,,,,,
1946-07-01,17.9599990845,,,,,,,,
1946-06-01,18.4300003052,,,,,,,,
1946-05-01,19.1800003052,,,,,,,,
1946-04-01,18.7600002289,,,,,,,,
1946-03-01,18.0400009155,,,,,,,,
1946-02-01,17.2800006866,,,,,,,,
1946-01-01,18.5699996948,,,,,,,,
1945-12-01,17.3600006104,,,,,,,,
1945-11-01,17.1900005341,,,,,,,,
1945-10-01,16.6499996185,,,,,,,,
1945-09-01,16.0499992371,,,,,,,,
1945-08-01,15.5100002289,,,,,,,,
1945-07-01,14.6599998474,,,,,,,,
1945-06-01,14.8699998856,,,,,,,,
1945-05-01,15.0100002289,,,,,,,,
1945-04-01,14.8400001526,,,,,,,,
1945-03-01,13.6099996567,,,,,,,,
1945-02-01,14.3000001907,,,,,,,,
1945-01-01,13.470000267,,,,,,,,
1944-12-01,13.279999733,,,,,,,,
1944-11-01,12.8299999237,,,,,,,,
1944-10-01,12.779999733,,,,,,,,
1944-09-01,12.7399997711,,,,,,,,
1944-08-01,12.8199996948,,,,,,,,
1944-07-01,12.7100000381,,,,,,,,
1944-06-01,12.9799995422,,,,,,,,
1944-05-01,12.3500003815,,,,,,,,
1944-04-01,11.8699998856,,,,,,,,
1944-03-01,12.0200004578,,,,,,,,
1944-02-01,11.8199996948,,,,,,,,
1944-01-01,11.8500003815,,,,,,,,
1943-12-01,11.6700000763,,,,,,,,
1943-11-01,11.0200004578,,,,,,,,
1943-10-01,11.9099998474,,,,,,,,
1943-09-01,12.0799999237,,,,,,,,
1943-08-01,11.8000001907,,,,,,,,
1943-07-01,11.8500003815,,,,,,,,
1943-06-01,12.3500003815,,,,,,,,
1943-05-01,12.0500001907,,,,,,,,
1943-04-01,11.5900001526,,,,,,,,
1943-03-01,11.5799999237,,,,,,,,
1943-02-01,10.970000267,,,,,,,,
1943-01-01,10.4399995804,,,,,,,,
1942-12-01,9.7700004578,,,,,,,,
1942-11-01,9.2899999619,,,,,,,,
1942-10-01,9.3599996567,,,,,,,,
1942-09-01,8.8500003815,,,,,,,,
1942-08-01,8.6199998856,,,,,,,,
1942-07-01,8.5600004196,,,,,,,,
1942-06-01,8.3000001907,,,,,,,,
1942-05-01,8.1499996185,,,,,,,,
1942-04-01,7.6599998474,,,,,,,,
1942-03-01,8.0100002289,,,,,,,,
1942-02-01,8.5900001526,,,,,,,,
1942-01-01,8.8500003815,,,,,,,,
1941-12-01,8.6899995804,,,,,,,,
1941-11-01,9.1199998856,,,,,,,,
1941-10-01,9.5,,,,,,,,
1941-09-01,10.1999998093,,,,,,,,
1941-08-01,10.279999733,,,,,,,,
1941-07-01,10.3900003433,,,,,,,,
1941-06-01,9.8500003815,,,,,,,,
1941-05-01,9.3800001144,,,,,,,,
1941-04-01,9.3100004196,,,,,,,,
1941-03-01,9.9600000381,,,,,,,,
1941-02-01,9.9200000763,,,,,,,,
1941-01-01,10.0699996948,,,,,,,,
1940-12-01,10.5799999237,,,,,,,,
1940-11-01,10.5699996948,,,,,,,,
1940-10-01,11.0799999237,,,,,,,,
1940-09-01,10.6599998474,,,,,,,,
1940-08-01,10.5,,,,,,,,
1940-07-01,10.2899999619,,,,,,,,
1940-06-01,9.9799995422,,,,,,,,
1940-05-01,9.2700004578,,,,,,,,
1940-04-01,12.1899995804,,,,,,,,
1940-03-01,12.1800003052,,,,,,,,
1940-02-01,12.1300001144,,,,,,,,
1940-01-01,12.0500001907,,,,,,,,
1939-12-01,12.4600000381,,,,,,,,
1939-11-01,12.1999998093,,,,,,,,
1939-10-01,12.8299999237,,,,,,,,
1939-09-01,12.7899999619,,,,,,,,
1939-08-01,11.1800003052,,,,,,,,
1939-07-01,12.0399999619,,,,,,,,
1939-06-01,10.8599996567,,,,,,,,
1939-05-01,11.6000003815,,,,,,,,
1939-04-01,10.9300003052,,,,,,,,
1939-03-01,10.9799995422,,,,,,,,
1939-02-01,12.6999998093,,,,,,,,
1939-01-01,12.3000001907,,,,,,,,
1938-12-01,13.1400003433,,,,,,,,
1938-11-01,12.7299995422,,,,,,,,
1938-10-01,13.1700000763,,,,,,,,
1938-09-01,12.2399997711,,,,,,,,
1938-08-01,12.0600004196,,,,,,,,
1938-07-01,12.3299999237,,,,,,,,
1938-06-01,11.5600004196,,,,,,,,
1938-05-01,9.2700004578,,,,,,,,
1938-04-01,9.779999733,,,,,,,,
1938-03-01,8.5,,,,,,,,
1938-02-01,11.3400001526,,,,,,,,
1938-01-01,10.6899995804,,,,,,,,
1937-12-01,10.5500001907,,,,,,,,
1937-11-01,11.1099996567,,,,,,,,
1937-10-01,12.3500003815,,,,,,,,
1937-09-01,13.7600002289,,,,,,,,
1937-08-01,16.0400009155,,,,,,,,
1937-07-01,16.7700004578,,,,,,,,
1937-06-01,15.3999996185,,,,,,,,
1937-05-01,16.2600002289,,,,,,,,
1937-04-01,16.4300003052,,,,,,,,
1937-03-01,17.9200000763,,,,,,,,
1937-02-01,18.0599994659,,,,,,,,
1937-01-01,17.7700004578,,,,,,,,
1936-12-01,17.1800003052,,,,,,,,
1936-11-01,17.2800006866,,,,,,,,
1936-10-01,17.2299995422,,,,,,,,
1936-09-01,16.0100002289,,,,,,,,
1936-08-01,15.9899997711,,,,,,,,
1936-07-01,15.8500003815,,,,,,,,
1936-06-01,14.8400001526,,,,,,,,
1936-05-01,14.3999996185,,,,,,,,
1936-04-01,13.7700004578,,,,,,,,
1936-03-01,14.9200000763,,,,,,,,
1936-02-01,14.6000003815,,,,,,,,
1936-01-01,14.3100004196,,,,,,,,
1935-12-01,13.4300003052,,,,,,,,
1935-11-01,12.9399995804,,,,,,,,
1935-10-01,12.4600000381,,,,,,,,
1935-09-01,11.5900001526,,,,,,,,
1935-08-01,11.2399997711,,,,,,,,
1935-07-01,11.0799999237,,,,,,,,
1935-06-01,10.2399997711,,,,,,,,
1935-05-01,9.5799999237,,,,,,,,
1935-04-01,9.279999733,,,,,,,,
1935-03-01,8.4499998093,,,,,,,,
1935-02-01,8.7399997711,,,,,,,,
1935-01-01,9.1000003815,,,,,,,,
1934-12-01,9.5,,,,,,,,
1934-11-01,9.5399999619,,,,,,,,
1934-10-01,8.8100004196,,,,,,,,
1934-09-01,9.0799999237,,,,,,,,
1934-08-01,9.1499996185,,,,,,,,
1934-07-01,8.6800003052,,,,,,,,
1934-06-01,9.8100004196,,,,,,,,
1934-05-01,9.6099996567,,,,,,,,
1934-04-01,10.4600000381,,,,,,,,
1934-03-01,10.6199998856,,,,,,,,
1934-02-01,10.7600002289,,,,,,,,
1934-01-01,11.1700000763,,,,,,,,
1933-12-01,9.970000267,,,,,,,,
1933-11-01,9.8800001144,,,,,,,,
1933-10-01,8.9600000381,,,,,,,,
1933-09-01,9.720000267,,,,,,,,
1933-08-01,11.0900001526,,,,,,,,
1933-07-01,9.9499998093,,,,,,,,
1933-06-01,10.9099998474,,,,,,,,
1933-05-01,9.6400003433,,,,,,,,
1933-04-01,7.8299999237,,,,,,,,
1933-03-01,5.8499999046,,,,,,,,
1933-02-01,5.6599998474,,,,,,,,
1933-01-01,6.9400000572,,,,,,,,
1932-12-01,6.9200000763,,,,,,,,
1932-11-01,6.5500001907,,,,,,,,
1932-10-01,6.9600000381,,,,,,,,
1932-09-01,8.0799999237,,,,,,,,
1932-08-01,8.3900003433,,,,,,,,
1932-07-01,6.0300002098,,,,,,,,
1932-06-01,4.4299998283,,,,,,,,
1932-05-01,4.4699997902,,,,,,,,
1932-04-01,5.8299999237,,,,,,,,
1932-03-01,7.3099999428,,,,,,,,
1932-02-01,8.2899999619,,,,,,,,
1932-01-01,7.9400000572,,,,,,,,
1931-12-01,8.1199998856,,,,,,,,
1931-11-01,9.5,,,,,,,,
1931-10-01,10.4300003052,,,,,,,,
1931-09-01,9.7100000381,,,,,,,,
1931-08-01,13.8599996567,,,,,,,,
1931-07-01,13.7299995422,,,,,,,,
1931-06-01,14.8299999237,,,,,,,,
1931-05-01,13.0200004578,,,,,,,,
1931-04-01,15.0900001526,,,,,,,,
1931-03-01,16.6900005341,,,,,,,,
1931-02-01,18.0300006866,,,,,,,,
1931-01-01,16.1900005341,,,,,,,,
1930-12-01,15.3400001526,,,,,,,,
1930-11-01,16.3799991608,,,,,,,,
1930-10-01,16.9400005341,,,,,,,,
1930-09-01,18.5900001526,,,,,,,,
1930-08-01,21.3700008392,,,,,,,,
1930-07-01,21.2099990845,,,,,,,,
1930-06-01,20.4599990845,,,,,,,,
1930-05-01,24.4899997711,,,,,,,,
1930-04-01,24.8999996185,,,,,,,,
1930-03-01,24.1499996185,,,,,,,,
1930-02-01,23.2800006866,,,,,,,,
1930-01-01,22.7900009155,,,,,,,,
1929-12-01,21.4500007629,,,,,,,,
1929-11-01,20.9200000763,,,,,,,,
1929-10-01,24.1499996185,,,,,,,,
1929-09-01,30.1599998474,,,,,,,,
1929-08-01,31.7099990845,,,,,,,,
1929-07-01,28.8799991608,,,,,,,,
1929-06-01,27.4099998474,,,,,,,,
1929-05-01,24.8299999237,,,,,,,,
1929-04-01,25.9400005341,,,,,,,,
1929-03-01,25.5300006866,,,,,,,,
1929-02-01,25.5900001526,,,,,,,,
1929-01-01,25.7399997711,,,,,,,,
1928-12-01,24.3500003815,,,,,,,,
1928-11-01,24.2800006866,,,,,,,,
1928-10-01,21.6800003052,,,,,,,,
1928-09-01,21.1399993896,,,,,,,,
1928-08-01,20.8700008392,,,,,,,,
1928-07-01,19.4300003052,,,,,,,,
1928-06-01,19.1399993896,,,,,,,,
1928-05-01,20,,,,,,,,
1928-04-01,19.75,,,,,,,,
1928-03-01,19.2800006866,,,,,,,,
1928-02-01,17.2600002289,,,,,,,,
1928-01-01,17.5699996948,,,,,,,,
1927-12-01,17.6599998474,,,,,,,,
