DATE,XLB,XLC,XLE,XLF,XLI,XLK,XLP,XLRE,XLU,XLV,XLY
2026-09-01,52.6300010681,113.3799972534,64.1350021362,58.2000007629,175.2200012207,186.7949981689,85.2600021362,44.2350006104,43.1300010681,172.0249938965,114.5
2026-08-01,52.6899986267,111.4599990845,63.9599990845,57.7099990845,175.1300048828,186.5,84.9800033569,44.1100006104,42.2299995422,170.5399932861,116.5899963379
2026-07-01,50.4300003052,108.2399978638,59.5499992371,56.9399986267,179.8399963379,175.3500061035,85.0500030518,45.0699996948,44.3499984741,162.5500030518,116.0899963379
2026-06-01,50.8300018311,107.1299972534,53.1100006104,53.6100006104,185.2299957275,190.5200042725,83.0699996948,44.0299987793,45.3400001526,158.6600036621,117.2799987793
2026-05-01,51.1500015259,115.6900024414,56.2900009155,51.5800018311,173.1300048828,191.0200042725,82.9100036621,43.9900016785,44.4199981689,149.4700012207,120.8700027466
2026-04-01,51.4700012207,116.5100021362,59.6500015259,52.1300010681,174.5800018311,159.5,84.3099975586,44.4000015259,46.8499984741,145.9900054932,118.3499984741
2026-03-01,49.9700012207,110.8600006104,61.2599983215,49.3699989319,161.7299957275,132.8999938965,81.9800033569,40.8300018311,45.8899993896,146.6100006104,108.9800033569
2026-02-01,53.4099998474,118.0500030518,55.9199981689,51.4300003052,177.1399993896,138.7599945068,90.0100021362,43.8400001526,47.7299995422,160.1999969482,116.8600006104
2026-01-01,49.2700004578,120.0800018311,51.0499992371,53.4399986267,165.4400024414,143.8800048828,83.5100021362,41.4300003052,43.25,154.7400054932,121.1699981689
2025-12-01,45.3499984741,117.7200012207,44.7099990845,54.7700004578,155.1199951172,143.9700012207,77.6800003052,40.3499984741,42.6899986267,154.8000030518,119.4100036621
2025-11-01,44.7000007629,115.3899993896,45.2249984741,53.3300018311,153.6900024414,143.1100006104,79.3700027466,41.6699981689,45.3149986267,157.6499938965,118.2300033569
2025-10-01,42.8349990845,114.8099975586,44.0649986267,52.3699989319,155.0599975586,150.3399963379,76.2799987793,40.9000015259,44.5499992371,144.25,119.9649963379
2025-09-01,44.8100013733,118.3700027466,44.6699981689,53.8699989319,154.2299957275,140.9299926758,78.3700027466,42.1300010681,43.6049995422,139.1699981689,119.8199996948
2025-08-01,46.1399993896,111.3899993896,45.1949996948,53.9900016785,152.0099945068,131.2250061035,80.7799987793,42.3100013733,42.1599998474,137.4299926758,115.8700027466
2025-07-01,43.8650016785,107.4100036621,43.6049995422,52.3699989319,152.0099945068,131.3699951172,79.7799987793,41.4099998474,42.8349990845,130.4299926758,110.7149963379
2025-06-01,43.9049987793,108.5299987793,42.4049987793,52.3699989319,147.5200042725,126.6149978638,80.9700012207,41.4199981689,40.8300018311,134.7899932861,108.6650009155
2025-05-01,43.1699981689,101.4000015259,40.7649993896,50.9599990845,142.8200073242,115.4550018311,82.8300018311,41.7299995422,40.9599990845,132.6399993896,106.9000015259
2025-04-01,41.9449996948,95.4400024414,40.25,48.7599983215,131.2200012207,104.9850006104,81.8300018311,41.2999992371,39.4500007629,140.4700012207,98.6299972534
2025-03-01,42.9900016785,96.4499969482,46.7249984741,49.8100013733,131.0700073242,103.2399978638,81.6699981689,41.8499984741,39.4249992371,146.0099945068,98.7300033569
2025-02-01,44.3800010681,102,45.5,52.1800003052,136.3300018311,112.7649993896,83.0800018311,43.1500015259,39.6100006104,148.9299926758,107.9800033569
2025-01-01,44.3950004578,102.3799972534,43.8199996948,51.4700012207,138.3500061035,115.4049987793,78.9800033569,41.4199981689,38.9399986267,146.8699951172,116.0849990845
2024-12-01,42.0699996948,96.8099975586,42.8300018311,48.3300018311,131.7599945068,116.2600021362,78.6100006104,40.6699981689,37.8450012207,137.5700073242,112.1750030518
2024-11-01,47.3899993896,98.4000015259,47.7649993896,51.3400001526,143.9900054932,116.8649978638,83.2200012207,45,41.4650001526,147.4100036621,111.1500015259
2024-10-01,46.6949996948,92.0400009155,44.2949981689,46.4799995422,133.8300018311,111.1200027466,80.1200027466,43.2000007629,39.9550018311,146.8699951172,98.4449996948
2024-09-01,48.1899986267,90.4000015259,43.9000015259,45.3199996948,135.4400024414,112.8799972534,83,44.6699981689,40.3899993896,154.0200042725,100.1849975586
2024-08-01,47.1399993896,87.3199996948,45.6399993896,45.7400016785,131.4600067139,110.1650009155,82.5100021362,43.5499992371,38.1450004578,157.1999969482,93.5599975586
2024-07-01,46.0699996948,85.7900009155,46.6049995422,43.7400016785,127.8600006104,109.4000015259,77.8499984741,41.1899986267,36.3950004578,149.6300048828,93.7450027466
2024-06-01,44.1549987793,85.6600036621,45.5750007629,41.1100006104,121.8700027466,113.1149978638,76.5800018311,38.4099998474,34.0699996948,145.75,91.1999969482
2024-05-01,45.7649993896,83.2600021362,46.5999984741,41.6399993896,123.5100021362,105.0800018311,77.3399963379,38.0499992371,36.3600006104,143.6999969482,87.9850006104
2024-04-01,44.3149986267,77.8600006104,46.7599983215,40.3600006104,121.5199966431,98.1350021362,75.5,36.1899986267,33.3699989319,140.3300018311,87.8099975586
2024-03-01,46.4449996948,81.6600036621,47.2050018311,42.1199989319,125.9599990845,104.1350021362,76.3600006104,39.5299987793,32.8250007629,147.7299957275,91.9449996948
2024-02-01,43.7799987793,79.3600006104,43.0699996948,40.3400001526,121,103.4899978638,74.4499969482,39.1100006104,31.0499992371,144.8200073242,92.2050018311
2024-01-01,41.1049995422,75.8799972534,41.7050018311,38.7599983215,112.8899993896,98.8399963379,72.9199981689,38.1300010681,30.7250003815,140.3800048828,85.4599990845
2023-12-01,42.7700004578,72.6600036621,41.9199981689,37.5999984741,113.9899978638,96.2399978638,72.0299987793,40.0600013733,31.6650009155,136.3800048828,89.4049987793
2023-11-01,41.2050018311,69.7699966431,42.2900009155,35.9000015259,107.0500030518,92.5800018311,70.6600036621,37.2299995422,31.3799991608,131.3099975586,84.3899993896
2023-10-01,38.0299987793,64.7200012207,42.5950012207,32.3600006104,98.3600006104,82.0049972534,67.8600006104,33.0999984741,29.8449993134,124.5400009155,76.0500030518
2023-09-01,39.2750015259,65.5699996948,45.1949996948,33.1699981689,101.3799972534,81.9649963379,68.8099975586,34.0699996948,29.4650001526,128.7400054932,80.4899978638
2023-08-01,41.4449996948,67.7300033569,44.4599990845,34.3800010681,108.2300033569,87.8300018311,72.7600021362,37.0200004578,31.4799995422,133.2100067139,85.3550033569
2023-07-01,42.8600006104,68.7900009155,43.7400016785,35.3300018311,110.4199981689,89.1750030518,75.75,38.1899986267,33.5349998474,134.1499938965,86.8700027466
2023-06-01,41.4350013733,65.0800018311,40.5849990845,33.7099990845,107.3199996948,86.9300003052,74.1699981689,37.6899986267,32.7200012207,132.7299957275,84.9049987793
2023-05-01,37.5099983215,62.2400016785,38.2949981689,31.7600002289,96.8499984741,82.1399993896,72.6699981689,36.0400009155,32.4650001526,127.8300018311,75.8050003052
2023-04-01,40.2750015259,59.9000015259,42.5649986267,33.1699981689,100,75.4150009155,77.4400024414,37.75,34.4900016785,133.5299987793,73.9300003052
2023-03-01,40.3300018311,57.9700012207,41.4150009155,32.1500015259,101.1800003052,75.5049972534,74.7099990845,37.3800010681,33.8450012207,129.4600067139,74.7699966431
2023-02-01,40.9150009155,53.5,41.8450012207,35.7200012207,100.9700012207,68.2600021362,72.0299987793,38.2099990845,32.5,127.1699981689,72.7699966431
2023-01-01,42.3250007629,55.0800018311,44.9650001526,36.5600013733,101.8499984741,67.9800033569,73.7399978638,40.5900001526,34.5449981689,133.3600006104,74.3499984741
2022-12-01,38.8400001526,47.9900016785,43.7350006104,34.2000007629,98.2099990845,62.2200012207,74.5500030518,36.9300003052,35.25,135.8500061035,64.5800018311
2022-11-01,41.375,51.5099983215,45.5750007629,36.3100013733,101.7200012207,67.9800033569,77.1900024414,39.2400016785,35.7150001526,139.0200042725,73.0849990845
2022-10-01,37.0400009155,48.2099990845,45,33.9799995422,94.3499984741,63.9350013733,72.7399978638,36.7299995422,33.3899993896,132.75,72.0149993896
2022-09-01,34.0050010681,47.8899993896,36.0099983215,30.3600006104,82.8399963379,59.3899993896,66.7300033569,36.0099983215,32.7550010681,121.1100006104,71.2249984741
2022-08-01,37.7050018311,54.3800010681,40.25,33.0499992371,92.9300003052,67.6299972534,73.1100006104,41.8499984741,37.1699981689,124.7600021362,77.7549972534
2022-07-01,39.0649986267,56.3699989319,39.2099990845,33.7099990845,95.6399993896,72.1100006104,74.4899978638,44.3400001526,36.9749984741,132.3999938965,81.4150009155
2022-06-01,36.7999992371,54.2700004578,35.7550010681,31.4500007629,87.3399963379,63.5600013733,72.1800003052,40.8600006104,35.0649986267,128.2400054932,68.7399978638
2022-05-01,43.0149993896,60.1800003052,43.5999984741,35.4700012207,94.6999969482,70.2249984741,74.4700012207,44.2200012207,37.1650009155,132.2299957275,77.2699966431
2022-04-01,42.5149993896,59.0600013733,37.5750007629,34.5099983215,95.1399993896,70.7099990845,77.6399993896,46.5999984741,35.6300010681,130.2899932861,81.4400024414
2022-03-01,44.0750007629,68.7799987793,38.2200012207,38.3199996948,102.9800033569,79.4649963379,75.8899993896,48.3199996948,37.2299995422,136.9900054932,92.5
2022-02-01,41.6899986267,68.4499969482,35.2900009155,38.5200004578,99.8899993896,77.0350036621,74.9000015259,45.0699996948,33.9650001526,129.9600067139,88.7149963379
2022-01-01,42.2249984741,73.9499969482,32.9599990845,39.0600013733,100.7399978638,80.9850006104,75.9700012207,47.3400001526,34.625,131.2299957275,92.4749984741
2021-12-01,45.3050003052,77.6800003052,27.75,39.0499992371,105.8099975586,86.9349975586,77.1100006104,51.8100013733,35.7900009155,140.8899993896,102.2200012207
2021-11-01,42.3250007629,75.3700027466,27.2950000763,37.9599990845,100.7699966431,84.3600006104,70.2900009155,47.3899993896,32.8849983215,129.7299957275,102.2200012207
2021-10-01,42.5600013733,80.3000030518,28.7350006104,40.2599983215,104.4899978638,80.7649993896,71.25,47.8199996948,33.4550018311,133.8200073242,100.5749969482
2021-09-01,39.5550003052,80.1100006104,26.0450000763,37.5299987793,97.8399963379,74.6600036621,68.8399963379,44.4500007629,31.9400005341,127.3000030518,89.7249984741
2021-08-01,42.8050003052,85.6200027466,24.2000007629,38.4000015259,104.5100021362,79.4300003052,72.2600021362,47.6800003052,34.2700004578,135.2100067139,91.8249969482
2021-07-01,42.0099983215,82.4000015259,24.6949996948,36.5200004578,103.3600006104,76.6999969482,71.5100021362,46.3800010681,32.9850006104,132.1499938965,90.2149963379
2021-06-01,41.1549987793,80.9700012207,26.9349994659,36.6899986267,102.4000015259,73.8300018311,69.9700012207,44.3300018311,31.6149997711,125.9499969482,89.2750015259
2021-05-01,43.6300010681,78.7900009155,26.1049995422,37.9900016785,105.1200027466,69.1999969482,70.8099975586,43.2599983215,32.5800018311,123.5999984741,86.4199981689
2021-04-01,41.5200004578,78.0500030518,24.6949996948,36.2599983215,101.9300003052,69.8499984741,69.5800018311,42.7700004578,33.3600006104,121.3300018311,89.4599990845
2021-03-01,39.4000015259,73.3199996948,24.5300006866,34.0499992371,98.4499969482,66.4049987793,68.3099975586,39.4900016785,32.0200004578,116.7399978638,84.0350036621
2021-02-01,36.7750015259,71.5699996948,24.0750007629,32.3100013733,90.6100006104,65.3450012207,63.2999992371,37.3400001526,29.1800003052,112.6100006104,80.5749969482
2021-01-01,35.3199996948,66.8799972534,19.6599998474,28.9500007629,84.7699966431,64.4649963379,64.0899963379,36.7599983215,31.0750007629,115.0299987793,81.0049972534
2020-12-01,36.1949996948,67.4800033569,18.9500007629,29.4799995422,88.5500030518,65.0100021362,67.4499969482,36.5600013733,31.3500003815,113.4400024414,80.3899993896
2020-11-01,35.4949989319,65.4000015259,18.3799991608,27.8799991608,88.0299987793,61.7400016785,66.9100036621,36.5,31.4200000763,109.7399978638,78.6299972534
2020-10-01,31.5900001526,59.2000007629,14.3599996567,23.8600006104,75.8700027466,55.4300003052,62.2599983215,34.1500015259,31.1900005341,101.6600036621,71.4850006104
2020-09-01,31.8199996948,59.4000015259,14.9750003815,24.0699996948,76.9800033569,58.3499984741,64.0999984741,35.2700004578,29.6900005341,105.4800033569,73.4899978638
2020-08-01,31.4950008392,63.2599983215,17.8250007629,25.0599994659,77.8099975586,61.7750015259,65.5800018311,36.25,29.625,108.2600021362,75.0449981689
2020-07-01,30.1800003052,58.1300010681,18.0149993896,24.0300006866,71.7300033569,55.2150001526,62.7000007629,36.2599983215,30.4150009155,105.5299987793,68.5
2020-06-01,28.1749992371,54.0400009155,18.9249992371,23.1399993896,68.6999969482,52.2449989319,58.6399993896,34.8100013733,28.2150001526,100.0699996948,63.8549995422
2020-05-01,27.7250003815,54.0200004578,19.3799991608,23.4099998474,67.6699981689,48.9850006104,59.2299995422,34.6500015259,29.8449993134,103.0100021362,62.0950012207
2020-04-01,25.9400005341,50.2799987793,19,22.7900009155,64.2099990845,45.7050018311,58.2599983215,33.9199981689,28.6299991608,99.7300033569,58.2999992371
2020-03-01,22.5200004578,44.2400016785,14.529999733,20.8199996948,59.0099983215,40.1850013733,54.4700012207,31,27.7049999237,88.5800018311,49.0400009155
2020-02-01,26.3600006104,50.7599983215,22.6350002289,26.5900001526,73.0800018311,44.1850013733,57.9900016785,36.7900009155,31.0900001526,92.6100006104,57.9150009155
2020-01-01,28.8150005341,53.9099998474,26.7199993134,29.9599990845,81.1100006104,47.6650009155,63.1800003052,39.2299995422,34.4900016785,99.1399993896,62.6599998474
2019-12-01,30.7099990845,53.6300010681,30.0200004578,30.7800006866,81.4700012207,45.8349990845,62.9799995422,38.6699981689,32.3100013733,101.8600006104,62.7099990845
2019-11-01,30.0200004578,52.5600013733,29.4449996948,30.1499996185,82.0400009155,44.0800018311,62,38.6500015259,31.5249996185,99.4899978638,61.2249984741
2019-10-01,29.0949993134,50.6199989319,28.9799995422,28.7000007629,78.5100021362,41.8349990845,61.1599998474,39.3300018311,32.125,94.75,60.4249992371
2019-09-01,29.1000003815,49.5200004578,29.6000003815,28,77.6299972534,40.2649993896,61.4199981689,39.3400001526,32.3699989319,90.1299972534,60.3499984741
2019-08-01,28.3449993134,49.5299987793,28.7399997711,26.9200000763,75.7600021362,39.7649993896,60.7200012207,39.2099990845,31.2900009155,90.5999984741,59.7900009155
2019-07-01,29.1700000763,50.7799987793,31.3500003815,28.25,77.8199996948,40.3849983215,59.4300003052,37.4099998474,29.7749996185,91.1399993896,60.3600006104
2019-06-01,29.25,49.2200012207,31.8549995422,27.6000003815,77.4199981689,39.0200004578,58.0699996948,36.7700004578,29.8150005341,92.6399993896,59.5999984741
2019-05-01,26.375,47.0900001526,29.3850002289,26.0100002289,72.0500030518,35.9449996948,55.6100006104,36.4700012207,29.125,87.2799987793,55.4700012207
2019-04-01,28.7250003815,50.0699996948,33.0550003052,28.0200004578,78.0100021362,39.3549995422,57.7099990845,36.0299987793,29.3549995422,89.2600021362,60.0349998474
2019-03-01,27.75,46.7700004578,33.0600013733,25.7099990845,75.0299987793,37,56.1100006104,36.2200012207,29.0849990845,91.75,56.9249992371
2019-02-01,27.5249996185,45.9199981689,32.625,26.5200004578,76.3399963379,35.4300003052,54.3400001526,34.7099990845,28.5049991608,91.6500015259,55.1049995422
2019-01-01,26.6749992371,46.1300010681,31.8899993896,25.9400005341,71.7699966431,33.1399993896,53.3899993896,34.3300018311,27.3799991608,90.6699981689,54.3899993896
2018-12-01,25.2600002289,41.2799987793,28.6749992371,23.8199996948,64.4100036621,30.9899997711,50.7799987793,31,26.4599990845,86.5100021362,49.5050010681
2018-11-01,27.3050003052,45.0099983215,33.0550003052,26.9699993134,72.5400009155,33.9700012207,56.2599983215,33.8499984741,27.7950000763,95.8700027466,53.9949989319
2018-10-01,26.3050003052,46.0400009155,33.5800018311,26.2800006866,69.8799972534,34.6500015259,55.0099983215,32.0900001526,26.8449993134,88.6999969482,52.6899986267
2018-09-01,28.9650001526,49,37.8699989319,27.5799999237,78.4000015259,37.6650009155,53.9300003052,32.6100006104,26.3250007629,95.1500015259,58.6100006104
2018-08-01,29.6350002289,49.1800003052,37.2200012207,28.3299999237,77.0999984741,37.7999992371,53.7799987793,33.8499984741,26.7350006104,92.7799987793,58.4749984741
2018-07-01,29.8649997711,48.4599990845,38.5600013733,27.9500007629,76.9199981689,35.4599990845,53.5699996948,33.0499992371,26.3950004578,88.9300003052,55.6349983215
2018-06-01,29.0349998474,49.5299987793,37.9700012207,26.5900001526,71.6299972534,34.7350006104,51.5299987793,32.7099990845,25.9799995422,83.4599990845,54.6500015259
2018-05-01,29.0900001526,,38.0099983215,27.1800003052,74.4400024414,34.9500007629,49.6599998474,31.5799999237,25.4950008392,82.4100036621,52.8800010681
2018-04-01,28.5049991608,,36.9049987793,27.4500007629,72.2200012207,32.7299995422,50.4500007629,30.8899993896,25.7800006866,82.2600021362,51.8499984741
2018-03-01,28.4699993134,,33.7050018311,27.5699996948,74.2900009155,32.7099990845,52.6300010681,31.0799999237,25.2649993896,81.4000015259,50.6450004578
2018-02-01,29.8150005341,,33.3699989319,28.8700008392,76.6500015259,34.0849990845,53.4099998474,30.1100006104,24.5300006866,84.1399993896,52.0349998474
2018-01-01,31.4750003815,,37.4249992371,29.7399997711,79.7300033569,34.2249984741,57.8199996948,32.3100013733,25.5200004578,88.0999984741,53.9049987793
2017-12-01,30.2649993896,,36.1300010681,27.9099998474,75.6699981689,31.9750003815,56.8899993896,32.9399986267,26.3400001526,82.6800003052,49.3450012207
2017-11-01,29.7800006866,,34.5499992371,27.5200004578,74.5100021362,31.9200000763,56.0499992371,33.4500007629,28.2999992371,83.4700012207,48.3250007629
2017-10-01,29.5,,33.9550018311,26.6000003815,71.5299987793,31.4750003815,53.0900001526,32.5,27.5599994659,81.1100006104,45.9949989319
2017-09-01,28.3999996185,,34.2400016785,25.8600006104,71,29.5499992371,53.9799995422,32.2400016785,26.5249996185,81.7300033569,45.0400009155
2017-08-01,27.5349998474,,31.4850006104,24.7000007629,68.4599990845,29.4150009155,54.7099990845,32.9199981689,27.4850006104,81.2900009155,44.8300018311
2017-07-01,27.3199996948,,33.3100013733,25.0900001526,68.3099975586,28.5799999237,55.3199996948,32.5900001526,26.6100006104,79.8899993896,45.6800003052
2017-06-01,26.9050006866,,32.4599990845,24.6700000763,68.1100006104,27.3600006104,54.9399986267,32.2000007629,25.9799995422,79.2399978638,44.8149986267
2017-05-01,26.5400009155,,32.7200012207,23.25,67.5199966431,28.2649993896,56.6399993896,31.8600006104,26.9200000763,76.0800018311,45.5250015259
2017-04-01,26.5349998474,,33.9199981689,23.5300006866,66.3399963379,27.1900005341,55.1800003052,31.6499996185,25.8500003815,75.5,45.0299987793
2017-03-01,26.2049999237,,34.9500007629,23.7299995422,65.0599975586,26.6550006866,54.5800018311,31.6000003815,25.6550006866,74.3600006104,43.9749984741
2017-02-01,26.125,,35.6899986267,24.5400009155,65.8600006104,26.1749992371,55.0999984741,32.1399993896,25.8850002289,74.9899978638,43.1850013733
2017-01-01,25.9799995422,,36.4500007629,23.3099994659,63.3800010681,25.0400009155,52.5900001526,30.7099990845,24.5900001526,70.5199966431,42.4150009155
2016-12-01,24.8500003815,,37.6599998474,23.25,62.2200012207,24.1800003052,51.7099990845,30.75,24.2849998474,68.9400024414,40.7000007629
2016-11-01,24.9699993134,,37.2150001526,22.5100002289,62.4099998474,23.75,50.5800018311,30.0100002289,23.375,68.75,40.9249992371
2016-10-01,23.375,,34.3100013733,19.7399997711,57.2099990845,23.7099990845,52.7999992371,30.9500007629,24.7150001526,67.3600006104,39.0499992371
2016-09-01,23.875,,35.3050003052,19.2999992371,58.3800010681,23.8899993896,53.2099990845,32.7700004578,24.4950008392,72.1100006104,40.0200004578
2016-08-01,24.2800006866,,34.2550010681,19.951259613,58.5900001526,23.4950008392,54.3800010681,33.3800010681,24.6149997711,72.7600021362,40.2799987793
2016-07-01,24.3449993134,,33.6899986267,19.2120227814,58.0400009155,23.2250003815,54.7000007629,34.6780014038,26.0599994659,75.1999969482,40.8100013733
2016-06-01,23.1700000763,,34.1199989319,18.570268631,56.0099983215,21.6849994659,55.1500015259,33.5900001526,26.2350006104,71.7099990845,39.0299987793
2016-05-01,23.4699993134,,33.4350013733,19.293258667,55.9199981689,22.0949993134,52.6599998474,31.9200000763,24.5750007629,71.3499984741,39.6199989319
2016-04-01,23.5499992371,,33.75,18.9358253479,56.1599998474,21.0650005341,52.2999992371,31.3799991608,24.2099990845,69.7900009155,39.5999984741
2016-03-01,22.4050006866,,30.9449996948,18.2778224945,55.4700012207,22.1800003052,53.0600013733,32.1599998474,24.8099994659,67.7799987793,39.5499992371
2016-02-01,20.8999996185,,28.2900009155,17.1324138641,52.1199989319,20.4850006104,50.9199981689,29.3299999237,23.1499996185,66.2300033569,37.2200012207
2016-01-01,19.3850002289,,29.1049995422,17.6441917419,49.9900016785,20.6200008392,50.7599983215,29.1900005341,22.7099990845,66.4700012207,37.0550003052
2015-12-01,21.7099990845,,30.1599998474,19.3582458496,53.0099983215,21.4150009155,50.4900016785,31.1840000153,21.6399993896,72.0299987793,39.0800018311
2015-11-01,22.8649997711,,34.0099983215,19.951259613,54.7400016785,21.9799995422,49.4199981689,30.75,21.4099998474,71.1100006104,40.3899993896
2015-10-01,22.6399993896,,34.0149993896,19.5613327026,54.2700004578,21.8250007629,49.8800010681,30.9500007629,21.875,71.3399963379,40.4850006104
2015-09-01,19.9599990845,,30.6000003815,18.4077987671,49.8899993896,19.75,47.1899986267,,21.6450004578,66.2300033569,37.1300010681
2015-08-01,21.6800003052,,33.2150001526,19.0333061218,51.2900009155,20.1149997711,47.3100013733,,21.2299995422,70.4899978638,37.4900016785
2015-07-01,22.9750003815,,34.6899986267,20.4792842865,54.2200012207,21.2900009155,50.3100013733,,21.9950008392,76.5899963379,40.1100006104
2015-06-01,24.1949996948,,37.5800018311,19.8050365448,54.0600013733,20.7000007629,47.5999984741,,20.7299995422,74.3899993896,38.2400016785
2015-05-01,25.3050003052,,39.1949996948,19.9837532043,55.8100013733,21.6849994659,48.7900009155,,22.25,74.9400024414,38.1500015259
2015-04-01,25.2099990845,,41.3400001526,19.6019496918,55.6300010681,21.2900009155,48.3699989319,,22.1100006104,71.7099990845,37.6549987793
2015-03-01,24.3899993896,,38.7900009155,19.5857028961,55.7700004578,20.7199993134,48.7400016785,,22.2150001526,72.5,37.6749992371
2015-02-01,25.7450008392,,39.5099983215,19.7806663513,57.4900016785,21.5450000763,50.0099983215,,22.6149997711,72.2399978638,37.9850006104
2015-01-01,23.8449993134,,37.7750015259,18.6921195984,54.5699996948,19.9500007629,48.0200004578,,24.1599998474,69.2699966431,34.9949989319
2014-12-01,24.2900009155,,39.5800018311,20.0893573761,56.5800018311,20.6749992371,48.4900016785,,23.6100006104,68.3799972534,36.0750007629
2014-11-01,24.5799999237,,39.9099998474,19.8212833405,56.9099998474,21.2450008392,49.2999992371,,23,69.6100006104,35.9049987793
2014-10-01,24.2000007629,,43.7099990845,19.3663692474,55.2099990845,20.2700004578,46.7099990845,,22.7350006104,67.2699966431,34.0499992371
2014-09-01,24.7950000763,,45.3100013733,18.822095871,53.1500015259,19.9500007629,45.1100006104,,21.0450000763,63.9099998474,33.3450012207
2014-08-01,25.2649993896,,49.3699989319,18.976442337,54.0200004578,20.1399993896,45.1300010681,,21.6399993896,63.8600006104,34.4099998474
2014-07-01,24.3250007629,,48.3149986267,18.2047119141,51.8300018311,19.5,43.1399993896,,20.625,60.9099998474,32.9449996948
2014-06-01,24.8199996948,,50.0499992371,18.4727859497,54.0600013733,19.1749992371,44.6199989319,,22.1299991608,60.8300018311,33.3699989319
2014-05-01,24.5400009155,,47.6549987793,18.1072292328,54.0499992371,18.9099998474,45.0400009155,,21.3700008392,59.7900009155,32.8400001526
2014-04-01,23.8349990845,,46.8699989319,17.8391551971,53.0299987793,18.2250003815,44.2400016785,,21.6049995422,58.1199989319,31.9200000763
2014-03-01,23.6399993896,,44.5299987793,18.1478462219,52.3300018311,18.1749992371,43.0600013733,,20.7299995422,58.4900016785,32.3600006104
2014-02-01,23.5400009155,,43.8250007629,17.6279449463,52.0600013733,18.1749992371,42.3499984741,,20.2250003815,59.4399986267,33.4199981689
2014-01-01,22.0200004578,,41.6899986267,17.1080417633,50.0299987793,17.4099998474,40.7599983215,,19.5499992371,55.9599990845,31.4099998474
2013-12-01,23.1100006104,,44.2550010681,17.7579193115,52.2599983215,17.8700008392,42.9799995422,,18.9850006104,55.4399986267,33.4150009155
2013-11-01,22.1700000763,,43.2200012207,17.4492282867,50.4000015259,17.3449993134,43.0099983215,,19.0149993896,55.2599983215,32.7999992371
2013-10-01,21.8850002289,,43.1949996948,16.7099914551,48.6199989319,16.8250007629,42.3499984741,,19.3899993896,52.7700004578,31.7049999237
2013-09-01,21.0049991608,,41.4550018311,16.1738414764,46.4099998474,16.0200004578,39.7999992371,,18.6849994659,50.5900001526,30.3150005341
2013-08-01,20.2150001526,,40.7849998474,15.7920389175,44.0400009155,15.6999998093,39.5099983215,,18.6499996185,49.2200012207,28.8400001526
2013-07-01,20.2399997711,,41.2099990845,16.6450042725,45.1599998474,15.8649997711,41.3899993896,,19.6299991608,51.0200004578,29.6849994659
2013-06-01,19.1749992371,,39.1500015259,15.8001623154,42.6399993896,15.2950000763,39.6699981689,,18.8150005341,47.6100006104,28.2000007629
2013-05-01,20.1499996185,,40.25,16.1169776917,43.5299987793,15.8299999237,40.0499992371,,18.8400001526,48.1100006104,28.0599994659
2013-04-01,19.7749996185,,39.1349983215,15.1909017563,41.4500007629,15.3999996185,40.9399986267,,20.7150001526,47.3300018311,27.3050003052
2013-03-01,19.5900001526,,39.6549987793,14.7928514481,41.7599983215,15.1350002289,39.7700004578,,19.5499992371,45.9500007629,26.5
2013-02-01,19.2450008392,,38.8450012207,14.2891960144,40.9700012207,14.8149995804,38.0900001526,,18.7150001526,43.4500007629,25.4650001526
2013-01-01,19.5100002289,,38.6749992371,14.1186027527,40.0800018311,14.6999998093,36.8699989319,,18.2900009155,42.9099998474,25.0650005341
2012-12-01,18.7700004578,,35.7099990845,13.3143787384,37.9000015259,14.4250001907,34.9000015259,,17.4599990845,39.8800010681,23.7199993134
2012-11-01,18.3500003815,,35.5299987793,12.8025999069,37.1300010681,14.5649995804,36.0400009155,,17.6599998474,40.2400016785,23.7649993896
2012-10-01,18.0149993896,,35.9700012207,12.9163284302,36.4900016785,14.4350004196,35.3899993896,,18.4500007629,40.0299987793,23.0349998474
2012-09-01,18.3999996185,,36.7150001526,12.6645002365,36.5299987793,15.4149999619,35.8300018311,,18.1949996948,40.1199989319,23.3950004578
2012-08-01,17.8250007629,,35.7649993896,12.3151912689,36.3600006104,15.2449998856,35.4599990845,,18.1749992371,38.8400001526,22.7749996185
2012-07-01,17.4200000763,,34.8250007629,11.9090166092,35.8100013733,14.6300001144,35.6300010681,,18.9599990845,38.3899993896,21.7700004578
2012-06-01,17.6450004578,,33.1850013733,11.8927698135,35.6699981689,14.3649997711,34.7700004578,,18.4950008392,38.0099983215,21.8899993896
2012-05-01,16.9099998474,,31.8150005341,11.3809909821,34.6699981689,13.9650001526,33.7799987793,,17.9300003052,36.1500015259,21.5499992371
2012-04-01,18.3349990845,,35.6199989319,12.5345249176,37.0099983215,14.9099998474,34.1800003052,,17.8299999237,37.5099983215,22.8050003052
2012-03-01,18.4850006104,,35.875,12.8350925446,37.4199981689,15.0799999237,34.0800018311,,17.5200004578,37.6100006104,22.5450000763
2012-02-01,18.4850006104,,37.4399986267,11.9902515411,37.2299995422,14.4750003815,33.2299995422,,17.4449996948,36.1800003052,21.5949993134
2012-01-01,18.5900001526,,35.3450012207,11.4216079712,36.2200012207,13.5150003433,32.0299987793,,17.3400001526,35.7999992371,20.6599998474
2011-12-01,16.75,,34.5649986267,10.5605201721,33.75,12.7250003815,32.4900016785,,17.9899997711,34.6899986267,19.5100002289
2011-11-01,17.2600002289,,35.4350013733,10.4061737061,33.8899993896,12.8100004196,31.8999996185,,17.6049995422,33.8800010681,19.3700008392
2011-10-01,17.2250003815,,34.8549995422,10.9666938782,33.4199981689,13.0050001144,31.0400009155,,17.4249992371,33.5600013733,19.5100002289
2011-09-01,14.6800003052,,29.2549991608,9.5938262939,29.2199993134,11.8000001907,29.6599998474,,16.8099994659,31.7299995422,17.4300003052
2011-08-01,17.6700000763,,34.3199996948,10.8692121506,32.4000015259,12.220000267,30.8899993896,,16.9449996948,33.4000015259,18.7849998474
2011-07-01,19.0049991608,,38.2249984741,12.0227460861,34.6800003052,12.904999733,30.8299999237,,16.5849990845,34.1199989319,19.8250007629
2011-06-01,19.6849994659,,37.6749992371,12.4695367813,37.2400016785,12.8500003815,31.2299995422,,16.7399997711,35.5299987793,20.1049995422
2011-05-01,19.875,,38.5550003052,12.8675870895,37.6300010681,13.2299995422,32.3100013733,,16.9349994659,36.1100006104,20.2199993134
2011-04-01,20.4349994659,,40.2400016785,13.3062553406,38.7000007629,13.3699998856,31.5200004578,,16.5799999237,35.2400016785,20.2749996185
2011-03-01,20.0100002289,,39.875,13.3143787384,37.6699981689,13.029999733,29.9200000763,,15.9350004196,33.1100006104,19.5249996185
2011-02-01,19.7299995422,,39.2700004578,13.6880578995,37.0099983215,13.279999733,29.7199993134,,16.0550003052,32.6699981689,19.7049999237
2011-01-01,19.2199993134,,36.5750007629,13.3225021362,36.2400016785,12.9949998856,28.8799991608,,15.8599996567,31.6800003052,18.5900001526
2010-12-01,19.2049999237,,34.125,12.956946373,34.8699989319,12.595000267,29.3099994659,,15.6700000763,31.5,18.7049999237
2010-11-01,17.5949993134,,31.3549995422,11.746547699,32.6100006104,11.9750003815,28.3199996948,,15.3800001144,30.2700004578,18.0750007629
2010-10-01,17.3999996185,,29.6200008392,11.8277816772,32.1800003052,12.1750001907,28.7700004578,,15.8599996567,31.1700000763,17.6299991608
2010-09-01,16.3899993896,,28.0300006866,11.6571893692,31.2800006866,11.5100002289,27.8799991608,,15.6899995804,30.4899997711,16.7049999237
2010-08-01,15.5200004578,,25.6000003815,11.0154352188,28.1900005341,10.345000267,26.4799995422,,15.404999733,28.1000003815,15.095000267
2010-07-01,16.0049991608,,26.9200000763,11.9496335983,30.2900009155,10.9600000381,26.9799995422,,15.1850004196,28.5699996948,15.720000267
2010-06-01,14.1850004196,,24.8400001526,11.2185220718,27.4300003052,10.1999998093,25.5,,14.1300001144,28.2000007629,14.5649995804
2010-05-01,15.375,,26.5249996185,11.9252643585,29.6000003815,10.8199996948,26.3500003815,,14.3800001144,28.8700008392,16.1849994659
2010-04-01,16.9950008392,,29.9549999237,13.127538681,32.5699996948,11.6949996948,27.6299991608,,15.220000267,30.8799991608,17.4099998474
2010-03-01,16.9599990845,,28.7600002289,12.956946373,31.2399997711,11.5500001907,27.9300003052,,14.8299999237,32.1300010681,16.4200000763
2010-02-01,15.75,,28.0699996948,11.9252643585,28.8400001526,10.845000267,27.0300006866,,14.5699996948,31.3999996185,15.2600002289
2010-01-01,15.0699996948,,27.25,11.5190896988,27.3799991608,10.4799995422,26.2000007629,,14.7650003433,31.2800006866,14.4549999237
2009-12-01,16.4950008392,,28.5049991608,11.697807312,27.7900009155,11.4650001526,26.4699993134,,15.5100002289,31.0699996948,14.8850002289
2009-11-01,16.25,,28.4099998474,11.9090166092,27.5100002289,10.875,26.7800006866,,14.8800001144,30.6800003052,14.3100004196
2009-10-01,14.6700000763,,27.625,11.4134845734,25.2900009155,10.3050003052,25.8299999237,,14.1949996948,28.0699996948,13.4099998474
2009-09-01,15.470000267,,26.9599990845,12.1364736557,26.3400001526,10.4350004196,25.4599990845,,14.6649999619,28.6700000763,13.7349996567
2009-08-01,14.904999733,,25.5849990845,11.9415111542,25.0200004578,10.0100002289,24.8199996948,,14.6149997711,28.6200008392,13.0799999237
2009-07-01,14.5600004196,,25.3099994659,10.5686426163,23.8799991608,9.8500003815,24.5200004578,,14.470000267,27.8700008392,12.6350002289
2009-06-01,12.8999996185,,24.0249996185,9.7075548172,21.9599990845,9.1049995422,22.9899997711,,13.9449996948,26.3099994659,11.5399999619
2009-05-01,13.5850000381,,25.8400001526,9.9350118637,22.4899997711,8.8249998093,23.1200008392,,13.3850002289,25.8299999237,11.5600004196
2009-04-01,12.8350000381,,22.8899993896,8.7164907455,21.7600002289,8.625,22,,12.9250001907,24.1800003052,11.6450004578
2009-03-01,11.1049995422,,21.2299995422,7.1567831039,18.4300003052,7.8099999428,21.1000003815,,12.7749996185,24.2099990845,9.8249998093
2009-02-01,9.6850004196,,20.5650005341,6.1738419533,17.1000003815,7.0599999428,20.3600006104,,12.6750001907,22.9799995422,8.7650003433
2009-01-01,10.529999733,,23.4599990845,7.5060930252,20.6100006104,7.3400001526,22.1499996185,,14.4899997711,26.2299995422,9.6400003433
2008-12-01,11.3699998856,,23.8850002289,10.1705932617,23.4200000763,7.7049999237,23.8700008392,,14.5150003433,26.5499992371,10.7849998474
2008-11-01,11.5749998093,,25.1399993896,10.284321785,23.1100006104,7.625,24.0699996948,,15.0600004196,24.9200000763,10.2449998856
2008-10-01,12.9600000381,,25.7000007629,12.6157598495,25.1800003052,8.3249998093,24.1200008392,,14.4549999237,26.6000003815,11.4899997711
2008-09-01,16.7000007629,,31.6499996185,16.1575946808,30.7999992371,9.9250001907,27.6000003815,,16.6149997711,30.0499992371,13.9499998093
2008-08-01,19.875,,37.3250007629,17.4004878998,35.2200012207,11.375,28.1399993896,,18.8299999237,32.6100006104,15.25
2008-07-01,20.1900005341,,37.2000007629,17.5710792542,34.2799987793,11.1750001907,27.3999996185,,19.0400009155,31.9500007629,14.2650003433
2008-06-01,20.8649997711,,44.2400016785,16.4581642151,34.0099983215,11.4549999237,26.75,,20.3500003815,30.5799999237,14.2399997711
2008-05-01,22.2549991608,,43,20.1137294769,38.8400001526,12.6750001907,28.4899997711,,20.6550006866,32.0800018311,16.1550006866
2008-04-01,21.1550006866,,40.875,21.6165714264,38.5,11.8999996185,27.6499996185,,19.9400005341,31.4799995422,15.7250003815
2008-03-01,20.0849990845,,37.0299987793,20.203086853,37.4000015259,11.1999998093,27.8600006104,,18.9699993134,31.1700000763,15.3599996567
2008-02-01,20.4349994659,,38.0250015259,20.9829406738,36.25,11.0749998093,27.1299991608,,18.8050003052,32.7999992371,15.6599998474
2008-01-01,19.9750003815,,34.7999992371,23.6718120575,37,11.625,27.2000007629,,19.6100006104,33.7000007629,16.2900009155
2007-12-01,20.8500003815,,39.6749992371,23.5012187958,39.1599998474,13.3299999237,28.7999992371,,21.1650009155,35.3100013733,16.3500003815
2007-11-01,20.8250007629,,36.7350006104,25.1827774048,39.4000015259,13.1300001144,29.1900005341,,21.3649997711,36.4700012207,17.3250007629
2007-10-01,21.9300003052,,38.3499984741,27.4004878998,40.5499992371,14.1999998093,28.4099998474,,21.2250003815,36.0099983215,18.3250007629
2007-09-01,21.0550003052,,37.4000015259,27.8797721863,41.0800018311,13.4849996567,27.9799995422,,19.8999996185,35.3499984741,18.4150009155
2007-08-01,19.5750007629,,34.9150009155,27.4167346954,39.4199981689,13.0200004578,26.8999996185,,19.2999992371,34.4000015259,18.6149997711
2007-07-01,19.7099990845,,34.5,26.7262382507,39.4099998474,12.7749996185,26.2800006866,,19,33.6300010681,18.5
2007-06-01,20.25,,34.4949989319,29.3907394409,39.0400009155,12.8000001907,27.0499992371,,19.7900009155,35.3100013733,19.6650009155
2007-05-01,20.4500007629,,34.1500015259,30.7879772186,39.1300010681,12.8249998093,27.7700004578,,20.9200000763,36.7299995422,20.0499992371
2007-04-01,19.3099994659,,31.6849994659,30.0649871826,37.2000007629,12.2100000381,27.3999996185,,20.8250007629,36.1100006104,19.4650001526
2007-03-01,19.0249996185,,30.1399993896,28.9439487457,35.5499992371,11.6599998474,26.6499996185,,19.8500003815,33.6500015259,19.0149993896
2007-02-01,18.6100006104,,28.4500007629,29.2038993835,35.3400001526,11.5450000763,26.2399997711,,19.2649993896,33.7099990845,19.1399993896
2007-01-01,18.125,,29.0450000763,30.1218528748,35.7400016785,11.8649997711,26.6499996185,,18.2950000763,34.5099983215,19.7299995422
2006-12-01,17.4200000763,,29.3150005341,29.8456535339,35.0099983215,11.6300001144,26.1200008392,,18.3600006104,33.4900016785,19.1800003052
2006-11-01,17.5,,30.2549991608,28.9845657349,35.1199989319,11.7600002289,25.6100006104,,18.3700008392,33.2599983215,18.8400001526
2006-10-01,16.7700004578,,27.8649997711,28.7814788818,34.2799987793,11.4350004196,25.8299999237,,17.8950004578,33.2999992371,18.6049995422
2006-09-01,15.8199996948,,26.7250003815,28.1234779358,33.3400001526,11,25.3799991608,,16.9950008392,33.1899986267,17.4750003815
2006-08-01,15.9149999619,,27.8349990845,27.1892776489,32.25,10.595000267,25.5200004578,,17.3850002289,32.7999992371,16.4599990845
2006-07-01,15.4499998093,,29.3250007629,26.872461319,31.8899993896,9.8999996185,24.5699996948,,16.9200000763,31.8899993896,16.1399993896
2006-06-01,16.0499992371,,28.375,26.2713241577,33.8100013733,10.1649999619,24.1900005341,,16.1450004578,30.2399997711,16.6949996948
2006-05-01,16.0750007629,,27.7749996185,26.5475215912,33.9399986267,10.2150001526,23.8799991608,,15.9149999619,30.3400001526,16.7600002289
2006-04-01,16.75,,28.5699996948,27.5873260498,34.5299987793,10.9250001907,23.8299999237,,15.6599998474,30.9899997711,17.0450000763
2006-03-01,16.1749992371,,27.2000007629,26.4419174194,33.7999992371,11.0699996948,23.6000003815,,15.4149999619,31.9799995422,16.8299999237
2006-02-01,15.529999733,,26.1700000763,26.5069046021,32.4900016785,10.8249998093,23.5300006866,,16.2849998474,32.5,16.7350006104
2006-01-01,15.8699998856,,28.8299999237,25.9545097351,31.5100002289,10.8000001907,23.3299999237,,16.0750007629,32.1300010681,16.6149997711
2005-12-01,15.1400003433,,25.1550006866,25.7270507812,31.4200000763,10.4499998093,23.2900009155,,15.6949996948,31.7199993134,16.3250007629
2005-11-01,14.8350000381,,24.7749996185,25.8895206451,31.4599990845,10.8549995422,23.3799991608,,15.6999998093,30.7600002289,16.5499992371
2005-10-01,13.779999733,,24.4099998474,24.7116165161,29.7299995422,10.2100000381,23.1700000763,,15.7250003815,30.3899993896,15.9149999619
2005-09-01,13.75,,26.8349990845,23.9805030823,30.1599998474,10.4499998093,23.2800006866,,16.7999992371,31.3500003815,16.2450008392
2005-08-01,13.720000267,,25.3199996948,23.9155158997,29.7800006866,10.4250001907,23.0699996948,,16.2399997711,31.6200008392,16.75
2005-07-01,14.3199996948,,23.7999992371,24.3135662079,30.5,10.5249996185,23.4799995422,,16.1350002289,31.7299995422,17.3199996948
2005-06-01,13.5699996948,,22.2250003815,23.9398860931,29.3799991608,9.9600000381,22.75,,15.779999733,31.0300006866,16.3899993896
2005-05-01,13.9149999619,,20.8400001526,23.7855396271,30.25,10.0900001526,23.3099994659,,15.0150003433,31.2900009155,16.4850006104
2005-04-01,14.0050001144,,20.2749996185,23.1031684875,29.3199996948,9.4350004196,22.7800006866,,15.0249996185,30.8999996185,15.5249996185
2005-03-01,15.0799999237,,21.4349994659,23.0625514984,30.4300003052,9.779999733,23.0200004578,,14.5749998093,29.8600006104,16.5799999237
2005-02-01,15.5450000763,,21.9249992371,24.102355957,30.5499992371,9.9750003815,23.3199996948,,14.5249996185,30.1299991608,16.7999992371
2005-01-01,14.4099998474,,18.7749996185,24.2648258209,30.2000007629,9.9600000381,23.3500003815,,14.220000267,29.25,16.8899993896
2004-12-01,14.8649997711,,18.1599998474,24.8009757996,31.0699996948,10.5550003052,23.0799999237,,13.9250001907,30.1900005341,17.6450004578
2004-11-01,14.7550001144,,18.7549991608,23.9642562866,30.4699993134,10.4899997711,22.3400001526,,13.720000267,28.7000007629,16.9099998474
2004-10-01,13.6450004578,,17.5699996948,23.2412662506,28.6700000763,9.9799995422,21.7999992371,,13.1350002289,28.1499996185,16.2299995422
2004-09-01,13.7749996185,,17.4650001526,23.1194152832,28.3799991608,9.5600004196,21.6599998474,,12.5249996185,28.7900009155,15.6000003815
2004-08-01,13.3050003052,,15.9750003815,23.4606018066,27.8799991608,9.2899999619,22.3400001526,,12.5500001907,29.3899993896,15.1850004196
2004-07-01,13.0850000381,,16.2250003815,22.721364975,27.8600006104,9.720000267,21.9500007629,,12.0600004196,28.9200000763,15.2150001526
2004-06-01,13.3900003433,,15.7399997711,23.2168960571,28.6599998474,10.3500003815,23.0900001526,,11.8800001144,30.5599994659,15.8149995804
2004-05-01,12.8100004196,,14.875,23.2331447601,27.0499992371,10.0749998093,23.0499992371,,11.779999733,30.7600002289,15.7950000763
2004-04-01,12.4600000381,,14.9200000763,22.8432178497,26.3999996185,9.6949996948,23.1800003052,,11.6400003433,30.8600006104,15.6949996948
2004-03-01,13.0649995804,,14.6700000763,23.8830223083,26.4099998474,10.0799999237,22.8799991608,,12.1599998474,29.9300003052,15.875
2004-02-01,13.4200000763,,14.8249998093,24.2729492188,26.8299999237,10.3549995422,23.0200004578,,12.1300001144,31.3099994659,15.9949998856
2004-01-01,12.7550001144,,14.0850000381,23.5986995697,27.0300006866,10.625,21.7800006866,,11.904999733,30.9799995422,15.654999733
2003-12-01,13.345000267,,13.7749996185,22.8513393402,26.7600002289,10.1899995804,21.7800006866,,11.6649999619,30.1499996185,15.7449998856
2003-11-01,12.2250003815,,12.2349996567,21.9902515411,25.2199993134,9.9499998093,21.4899997711,,11.0500001907,28.6000003815,15.1800003052
2003-10-01,11.9549999237,,12.1400003433,22.0714874268,24.7299995422,9.8100004196,21.2399997711,,11.0249996185,28,15.0450000763
2003-09-01,10.9149999619,,12.0249996185,20.6417541504,23.2900009155,9.1400003433,20.3199996948,,10.9499998093,27.8099994659,13.7899999619
2003-08-01,11.4899997711,,12.3400001526,20.5686435699,24.0300006866,9.220000267,20.4699993134,,10.5249996185,27.8199996948,14.5
2003-07-01,11.1800003052,,11.6000003815,20.8123474121,23.1299991608,8.8000001907,20.1299991608,,10.3199996948,28.8899993896,13.7950000763
2003-06-01,10.3649997711,,12.0249996185,19.9431362152,22.3899993896,8.5349998474,20.1599998474,,11.0600004196,29.3299999237,13.5450000763
2003-05-01,10.3299999237,,12.2399997711,19.951259613,21.9799995422,8.4750003815,20.0599994659,,11.0050001144,28.1700000763,13.3699998856
2003-04-01,10.0200004578,,11.0649995804,18.9845657349,21.3999996185,7.8049998283,19.1200008392,,9.9949998856,27.6000003815,12.6949996948
2003-03-01,9.1899995804,,11.1599998474,16.8643379211,19.3099994659,7.1500000954,18.5699996948,,9.1999998093,26.7199993134,11.3649997711
2003-02-01,9.1750001907,,11.2049999237,17.0999183655,19.1800003052,7.2600002289,18.6700000763,,8.8500003815,25.8700008392,11.1199998856
2003-01-01,9.4250001907,,10.8850002289,17.6441917419,19.4799995422,7.2249999046,19.2600002289,,9.3500003815,26.4599990845,11.1700000763
2002-12-01,9.9200000763,,11.1649999619,17.8716487885,20.5900001526,7.4000000954,19.9400005341,,9.5749998093,26.5499992371,11.5550003052
2002-11-01,10.4750003815,,11.220000267,19.0089359283,21.5499992371,8.5500001907,19.9899997711,,9.3850002289,27.6900005341,12.6599998474
2002-10-01,9.3500003815,,10.7749996185,18.3265647888,20.4799995422,7.3800001144,20.5599994659,,9.1199998856,26.8600006104,12.1000003815
2002-09-01,8.845000267,,10.5799999237,16.7912273407,19.5200004578,5.9149999619,19.7900009155,,9.3350000381,25.3799991608,11.3350000381
2002-08-01,10.2250003815,,11.4549999237,19.073923111,22.1499996185,7.0999999046,21.4699993134,,10.75,27.1399993896,12.4600000381
2002-07-01,10.279999733,,11.2849998474,18.7246131897,22.5,7.1599998474,21.2999992371,,10.3400001526,26.8799991608,12.095000267
2002-06-01,11.595000267,,13.1000003815,20.4224205017,23.8500003815,7.9099998474,22.25,,12.125,27.6800003052,13.7349996567
2002-05-01,11.8549995422,,13.6800003052,21.429731369,25.4699993134,9.1300001144,24.8500003815,,13.125,29.8199996948,14.5249996185
2002-04-01,11.2950000763,,13.9250001907,21.494720459,25.3600006104,9.5249996185,25.1299991608,,13.2349996567,29.4099998474,14.6000003815
2002-03-01,11.8549995422,,14.4449996948,22.0552406311,27.2399997711,10.8350000381,26.1000003815,,14.0900001526,29.5900001526,15.0200004578
2002-02-01,11.5399999619,,13.3149995804,20.7554836273,26.6000003815,10.3249998093,25.7600002289,,13.4849996567,27.9799995422,14.8500003815
2002-01-01,10.9600000381,,12.875,21.1210403442,25.9500007629,11.8699998856,25.2299995422,,13.5100002289,26.75,14.7700004578
2001-12-01,10.7100000381,,13.3500003815,21.3647441864,27.7000007629,12,25.3999996185,,14.0150003433,26.9500007629,14.3000001907
2001-11-01,11.1099996567,,12.6800003052,21.0479297638,26.5,12.2700004578,26,,13.6850004196,26.3600006104,13.6999998093
2001-10-01,9.8599996567,,13.4300003052,19.7644195557,24.0900001526,10.6750001907,24.8999996185,,13.8599996567,23.6200008392,12.0900001526
2001-09-01,9.6000003815,,12.9099998474,20.048740387,23.6700000763,9.625,25.0599994659,,14.6300001144,23.5,11.4849996567
2001-08-01,10.9549999237,,14.3649997711,21.3403739929,27.8500003815,11.5100002289,25.1700000763,,14.8850002289,27.4899997711,13.1850004196
2001-07-01,11,,15,22.8513393402,28.8400001526,13.1099996567,25.0499992371,,15.4350004196,28.9599990845,14.4499998093
2001-06-01,11.029999733,,15.1750001907,23.0706748962,28.8999996185,14.0850000381,24.3099994659,,15.5749998093,29.5499992371,13.8350000381
2001-05-01,11.4750003815,,16.7749996185,23.3225021362,30.8700008392,13.8149995804,25.5699996948,,16.5149993896,29.8999996185,13.9750003815
2001-04-01,11.0500001907,,16.9349994659,22.3395614624,29.6299991608,14.404999733,25.2000007629,,16.3999996185,28.7999992371,13.6499996185
2001-03-01,9.9849996567,,15.3500003815,21.5597076416,26.5900001526,12.3999996185,24.7199993134,,15.6450004578,26.8199996948,13.0450000763
2001-02-01,10.5600004196,,15.8699998856,22.2989444733,29.4899997711,14.0050001144,26.6399993896,,15.9849996567,28.6599998474,13.2650003433
2001-01-01,10.4250001907,,16.0650005341,23.9073925018,31.3700008392,18.6499996185,26.4799995422,,15.6599998474,29.2199993134,14.2849998474
2000-12-01,10.7109384537,,16.59375,23.9642562866,31.25,15.65625,28.5625,,16.59375,27.25,12.796875
2000-11-01,9.6328134537,,15.1015634537,22.1618595123,30.1875,17.375,27.640625,,17.0703125,26.8125,11.984375
2000-10-01,9.8828134537,,15.9375,23.3549957275,31.25,21.859375,26.71875,,17.078125,29.5,12.2890634537
2000-09-01,9.0859384537,,16.3828125,23.5580825806,30.5625,23.1875,24.984375,,16.140625,29.0625,12.4453134537
2000-08-01,10.1328134537,,16.1875,23.1265220642,31.5625,28.265625,24.015625,,14.375,30.15625,12.4609384537
2000-07-01,9.90625,,14.59375,20.9941101074,28.71875,25.65625,24.3125,,13.8359384537,29.125,13
2000-06-01,9.8203134537,,15.171875,19.293258667,28.28125,27.09375,25.234375,,13.625,29.5625,12.796875
2000-05-01,10.7890634537,,16.1328125,20.3467712402,29.5,24.640625,23.9375,,14.2109384537,29.5,13.5546884537
2000-04-01,11.140625,,14.4375,19.9025173187,29.625,27.5,22.34375,,14.2421884537,30.3125,14.328125
2000-03-01,11.5234384537,,14.65625,19.7121238708,29.203125,30.28125,21.21875,,13.3671884537,30.671875,14.6328134537
2000-02-01,10.4921884537,,13.078125,16.7292842865,25.6875,27.9375,20.515625,,12.140625,28.140625,12.84375
2000-01-01,11.6640634537,,13.65625,18.7347679138,27.1875,25.28125,23.234375,,13.8203134537,30.109375,13.6015634537
1999-12-01,13.2890634537,,13.546875,19.3059501648,29.609375,26.9375,23.03125,,14.0703134537,30.890625,15.53125
1999-11-01,11.9609384537,,13.4921884537,19.8517475128,27.5,23.3359375,24.90625,,14.4765634537,28.5,14.203125
1999-10-01,12.1328134537,,13.515625,20.7656383514,28.125,21.25,24.828125,,14.96875,28.171875,14.1953134537
1999-09-01,11.8515634537,,13.71875,17.973192215,28.75,20.625,22.75,,14.890625,26.8125,13.0390634537
1999-08-01,12.2734384537,,14.4453134537,19.0267066956,28.953125,20.7109375,25.0625,,14.6328134537,27.1875,13.25
1999-07-01,12.8515634537,,14.2890634537,19.9025173187,28.71875,20.0078125,24.640625,,15.3671884537,28.46875,13.78125
1999-06-01,13,,14.0234384537,21.1971969604,29.8125,20.2421875,25.59375,,15.3203134537,29.34375,14.890625
1999-05-01,12.328125,,13.8125,20.3721561432,28.125,18.46875,25.25,,14.8046884537,28.109375,14.0078134537
1999-04-01,13.5625,,14.1171884537,21.6795291901,28.6875,18.40625,25.515625,,14.6328134537,29,14.671875
1999-03-01,10.875,,12.296875,20.2579193115,24.9375,18.296875,26.4375,,13.34375,28,14.296875
1999-02-01,10.71875,,10.8125,19.6740455627,24.515625,17.03125,26.515625,,14.3359384537,27.28125,13.6484384537
1999-01-01,10.5546884537,,10.90625,19.3694152832,24.296875,18.90625,26.796875,,14.7421884537,27.25,13.734375
1998-12-01,10.9609384537,,11.671875,19.0393981934,24.5625,16.3125,27.15625,,15.1171884537,26,13.0625
