date,variant,source_url,headline,summary,respondents,services_pmi,business_activity,new_orders,employment,supplier_deliveries,inventories,inventory_sentiment,prices,order_backlog,exports,imports
2026-06-01,services,https://www.ismworld.org/supply-management-news-and-reports/reports/ism-pmi-reports/services/june/,June 2026 ISM ® Services PMI ® Report,"(Tempe, Arizona) — Economic activity in the services sector continued to expand in June , say the nation’s purchasing and supply executives in the latest ISM ® Services PMI ® Report . The Services PMI ® registered 54 percent, the 24th consecutive month in expansion territory.

The report was issued today by Steve Miller, CPSM, CSCP, Chair of the Institute for Supply Management ® (ISM ® ) Services Business Survey Committee: “In June, the Services PMI ® registered 54 percent, a decrease of 0.5 percentage point compared to May’s figure of 54.5 percent. The Business Activity Index remained in expansion territory in June, decreasing 2.3 percentage points to 55.4 percent from May’s reading of 57.7 percent. The New Orders Index registered 55.1 percent, 2.2 percentage points below May’s figure of 57.3 percent. The Employment Index expanded for the first time in four months with a reading of 51.2 percent, a 3.3-percentage point increase from the 47.9 percent recorded in May. All of the four subindexes that make up the composite PMI® were above their 12-month moving averages,” says Miller.

“The Supplier Deliveries Index registered 54.4 percent, 0.8 percentage point lower than the 55.2 percent recorded in May. This is the 19th consecutive month that the index has been in expansion territory, indicating slower supplier delivery performance. (Supplier Deliveries is the only ISM ® PMI ® Reports index that is inversed; a reading of above 50 percent indicates slower deliveries, which is typical as the economy improves and customer demand increases.)

“The Prices Index decreased to 67.7 percent in June, 3.6 percentage points below May’s figure of 71.3 percent and its first time below 70 percent since February. The index has exceeded 60 percent for 19 straight months, maintaining its 12-month average of 68 percent. Diesel, gasoline, oil and related commodities were once again most frequently mentioned as up in price in June — and cited as down in price from other respondents. This is likely due to different contract terms for these commodities between companies.

“The Inventories Index registered 51.2 percent, down 11.3 percentage points from May’s figure of 62.5 percent. The Inventory Sentiment Index expanded for the 38th consecutive month, registering 52.6 percent, down 2.6 percentage points from May’s figure of 55.2 percent. The Backlog of Orders Index remained in expansion territory for a fifth straight month, increasing 3.6 percentage points to 54.9 percent in June from May’s reading of 51.3 percent. The New Export Orders remained at 50 percent or above for the fifth month in a row, increasing 0.4 percentage point in June, to 50.4 percent. The Imports Index dropped into contraction territory at 49.4 percent in June, a decrease of 1.7 percentage points compared to its May reading of 51.1 percent, and its third consecutive lower reading since reaching 55.2 percent in March.

“Fourteen industries reported growth in June, three less than in May, and the number reporting contraction were four, an increase of three from May. The June Services PMI ® reading of 54 percent is 0.9 percentage point above the 12-month average of 53.1 percent. For the sixth straight month, that figure increased, with an uptick of 0.3 percentage point over May’s 12-month average of 52.8 percent.”

Miller continues, “The Prices Index decreased to 67.7 percent, its lowest reading since February 2026 (63 percent). In this month’s report, some respondents reported reduced prices paid for gasoline and diesel, but this was not seen across the board. Petroleum-related products were mentioned again as a commodity up in price, something that we expect to see for several months as higher oil prices work their way through the supply chain, but they should ease off in the fall assuming recent progress in moving oil through the Strait of Hormuz continues. As of late June, West Texas Intermediate crude oil dropped below US$70 per barrel for the first time since February, a more than 30 percent drop from its high in recent months. The Supplier Deliveries Index continued to indicate slower performance; while easing for its second month in a row, it is still above its 12-month average.

“The more than 2-percentage point drops in both the Business Activity and New Orders indexes were partially offset by the 3.3 percentage point increase in the Employment Index. All four subindexes of the Services PMI ® are once again in expansion territory and above their 12-month averages. In a welcome sign of reduced growth rate of prices paid, June’s Prices Index reading of 67.7 percent is its lowest in four months and below its 12-month average. There were fewer commodities reported as up in price compared to previous months.

“Despite easing of the Supplier Deliveries Index, there was an increase in commodities listed as ‘in Short Supply,’ increasing from five in May to nine in June. All commodities in short supply in June are commodities necessary for data center construction, while the Utilities and Information industries all continued their more than six-month runs in expansion territory. Memory components, copper, aluminum, and heating, ventilation and air conditioning (HVAC) equipment continued multimonth runs of being listed as up in price.

“Respondents in June commented less frequently about pricing impacts on petroleum products, while tariff impacts continued to be a theme for increased pricing pressure. The Inventories Index dropped to its second-lowest level since October 2025, indicating that the buy-ahead phenomenon from earlier in the year may be over. The Imports Index dropped into contraction territory for the first time in five months, down from a spike to 55.2 percent in March, its highest level in over two years. The Backlog of Orders Index reached its second-highest level in almost four years. These readings, taken with respondent commentary, seem to indicate that supply chains are stabilizing amid sustained business activity, giving confidence to businesses that selective, yet modest, increased employment is warranted. World Cup-related hiring in the U.S. likely contributed to the increase to the Employment Index. Of the 18 services industries, nine of them — representing over 58 percent of U.S. gross domestic product (GDP) — reported higher employment levels in June. This represents widespread confidence that hiring is again warranted to support activity levels.”

The 14 services industries reporting growth in June — listed in order — are: Arts, Entertainment & Recreation; Mining; Wholesale Trade; Transportation & Warehousing; Finance & Insurance; Accommodation & Food Services; Retail Trade; Other Services; Professional, Scientific & Technical Services; Health Care & Social Assistance; Information; Construction; Utilities; and Real Estate, Rental & Leasing. The four industries reporting a contraction in the month of June are: Agriculture, Forestry, Fishing & Hunting; Educational Services; Management of Companies & Support Services; and Public Administration.","[""“We continue to experience higher prices due to the Persian Gulf conflict through rising diesel fuel costs and increased input costs for resin-based packaging. The brunt of the impact will be experienced in the third quarter (Q3) of 2026, but we are feeling the impact now. Suppliers are aggressively attempting to pass through price increases.” [Accommodation & Food Services]"", ""“Extreme drought in Virginia is creating financial problems for farmers and the agricultural industry. Dramatically reduced spring crops harvest has created significant cost increases in feed expense. The barley grain crop was nearly totally lost due to the early hot weather and spring freeze. High fertilizer cost increases due to the war in Iran and increased freight cost has driven cost for crops above breakeven levels on many farms. Many dairy farmers are struggling with crop shortages, high input cost and below milk price breakeven. The financial stress from higher cost due to the Iran war and drought-related forage losses has resulted in decreased spending in the agricultural sector.” [Agriculture, Forestry, Fishing & Hunting]"", ""“In general, our company (commercial construction) is doing well. Pipeline is healthy for current and future work. Material pricing is higher and lead times on certain components in support of data center piping is elongating.” [Construction]"", ""“In addition to the known semiconductor manufacturing issue, now there are concerns regarding memory availability that is materially impacting our OEM’s purchasing patterns, which is affecting availability and driving my company’s purchasing decisions, including how much longer we are sweating our assets, how frequently we refresh, and how we approach maintenance contracts.” [Finance & Insurance]"", ""“Despite economic headwinds like persistent inflation, patient volumes and overall business activity remain strong reflected mainly by outstanding revenue performance. Supply chains remain resilient as well; back orders are at a historical low, and few if any critical products are experiencing difficulties. Labor is steady, as we continue to add full-time workers while the forecast remains positive. Given the continuation of the conflict in the Middle East, we are beginning to hear that cost of goods increases are on the horizon but have yet to materialize. Cost increases are in focus for the next quarter.” [Health Care & Social Assistance]"", ""“From a strategic supply chain perspective, we are seeing increased complexity in managing total landed cost due to tariffs, import/export constraints and duty recovery mechanisms, requiring more proactive coordination across sourcing, logistics and compliance teams. Recent discussions internally also highlight the impact of tariff programs and duty drawback evaluations on purchasing strategies.” [Mining]"", ""“Demand remains strong in infrastructure, environmental, and resilience projects, while procurement faces persistent labor inflation, supplier capacity constraints, and regulatory complexity—particularly in California and other high-cost markets. Labor-driven categories remain elevated despite easing goods inflation. The impact is higher rates, longer lead times, and increased importance of capacity assurance vs. lowest-cost sourcing.” [Professional, Scientific & Technical Services]"", ""“Business has been very strong during what is usually a less active time of the year. Pricing is stable, and employment just where we want it to be. Supply chain strong with no challenges.” [Retail Trade]"", ""“The utility industry continues to experience extended lead times, supply-chain constraints, material shortages, and pricing volatility. As a result, suppliers are often limiting quotation validity periods, with many RFQs carrying expiration dates as short as 24 hours. These conditions require timely evaluation and procurement decisions to mitigate the risk of price changes and availability issues.” [Utilities]"", ""“We are experiencing continued sequential top-line growth driven mostly by increased prices.” [Wholesale Trade]""]","In June, the Services PMI ® registered 54 percent, 0.9 percentage point above its 12-month moving average of 53.1 percent. A reading above 50 percent indicates the services sector economy is generally expanding; below 50 percent indicates it is generally contracting.

A Services PMI ® above 48.1 percent, over time, generally indicates an expansion of the overall economy. Therefore, the June Services PMI ® indicates the overall economy is expanding for the 73rd straight month. Miller says, “The past relationship between the Services PMI ® and the overall economy indicates that the Services PMI ® for June (54 percent) corresponds to a 1.9-percentage point increase in real gross domestic product (GDP) on an annualized basis.”","ISM ® ’s Business Activity Index continued in expansion in June; the reading of 55.4 percent is 2.3 percentage points lower than the 57.7 percent recorded in May. June’s reading is 0.3 percentage point above its 12-month moving average of 55.1 percent. Comments from respondents include: “World Cup activity in the Dallas-Fort Worth (DFW) metroplex” and “Activity has been high for the past couple of years, given many electric industry new initiatives and projects.”

The 13 industries reporting an increase in business activity for the month of June — listed in order — are: Arts, Entertainment & Recreation; Retail Trade; Finance & Insurance; Transportation & Warehousing; Wholesale Trade; Mining; Other Services; Information; Accommodation & Food Services; Professional, Scientific & Technical Services; Utilities; Health Care & Social Assistance; and Real Estate, Rental & Leasing. The four industries reporting a decrease in business activity in the month of June are: Agriculture, Forestry, Fishing & Hunting; Management of Companies & Support Services; Public Administration; and Construction.","ISM ® ’s New Orders Index remained in expansion territory at 55.1 percent in June, 2.2 percentage points lower than the reading of 57.3 percent in May. The index has expanded for 13 consecutive months. Comments from respondents include: “Slightly higher in the last month with inventory, suppliers and contractors ready for the summer rush and any possible storms that affect the area” and “Volume is unfavorable to budget; other consumer expenses going up may be causing people to defer health-care spending.”","Employment activity in the services sector returned to expansion; the index registered 51.2 percent in June after three months in contraction. The reading is up 3.3 percentage points from the May figure of 47.9 percent and 2.5 percentage points above its 12-month average of 48.7 percent. Comments from respondents include: “Even though student population is down, we do not lay off staff for the summer — we actually hire counselors and sports camp directors, as we have several camps and youth conferences on campus” and “Summer interns hired.”

The nine industries reporting an increase in employment in June — listed in order — are: Retail Trade; Construction; Professional, Scientific & Technical Services; Accommodation & Food Services; Finance & Insurance; Wholesale Trade; Transportation & Warehousing; Health Care & Social Assistance; and Real Estate, Rental & Leasing. The five industries reporting a decrease in employment in June are: Agriculture, Forestry, Fishing & Hunting; Information; Educational Services; Public Administration; and Utilities.","In June, the Supplier Deliveries Index indicated slower performance for the 19th month in a row. The index registered 54.4 percent, down 0.8 percentage point from the 55.2 percent recorded in May. A reading above 50 percent indicates slower deliveries, while a reading below 50 percent indicates faster deliveries. Comments from respondents include: “Omani supplier lead times normalizing, Strait of Hormuz reopened and regional logistics stabilizing” and “Data-center flange (large diameter) lead times are getting much longer as demand outpaces supply.”

The 14 industries reporting slower deliveries in June — in the following order — are: Agriculture, Forestry, Fishing & Hunting; Mining; Wholesale Trade; Health Care & Social Assistance; Other Services; Accommodation & Food Services; Information; Transportation & Warehousing; Management of Companies & Support Services; Construction; Public Administration; Professional, Scientific & Technical Services; Finance & Insurance; and Educational Services. The two industries reporting a decrease in employment in June are: Real Estate, Rental & Leasing; and Utilities.","The Inventories Index expanded for the fifth month in a row, registering 51.2 percent, an 11.3-percentage point decrease compared to the 62.5 percent reported in May. Of the total respondents in June, 27 percent indicated they do not have inventories or do not measure them. Comments from respondents include: “Incrementally higher due to capacity planned items with suppliers, causing us to have more on hand for future needs” and “Getting ready for annual physical inventories across all sites, so running leaner for counting purposes.”

The six industries reporting an increase in inventories in June — in the following order — are: Mining; Professional, Scientific & Technical Services; Information; Health Care & Social Assistance; Retail Trade; and Wholesale Trade. The seven industries reporting a decrease in inventories in June — in the following order — are: Other Services; Finance & Insurance; Construction; Educational Services; Management of Companies & Support Services; Public Administration; and Utilities.","The ISM® Services Inventory Sentiment Index was in expansion (or “too high”) territory for the 38th consecutive month in June; the reading of 52.6 percent is a decrease of 2.6 percentage points compared to May’s figure of 55.2 percent. This reading indicates that respondents feel their companies’ inventory levels are too high when correlated to business requirements.

The nine industries reporting sentiment that their inventories were too high in June, in order, are: Other Services; Mining; Wholesale Trade; Accommodation & Food Services; Agriculture, Forestry, Fishing & Hunting; Retail Trade; Construction; Utilities; and Health Care & Social Assistance. The two industries reporting a decrease in inventory sentiment in June are: Finance & Insurance; and Professional, Scientific & Technical Services. Seven industries reported no change in inventory sentiment in June.","Prices paid by services organizations for materials and services increased in June for the 109th consecutive month. The Prices Index registered 67.7 percent, a decrease of 3.6 percentage points from May’s reading of 71.3 percent, maintaining its 12-month average reading at 68 percent.

Sixteen industries reported an increase in prices paid during the month of June, in the following order: Accommodation & Food Services; Wholesale Trade; Construction; Other Services; Public Administration; Professional, Scientific & Technical Services; Information; Educational Services; Finance & Insurance; Arts, Entertainment & Recreation; Real Estate, Rental & Leasing; Mining; Transportation & Warehousing; Health Care & Social Assistance; Utilities; and Management of Companies & Support Services. No industries reported a decrease in prices paid.","The ISM ® Services Backlog of Orders Index registered 54.9 percent, a 3.6-percentage point increase compared to the 51.3 percent reported in May and its highest level since February (55.9 percent). The index has been in expansion territory for five straight months. Of the total respondents in June, 29 percent indicated they do not measure backlog of orders. Respondent comments include: “Summer travel season has commenced” and “Data center work.”

The eight industries reporting an increase in order backlogs in June — in the following order — are: Real Estate, Rental & Leasing; Other Services; Accommodation & Food Services; Finance & Insurance; Professional, Scientific & Technical Services; Educational Services; Transportation & Warehousing; and Wholesale Trade. The seven industries reporting a decrease in order backlogs in June — in the following order — are: Agriculture, Forestry, Fishing & Hunting; Mining; Management of Companies & Support Services; Information; Construction; Utilities; and Health Care & Social Assistance.","Orders and requests for services and other non-manufacturing activities to be provided outside of the U.S. by domestically based companies expanded in June. The New Export Orders Index registered 50.4 percent, up 0.4 percentage point compared to the May reading of 50 percent. Of the total respondents in June, 40 percent indicated they do not perform, or do not separately measure, orders for work outside of the U.S. Respondent comments include: “Mainly driven by Latin America and Europe” and “Lower cost products are in higher demand.”

The three industries reporting an increase in new export orders in June are: Arts, Entertainment & Recreation; Mining; and Professional, Scientific & Technical Services. The five industries reporting a decrease in new export orders in June are: Construction; Health Care & Social Assistance; Finance & Insurance; Utilities; and Accommodation & Food Services. Ten industries reported no change in exports in June.","The Imports Index dropped into contraction territory in June after four months in expansion, registering 49.4 percent, 1.7 percentage points lower than the 51.1 percent reported in May. Of the total respondents in June, 36 percent reported that they do not use, or do not track the use of, imported materials. Respondent comments include: “Imports were not down in volume terms but became significantly more expensive, especially energy-linked imports, due to the U.S.-Iran war; hoping the cost of imports will decrease in the coming weeks (after the ceasefire)” and “Sourcing more equipment regionally to mitigate costs of tariffs.”

The five industries reporting an increase in imports for the month of June are: Arts, Entertainment & Recreation; Transportation & Warehousing; Professional, Scientific & Technical Services; Accommodation & Food Services; and Wholesale Trade. The four industries reporting a decrease in imports in June are: Other Services; Educational Services; Management of Companies & Support Services; and Health Care & Social Assistance. Nine industries reported no change in imports in June."
2026-05-01,services,https://www.ismworld.org/supply-management-news-and-reports/reports/ism-pmi-reports/services/may/,May 2026 ISM ® Services PMI ® Report,"(Tempe, Arizona) — Economic activity in the services sector continued to expand in May , say the nation’s purchasing and supply executives in the latest ISM ® Services PMI ® Report . The Services PMI ® registered 54.5 percent, the 23rd consecutive month in expansion territory.

The report was issued today by Steve Miller, CPSM, CSCP, Chair of the Institute for Supply Management ® (ISM ® ) Services Business Survey Committee: “In May, the Services PMI ® registered 54.5 percent, an increase of 0.9 percentage point compared to April’s figure of 53.6 percent. The Business Activity Index remained in expansion territory in May, increasing 1.8 percentage points to 57.7 percent from April’s reading of 55.9 percent. The New Orders Index registered 57.3 percent, 3.8 percentage points above April’s figure of 53.5 percent and 2.6 percentage points higher than its 12-month average reading of 54.7 percent. The Employment Index contracted for the third month in a row with a reading of 47.9 percent, a 0.1-percentage point decrease from the 48 percent recorded in April; of the four subindexes that make up the composite PMI ® , it is the only one that remains below its 12-month moving average,” says Miller.

“The Supplier Deliveries Index registered 55.2 percent, 1.6 percentage points lower than the 56.8 percent recorded in April. This is the 18th consecutive month that the index has been in expansion territory, indicating slower supplier delivery performance. (Supplier Deliveries is the only ISM ® PMI ® Reports index that is inversed; a reading of above 50 percent indicates slower deliveries, which is typical as the economy improves and customer demand increases.)

“The Prices Index increased to 71.3 percent in May, 0.6 percentage point above April’s figure of 70.7 percent and recording its highest reading since August 2022 (72.6 percent). The index has exceeded 60 percent for 18 straight months, increasing its 12-month average from 67.7 percent to 68 percent. Diesel, gasoline, oil and related commodities were once again most frequently mentioned as up in price in May.

“The Inventories Index registered 62.5 percent, up 9.4 percentage points from April’s figure of 53.1 percent and equaling May 2010 as its highest reading since Services PMI ® data collection began in 1997. The Inventory Sentiment Index expanded for the 37th consecutive month, registering 55.2 percent, up only 0.1 percentage point from April’s figure of 55.1 percent. The Backlog of Orders Index remained in expansion territory for a fourth straight month, registering 51.3 percent in May, down 1.7 percentage points from the April figure of 53 percent; this is the index’s third consecutive decrease from February’s reading of 55.9 percent. The New Export Orders and Imports indexes both remained at 50 percent or above for the fourth month in a row. The New Export Orders Index decreased by 2.1 percentage points from 52.1 percent in April to 50 percent in May, and the Imports Index registered 51.1 percent, a decrease of 3.6 percentage points compared to its April reading of 54.7 percent. Both the New Export Orders and Imports indexes registered above their 12-month moving averages.

“Seventeen industries reported growth in May, three more than in April, and the number reporting contraction dropped to one, a decrease of two from April. The May Services PMI ® reading of 54.5 percent is 1.7 percentage points above the 12-month average of 52.8 percent. That average is an uptick of 0.3 percentage point over April’s 12-month average of 52.5 percent.”

Miller continues, “May’s Services PMI ® is the fifth month in a row with an increase in the 12-month PMI ® average, up 1.1 percentage points from 51.7 percent in December 2025 to its current 52.8 percent. The Prices Index increased to 71.3 percent, its highest reading since August 2022 (72.6 percent). In this month’s report, petroleum-related products were mentioned as a commodity up in price, a dynamic panelists had not yet reported in April. The Supplier Deliveries Index continued to indicate slower performance; while it eased by dropping 1.6 percentage points in May, its reading of 55.2 is still 2.1 points above its 12-month average.

“Business activity hit its second highest reading since achieving the same reading of 57.7 percent in October 2024, and the New Orders and Supplier Deliveries indexes hit their third highest readings in that time frame. The Employment index, however, hit its second lowest reading since September 2025, 0.5 percentage point below its 12-month average. Respondents commented frequently that their companies had instituted hiring freezes or were not backfilling vacated positions, however, most industries reported that they were holding flat in employment month over month. Respondents reporting that new orders were higher than last month most frequently attributed this to seasonality.

“For the third month in a row, no commodities in the report listed as down in price, with multimonth runs of being up in price for aluminum, copper, diesel, gasoline, software licensing and transportation. Although the Inventories index hit its highest level ever, tied with its reading in May 2010, the Inventory Sentiment was only 0.2 percentage point above its 12-month average. Despite the 9.4-percentage point increase in the Inventories Index compared to April, a 0.1 percentage point increase in the Inventory Sentiment Index indicates respondent confidence that business activity will remain strong amid higher costs, so expanding inventories are not of concern.”

The 17 services industries reporting growth in May — listed in order — are: Wholesale Trade; Other Services; Arts, Entertainment & Recreation; Construction; Information; Agriculture, Forestry, Fishing & Hunting; Mining; Professional, Scientific & Technical Services; Public Administration; Accommodation & Food Services; Utilities; Retail Trade; Transportation & Warehousing; Finance & Insurance; Management of Companies & Support Services; Educational Services; and Health Care & Social Assistance. The only industry reporting a contraction in the month of May is Real Estate, Rental & Leasing.","[""“We are seeing the dual effects of the administration’s tariff policy dynamics and the conflict in the Persian Gulf affect our pricing. Suppliers across numerous industries are trying to pass price increases for fuel surcharges and increased input costs for resin-based products and the like. This is the definition of inflationary pressure starting to affect us. We expect significant cost increases to impact us by late second quarter (Q2) and definitely in Q3.” [Accommodation & Food Services]"", ""“Starting to see increased supply constraints and associated price increases, especially for construction materials and computers like laptops and tablets.” [Educational Services]"", ""“Patient volumes and activity remain high, employment is steady and supply chains are operating effectively. There are some product lines on allocation as a direct result of the Middle East conflict; however, the current state is manageable. Another concerning factor on the horizon: the current drop-out rate on Affordable Care Act (ACA) health insurance plans after the federal subsidy was eliminated as of January 1. Year-to-date dropout rates are approaching 14 percent, indicating we may be seeing a potential increase in uninsured patients in the foreseeable future. The short-term forecast is cautious optimism.” [Health Care & Social Assistance]"", ""“The groundwood paper market remains tight. The announced sale of Norpac to International Paper has caused some tightness. We figure intellectual property issues will eventually take Norpac out of the book market. Freight remains expensive, with gas prices and fuel surcharges starting to come through.” [Information]"", ""“Effective commodity prices (oil) have increased about 20 percent so far in 2026.” [Mining]"", ""“Due to rising fuel costs, a major distributor has decided to hold freight with resellers until a new contract is negotiated that addresses these increased expenses. Unfortunately, this means there will be delays that will impact our internal projects.” [Public Administration]"", ""“Supply chain reliability for aviation parts and consumables has generally improved, but volatility in jet fuel prices — driven by geopolitical and logistics disruptions — continues to complicate forecasting and inventory planning. Wage inflation and a tight labor market for skilled personnel are increasing supplier service costs, and growing sustainability expectations are raising demand (and cost) for sustainable aviation fuel, with availability still uneven by region. Overall, conditions are more stable than during the peak of supply chain disruptions, but elevated fuel, labor and sustainability-related costs remain key factors shaping our purchasing strategy and industry outlook.” [Transportation & Warehousing]"", ""“Inflationary pressures continue to impact pricing in certain categories. General concern over supply continuity due to unprecedented demand continues in the utility space.” [Utilities]"", ""“Capital expenditure energy projects continue to be delayed or revamped based on macroeconomic factors. Data center power generation projects are driving demand and reducing available inventory across the piping market.” [Wholesale Trade]""]","In May, the Services PMI ® registered 54.5 percent, 1.7 percentage points above its 12-month moving average of 52.8 percent. A reading above 50 percent indicates the services sector economy is generally expanding; below 50 percent indicates it is generally contracting.

A Services PMI ® above 48.1 percent, over time, generally indicates an expansion of the overall economy. Therefore, the May Services PMI ® indicates the overall economy is expanding for the 72nd straight month. Miller says, “The past relationship between the Services PMI ® and the overall economy indicates that the Services PMI ® for May (54.5 percent) corresponds to a 2-percentage point increase in real gross domestic product (GDP) on an annualized basis.”","ISM ® ’s Business Activity Index continued in expansion in May; the reading of 57.7 percent is 1.8 percentage points higher than the 55.9 percent recorded in April. May’s reading is 2.7 percentage points above its 12-month moving average of 55 percent. Comments from respondents include: “Many capital projects are in progress at this time, with strong forecasts for more major projects upcoming” and “With business activity is increasing amid demand for data centers, commercial growth and infrastructure, we are researching increasing generation capacity and new technologies.”

The 16 industries reporting an increase in business activity for the month of May — listed in order — are: Arts, Entertainment & Recreation; Other Services; Wholesale Trade; Construction; Agriculture, Forestry, Fishing & Hunting; Mining; Information; Professional, Scientific & Technical Services; Accommodation & Food Services; Transportation & Warehousing; Finance & Insurance; Public Administration; Management of Companies & Support Services; Utilities; Educational Services; and Health Care & Social Assistance. The only industry reporting a decrease in business activity in the month of May is Retail Trade.","ISM ® ’s New Orders Index remained in expansion territory at 57.3 percent in May, 3.8 percentage points higher than the reading of 53.5 percent in April. The index has expanded for 12 consecutive months. Comments from respondents include: “Increased activity with spring weather” and “The industry struggles with lower consumer sentiment and higher mortgage rates.”","Employment activity in the services sector remained in contraction in May for a third month in a row. The Employment Index registered 47.9 percent, down 0.1 percentage point from the April figure of 48 percent and 0.5 percentage point below its 12-month average of 48.4 percent. Comments from respondents include: “Increasing door to door sales to acquire new business” and “High turnover in R&D and operations — some leaving for new opportunities, others due to continued return-to-office mandates, and one in a supply planning role due to AI advancements.”

The six industries reporting an increase in employment in May — listed in order — are: Construction; Retail Trade; Wholesale Trade; Utilities; Information; and Professional, Scientific & Technical Services. The 10 industries reporting a decrease in employment in May — listed in order — are: Real Estate, Rental & Leasing; Management of Companies & Support Services; Agriculture, Forestry, Fishing & Hunting; Other Services; Accommodation & Food Services; Educational Services; Transportation & Warehousing; Public Administration; Health Care & Social Assistance; and Finance & Insurance.","In May, the Supplier Deliveries Index indicated slower performance for the 18th month in a row. The index registered 55.2 percent, down 1.6 percentage points from the 56.8 percent recorded in April. A reading above 50 percent indicates slower deliveries, while a reading below 50 percent indicates faster deliveries. Comments from respondents include: “Freight capacity limitations cited” and “Significant lead times for products like electrical equipment, generators and some mechanical and control systems.”

The 14 industries reporting slower deliveries in May — in the following order — are: Agriculture, Forestry, Fishing & Hunting; Mining; Other Services; Real Estate, Rental & Leasing; Wholesale Trade; Information; Health Care & Social Assistance; Management of Companies & Support Services; Construction; Transportation & Warehousing; Public Administration; Professional, Scientific & Technical Services; Educational Services; and Utilities. No industries reported faster supplier deliveries for the month of May.","The Inventories Index expanded for the fourth month in a row, registering 62.5 percent, a 9.4-percentage point increase compared to the 53.1 percent reported in April. Of the total respondents in May, 28 percent indicated they do not have inventories or do not measure them. Comments from respondents include: “Inventory up slightly from the previous month, but increased consumption offset the effect of the increase, as we had higher inventory turns” and “Strong orders fueling need to supply projects as well as replenish stocking inventory.”

The 12 industries reporting an increase in inventories in May — in the following order — are: Real Estate, Rental & Leasing; Public Administration; Accommodation & Food Services; Professional, Scientific & Technical Services; Management of Companies & Support Services; Transportation & Warehousing; Construction; Retail Trade; Health Care & Social Assistance; Information; Utilities; and Wholesale Trade. The four industries reporting a decrease in inventories in May are: Other Services; Finance & Insurance; Agriculture, Forestry, Fishing & Hunting; and Educational Services.","The ISM ® Services Inventory Sentiment Index was in expansion (or “too high”) territory for the 37th consecutive month in May; the reading of 55.2 percent is an increase of 0.1 percentage point compared to April’s figure of 55.1 percent. This reading indicates that respondents feel their companies’ inventory levels are too high when correlated to business requirements.

The 10 industries reporting sentiment that their inventories were too high in May, in order, are: Mining; Accommodation & Food Services; Wholesale Trade; Retail Trade; Construction; Other Services; Utilities; Health Care & Social Assistance; Management of Companies & Support Services; and Transportation & Warehousing. The two industries reporting a decrease in inventory sentiment in May are: Information; and Finance & Insurance. Six industries reported no change in inventory sentiment in May.","Prices paid by services organizations for materials and services increased in May for the 108th consecutive month. The Prices Index registered 71.3 percent, an increase of 0.6 percentage point over April’s reading of 70.7, raising its 12-month average reading by 0.3 percentage point, from 67.7 percent to 68 percent. This is the highest average reading since April 2023 (69.9 percent).

All 18 industries reported an increase in prices paid during the month of May, in the following order: Construction; Mining; Arts, Entertainment & Recreation; Professional, Scientific & Technical Services; Accommodation & Food Services; Other Services; Wholesale Trade; Information; Public Administration; Transportation & Warehousing; Educational Services; Management of Companies & Support Services; Real Estate, Rental & Leasing; Finance & Insurance; Utilities; Health Care & Social Assistance; Agriculture, Forestry, Fishing & Hunting; and Retail Trade.","The ISM ® Services Backlog of Orders Index registered 51.3 percent, a 1.7-percentage point decrease compared to the 53 percent reported in April. Though the index has been in expansion territory for four straight months, it decreased for the third month in a row. Of the total respondents in May, 27 percent indicated they do not measure backlog of orders. Respondent comments include: “Some delays in packaging from China” and “In manufacturing, backlogs have been gradually shrinking, reflecting slower new order momentum and improved delivery times — but in services, backlogs are mostly stable but easing, as demand growth has cooled from prior periods.”

The four industries reporting an increase in order backlogs in May are: Other Services; Real Estate, Rental & Leasing; Wholesale Trade; and Construction. The five industries reporting a decrease in order backlogs in May are: Retail Trade; Health Care & Social Assistance; Finance & Insurance; Educational Services; and Professional, Scientific & Technical Services. Nine industries reported no change in backlog of orders in the month of May.","Orders and requests for services and other non-manufacturing activities to be provided outside of the U.S. by domestically based companies was unchanged in May. The New Export Orders Index registered 50 percent, down 2.1 percentage points compared to the April reading of 52.1 percent. Of the total respondents in May, 39 percent indicated they do not perform, or do not separately measure, orders for work outside of the U.S. Respondent comments include: “New work orders from outside are generally flat to slightly declining, due to slower global demand, higher interest rates and unstable global political situation” and “Iran conflict has had a negative impact on flights in the region.”

The five industries reporting an increase in new export orders in May are: Mining; Other Services; Utilities; Transportation & Warehousing; and Professional, Scientific & Technical Services. The four industries reporting a decrease in new export orders in May are: Public Administration; Construction; Accommodation & Food Services; and Wholesale Trade. Nine industries reported no change in exports in May.","The Imports Index remained in expansion territory in May for the fourth month in a row, registering 51.1 percent, 3.6 percentage points lower than the 54.7 percent reported in April. Of the total respondents in May, 37 percent reported that they do not use, or do not track the use of, imported materials. Respondent comments include: “Equipment required for production sites” and “Process equipment has long lead times and will not be delivered for at least a year from now.”

The two industries reporting an increase in imports for the month of May are: Other Services; and Professional, Scientific & Technical Services. The only industry reporting a decrease in imports in May is Educational Services. Fifteen industries reported no change in imports in May."
2026-04-01,services,https://www.ismworld.org/supply-management-news-and-reports/reports/ism-pmi-reports/services/april/,April 2026 ISM ® Services PMI ® Report,"(Tempe, Arizona) — Economic activity in the services sector continued to expand in April , say the nation’s purchasing and supply executives in the latest ISM ® Services PMI ® Report . The Services PMI ® registered 53.6 percent, the 22nd consecutive month in expansion territory.

The report was issued today by Steve Miller, CPSM, CSCP, Chair of the Institute for Supply Management ® (ISM ® ) Services Business Survey Committee: “In April, the Services PMI ® registered 53.6 percent, a decrease of 0.4 percentage point compared to March’s figure of 54 percent. The Business Activity Index remained in expansion territory in April, increasing 2 percentage points to 55.9 percent from March’s reading of 53.9 percent. The New Orders Index registered 53.5 percent, 7.1 percentage points below March’s figure of 60.6 percent and 0.4 percentage point below its 12-month average reading of 53.9 percent. The Employment Index contracted for the second month in a row with a reading of 48 percent, a 2.8-percentage point increase from the 45.2 percent recorded in March,” says Miller.

“The Supplier Deliveries Index registered 56.8 percent, 0.6 percentage point higher than the 56.2 percent recorded in March. This is the 17th consecutive month that the index has been in expansion territory, indicating slower supplier delivery performance. (Supplier Deliveries is the only ISM ® PMI ® Reports index that is inversed; a reading of above 50 percent indicates slower deliveries, which is typical as the economy improves and customer demand increases.)

“The Prices Index held steady at 70.7 percent in April, the same as March’s figure and repeating its highest reading since October 2022 (70.7 percent). The index has exceeded 60 percent for 17 straight months, increasing its 12-month average from 67.2 percent to 67.7 percent. Diesel, gasoline, oil and related price increases were the most frequently mentioned commodities up in price in April.

“The Inventories Index registered 53.1 percent, down 1.7 percentage points from March’s figure of 54.8 percent and its second straight month-over-month decrease. The Inventory Sentiment Index expanded for the 36th consecutive month, registering 55.1 percent, up 0.8 percentage point from March’s figure of 54.3 percent, 0.6 point below its 12-month average. The Backlog of Orders Index remained in expansion territory for a third straight month for the first time since February 2023, registering 53 percent in April, a 0.6-percentage point decrease from the March figure of 53.6 percent. The New Export Orders and Imports indexes both remained in expansion territory for the third month in a row. The New Export Orders Index increased to 52.1 percent, 1.4 percentage points above its March reading of 50.7 percent, and the Imports Index registered 54.7 percent, a decrease of 0.5 percentage point compared to its March reading of 55.2 percent.

“Fourteen industries reported growth in April, one more than in March, and the number reporting contraction remained at three. The April Services PMI ® reading of 53.6 percent is 1.1 percentage points above the 12-month average of 52.5 percent. That average is an uptick of 0.2 percentage point over March’s 12-month average of 52.3 percent.”

Miller continues, “April’s Services PMI ® features the fourth month in a row with an increase in the 12-month PMI ® average, up 0.8 percentage point from 51.7 percent in December 2025 to its current 52.5 percent. The Prices Index was flat but remained above 70 percent, amid sustained higher oil and fuel costs. The Supplier Deliveries Index indicated slower performance compared to March, coming in at 3.9 percentage points above its 12-month average. Increases in the Business Activity, Supplier Deliveries, and Employment indexes were more than offset by a 7.1 percentage point drop in the New Orders Index. Ongoing commentary that increased ordering is related to getting ahead of future price increases seems to have been more applicable to March than April; however, the Backlog of Orders Index remained in expansion territory, well above its 12-month average of 46.4 percent.

“Exports and imports activity remains strong and have expanded for three months in a row for the first time since a four-month run from July through October 2024. For the second month in a row, there are no commodities in the report listed as down in price, with aluminum, copper, lumber, petroleum products and software licensing continuing multimonth runs of being up in price. There were several comments from respondents stating that they have yet to see petroleum price increases impacting petroleum-related products, so we expect to see continued elevated readings for the Prices Index for several months — regardless of when the conflict in Iran ends — due to these costs working their ways through global supply chains.”

The 14 services industries reporting growth in April — listed in order — are: Other Services; Wholesale Trade; Management of Companies & Support Services; Mining; Information; Construction; Accommodation & Food Services; Professional, Scientific & Technical Services; Utilities; Finance & Insurance; Transportation & Warehousing; Educational Services; Health Care & Social Assistance; and Public Administration. The three industries reporting a contraction in the month of April are: Agriculture, Forestry, Fishing & Hunting; Real Estate, Rental & Leasing; and Retail Trade.","[""“Spring selling season for the homebuilding construction market is here, but interest rates, inflation, and oil supply issues are keeping buyers on the fence. Discounts and rate buy-downs remain the driver of sales, as affordability continues to be the hinderance for buyers. Cost cutting and value-engineering have reduced costs to pre-coronavirus pandemic levels, but inflation and rising oil prices threaten that hard work. Fuel surcharges, previously whispers, have become requests.” [Construction]"", ""“First quarter 2026 finished strong for tertiary care and beat revenue expectations by 6 percent, patient volumes remain strong, and labor is holding steady. Despite macroeconomic concerns, supply chains remained resilient, yielding few significant back orders and functioning quite well compared to expectations. Geopolitical concerns remain in play for the near term, though thus far have had little if any impact on operations. Forecast is good for the next quarter.” [Health Care & Social Assistance]"", ""“The war has caused many banking customers to back off equipment purchases and other spending. Just as the recovery was under way, it is now turning off. Not a good thing.” [Management of Companies & Support Services]"", ""“For ongoing projects, we are anticipating a 7 percent to 9 percent increase in expenses, primarily driven by the current local political environment. While projects in Western Hemisphere markets remain relatively stable in the short term, the broader global geopolitical landscape is expected to exert pressure over the medium to long term. We estimate that market normalization and cost recovery will require approximately 12 to 18 months.” [Mining]"", ""“Our services sector continues to expand, supported by strong new orders, but softer employment and rising input costs are shaping a more cautious outlook. Clients are prioritizing efficiency, risk management and strategic advisory, driving sustained demand across our core accounting and consulting offerings.” [Professional, Scientific & Technical Services]"", ""“Bracing for significant impacts due to increasing fuel costs. Expenditures for city fleet have increased, and we are starting to see fuel surcharges from suppliers. Actually, we are surprised that supplier fuel surcharges have not been more robust.” [Public Administration]"", ""“Housing sales slowed in March, and the residential real estate market is still well below historical norms. If sales continue at the current rate for the rest of 2026, 3.98 million homes would be sold, the lowest since 1995. A prolonged conflict could maintain structural pressure on rates for 12 to 18 months.” [Real Estate, Rental & Leasing]"", ""“Current business conditions continue to place pressure on purchasing operations due primarily to ongoing supply chain volatility, elevated transportation costs and inflation-driven pricing from key suppliers.” [Transportation & Warehousing]"", ""“Business conditions in the transmission and distribution utility sector remain stable to slightly expanding, supported by ongoing grid modernization and infrastructure investment. Activity continues to be influenced by tariffs and elevated input costs, particularly in copper, aluminum, and steel, which are driving sustained pricing pressure across key materials. Supply chain conditions have improved modestly; however, lead times for critical equipment remain extended. Utilities are mitigating risk through early procurement, supplier diversification and strategic inventory positioning. The overall outlook remains positive despite cost and supply pressures.” [Utilities]"", ""“Activity level and project activity remains high in most verticals. Data centers are front and center and show no signs of slowing down.” [Wholesale Trade]""]","In April, the Services PMI ® registered 53.6 percent, 1.1 percentage points above its 12-month moving average of 52.5 percent. A reading above 50 percent indicates the services sector economy is generally expanding; below 50 percent indicates it is generally contracting.

A Services PMI ® above 48.1 percent, over time, generally indicates an expansion of the overall economy. Therefore, the April Services PMI ® indicates the overall economy is expanding for the 71st straight month. Miller says, “The past relationship between the Services PMI ® and the overall economy indicates that the Services PMI ® for April (53.6 percent) corresponds to a 1.7-percentage point increase in real gross domestic product (GDP) on an annualized basis.”","ISM ® ’s Business Activity Index continued in expansion in April; the reading of 55.9 percent is 2 percentage points higher than the 53.9 percent recorded in March. April’s reading is 1.5 percentage points above its 12-month moving average of 54.4 percent. Comments from respondents include: “Activity is higher primarily due to steady seasonal demand, increased flight volume and fewer operational disruptions compared to the prior month” and “Farmers reducing purchases for spring crops due to extremely high fertilizer cost; they are reluctant to plant spring crops due to extreme drought conditions.”

The 14 industries reporting an increase in business activity for the month of April — listed in order — are: Management of Companies & Support Services; Other Services; Wholesale Trade; Mining; Information; Construction; Utilities; Accommodation & Food Services; Educational Services; Finance & Insurance; Professional, Scientific & Technical Services; Health Care & Social Assistance; Transportation & Warehousing; and Real Estate, Rental & Leasing. No industries reported a decrease in business activity.","ISM ® ’s New Orders Index remained in expansion territory at 53.5 percent in April, 7.1 percentage points lower than the reading of 60.6 percent in March. The index has expanded in 38 of the last 40 months. Comments from respondents include: “Everything is higher, because orders are trying to be placed before prices go higher” and “Middle East conflict is creating demand for domestic products.”","Employment activity in the services sector remained in contraction in April for a second month in a row. The Employment Index registered 48 percent, up 2.8 percentage points from the March figure of 45.2 percent and 0.6 percentage point below its 12-month average of 48.6 percent. Comments from respondents include: “We are experiencing large capital investment projects, requiring an increase in sourcing and material purchasing as well as head count” and “Beyond layoffs from the end of the year, there has been an uptick in attrition.”

The eight industries reporting an increase in employment in April — listed in order — are: Construction; Other Services; Wholesale Trade; Transportation & Warehousing; Utilities; Professional, Scientific & Technical Services; Accommodation & Food Services; and Finance & Insurance. The six industries reporting a decrease in employment in April — listed in order — are: Mining; Public Administration; Real Estate, Rental & Leasing; Retail Trade; Information; and Educational Services.","In April, the Supplier Deliveries Index indicated slower performance for the 17th month in a row. The index registered 56.8 percent, up 0.6 percentage point from the 56.2 percent recorded in March. A reading above 50 percent indicates slower deliveries, while a reading below 50 percent indicates faster deliveries. Comments from respondents include: “Generally same delivery performance; however, we are expediting deliveries out of the Middle East conflict zone” and “Supplier deliveries have slowed slightly, reflecting transportation delays, longer lead times for certain materials, and ongoing supply chain adjustments.”

The 13 industries reporting slower deliveries in April — in the following order — are: Mining; Public Administration; Professional, Scientific & Technical Services; Other Services; Health Care & Social Assistance; Information; Accommodation & Food Services; Wholesale Trade; Educational Services; Real Estate, Rental & Leasing; Finance & Insurance; Utilities; and Transportation & Warehousing. The only industry reporting faster supplier deliveries for the month of April is Agriculture, Forestry, Fishing & Hunting.","The Inventories Index expanded for the third month in a row and fifth time in the last six months, registering 53.1 percent, a 1.7-percentage point decrease compared to the 54.8 percent reported in March. Of the total respondents in April, 30 percent indicated they do not have inventories or do not measure them. Comments from respondents include: “Delay in replacing fertilizer for inventory due to significantly higher prices” and “With newsprint in extremely short supply, we have to be creative to move paper around to be able to produce our newspapers; the cause of the shortage is primarily due to mill closures and conversions to more profitable packaging production.”

The 10 industries reporting an increase in inventories in April — in the following order — are: Accommodation & Food Services; Professional, Scientific & Technical Services; Other Services; Real Estate, Rental & Leasing; Wholesale Trade; Public Administration; Retail Trade; Educational Services; Utilities; and Transportation & Warehousing. The six industries reporting a decrease in inventories in April, in order, are: Mining; Finance & Insurance; Construction; Management of Companies & Support Services; Agriculture, Forestry, Fishing & Hunting; and Health Care & Social Assistance.","The ISM ® Services Inventory Sentiment Index was in expansion (or “too high”) territory for the 36th consecutive month in April; the reading of 55.1 percent is an increase of 0.8 percentage point compared to March’s figure of 54.3 percent. This reading indicates that respondents feel their companies’ inventory levels are too high when correlated to business requirements.

The five industries reporting sentiment that their inventories were too high in April are: Retail Trade; Other Services; Wholesale Trade; Utilities; and Health Care & Social Assistance. The four industries reporting a decrease in inventory sentiment in April are: Real Estate, Rental & Leasing; Mining; Management of Companies & Support Services; and Agriculture, Forestry, Fishing & Hunting. Nine industries reported no change in inventory sentiment in April.","Prices paid by services organizations for materials and services increased in April for the 107th consecutive month. The Prices Index registered 70.7 percent, the same as recorded in March, raising its 12-month average reading by 0.5 percentage point from 67.2 percent to 67.7 percent. This is the highest average reading since May 2023 (67.8 percent).

All 18 industries reported an increase in prices paid during the month of April, in the following order: Wholesale Trade; Transportation & Warehousing; Construction; Information; Management of Companies & Support Services; Public Administration; Arts, Entertainment & Recreation; Educational Services; Mining; Professional, Scientific & Technical Services; Utilities; Real Estate, Rental & Leasing; Finance & Insurance; Accommodation & Food Services; Agriculture, Forestry, Fishing & Hunting; Other Services; Retail Trade; and Health Care & Social Assistance.","The ISM ® Services Backlog of Orders Index was in expansion territory for the third month in a row. The reading of 53 percent was a 0.6-percentage point decrease compared to the 53.6 percent reported in March. Of the total respondents in April, 31 percent indicated they do not measure backlog of orders. Respondent comments include: “Project activity is not slowing down” and “We are facing increasing competition and strong competitive pricing pressures.”

The seven industries reporting an increase in order backlogs in April — listed in order — are: Real Estate, Rental & Leasing; Information; Wholesale Trade; Utilities; Professional, Scientific & Technical Services; Health Care & Social Assistance; and Finance & Insurance. The three industries reporting a decrease in order backlogs in April are: Mining; Management of Companies & Support Services; and Construction. Eight industries reported no change in backlog of orders in the month of April.","Orders and requests for services and other non-manufacturing activities to be provided outside of the U.S. by domestically based companies expanded for a third straight month in April. The New Export Orders Index registered 52.1 percent, up 1.4 percentage points compared to the March reading of 50.7 percent. Of the total respondents in April, 42 percent indicated they do not perform, or do not separately measure, orders for work outside of the U.S. Respondent comments include: “Iran War is causing hesitation to do international work” and “Requests for goods and services slightly higher; budget monies being used that were on hold toward the end of last year.”

The six industries reporting an increase in new export orders in April — in the following order — are: Mining; Utilities; Finance & Insurance; Information; Professional, Scientific & Technical Services; and Wholesale Trade. The six industries reporting a decrease in new export orders in April, in order, are: Public Administration; Construction; Accommodation & Food Services; Educational Services; Transportation & Warehousing; and Health Care & Social Assistance. Six industries reported no change in exports in April.","The Imports Index remained in expansion territory in April for the third month in a row and fourth time in the last five months, registering 54.7 percent, 0.5 percentage point lower than the 55.2 percent reported in March. Of the total respondents in April, 38 percent reported that they do not use, or do not track the use of, imported materials. Respondent comments include: “Inventory positioning to ensure continuity of supply for materials and services” and “Fuel and transportation costs increased compared to the previous month, creating upward pressure on overall purchasing and logistics expenses.” Also, “Higher fuel prices and capacity tightening have resulted in increased carrier surcharges and higher spot market rates, particularly for time-sensitive and long-haul shipments; these conditions continue to impact total landed costs and require closer coordination with suppliers and logistics providers.”

The seven industries reporting an increase in imports for the month of April, in order, are: Accommodation & Food Services; Agriculture, Forestry, Fishing & Hunting; Wholesale Trade; Professional, Scientific & Technical Services; Health Care & Social Assistance; Information; and Utilities. The three industries reporting a decrease in imports in April are: Public Administration; Mining; and Educational Services. Eight industries reported no change in imports in April."
2026-03-01,services,https://www.ismworld.org/supply-management-news-and-reports/reports/ism-pmi-reports/services/march/,March 2026 ISM ® Services PMI ® Report,"(Tempe, Arizona) — Economic activity in the services sector continued to expand in March , say the nation’s purchasing and supply executives in the latest ISM ® Services PMI ® Report . The Services PMI ® registered 54 percent, the 21st consecutive month in expansion territory.

The report was issued today by Steve Miller, CPSM, CSCP, Chair of the Institute for Supply Management ® (ISM ® ) Services Business Survey Committee: “In March, the Services PMI ® registered 54 percent, a decrease of 2.1 percentage points compared to February’s figure of 56.1 percent and its second-highest reading since October 2024 (55.5 percent). The Business Activity Index remained in expansion territory in March but dropped from February’s reading of 59.9 percent to 53.9 percent, its lowest reading since September 2025 (50.2 percent). The New Orders Index registered 60.6 percent, 2 percentage points above February’s figure of 58.6 percent and its highest level since February 2023 (61 percent). The Employment Index contracted for the first time in four months with a reading of 45.2 percent, a 6.6-percentage point decrease from the 51.8 percent recorded in February,” says Miller.

“The Supplier Deliveries Index registered 56.2 percent, 2.3 percentage points higher than the 53.9 percent recorded in February. This is the 16th consecutive month that the index has been in expansion territory, indicating slower supplier delivery performance. (Supplier Deliveries is the only ISM ® PMI ® Reports index that is inversed; a reading of above 50 percent indicates slower deliveries, which is typical as the economy improves and customer demand increases.)

“The Prices Index registered 70.7 percent in March, a 7.7-percentage point increase over February’s figure of 63 percent and its highest reading since October 2022 (70.7 percent). The index has exceeded 60 percent for 16 straight months but is only 3.5 percentage points above its 12-month average of 67.2 percent.

“The Inventories Index registered 54.8 percent in March, a decrease of 1.6 percentage points from February’s figure of 56.4 percent. The Inventory Sentiment Index expanded for the 35th consecutive month, registering 54.3 percent, down 1 percentage point from February’s figure of 55.3 percent and matching its January reading. The Backlog of Orders Index remained in expansion territory for a second straight month for the first time since May 2024, registering 53.6 percent in March, a 2.3-percentage point decrease from the February figure of 55.9 percent. The New Export Orders and Imports indexes both remained in expansion territory for the second month in a row: The New Export Orders Index decreased to 50.7 percent, 6.5 percentage points below its February reading of 57.2 percent, and the Imports Index increased by 3.4 percentage points to 55.2 percent from its February reading of 51.8 percent.

“Thirteen industries reported growth in March, one fewer than in February, and the number reporting contraction remained at three. The March Services PMI ® reading of 54 percent is 1.7 percentage points above the 12-month average of 52.3 percent. This average is an uptick of 0.3 percentage point over February’s 12-month average of 52 percent.”

Miller continues, “March’s Services PMI ® features the third month in a row with an increase in the 12-month PMI ® average, up 0.6 percentage point from 51.7 percent in December 2025 to 52.3 percent. However, six of the 10 subindexes decreased month-over-month. The Prices Index increased, as expected, amid higher oil and fuel costs, and the Supplier Deliveries Index indicated slower performance compared to February, also unsurprisingly with shipping issues and flight disruptions due to the Middle East conflict and winter weather. Continuing strength in business activity, new orders and backlog of orders are positive economic signals, so the Employment Index dropping to its lowest level since December 2023 (43.5 percent) was a surprise.

“There are other signs of economic strength. Exports and imports activity have expanded for two months in a row for the first time since September and October 2024. The predominant commentary this month was about impacts and adjustments due to the conflict with Iran and the expected flow through of higher oil prices at some point. Companies across many industries reported seeing higher gas and diesel pricing, and inventories of multiple goods increased to withstand supply chain disruptions or short-term oil price impacts. Such construction products as lumber, copper and steel were noted as up in price. Although tariff impacts were still noted by panelists, Iran-related impacts dominated the comments in March.”

The 13 services industries reporting growth in March — listed in order — are: Wholesale Trade; Management of Companies & Support Services; Finance & Insurance; Accommodation & Food Services; Transportation & Warehousing; Educational Services; Mining; Construction; Utilities; Other Services; Real Estate, Rental & Leasing; Professional, Scientific & Technical Services; and Information. The three industries reporting a contraction in the month of March are: Retail Trade; Agriculture, Forestry, Fishing & Hunting; and Public Administration.","[""“Tariff rollbacks are resulting in favorable price adjustments, but the news of new implementation is driving continued uncertainty. Snowstorms last month disrupted demand and supplier operations, mostly around the availability of labor. Forecasted seasonal growth is starting to materialize due to daylight savings time and higher temperatures.” [Accommodation & Food Services]"", ""“Transportation disruptions in the Middle East are inhibiting both incoming and outgoing cargoes from the region. While force majeure has been received from several Middle Eastern suppliers, business operations are generally at normal levels and no interruptions, except shipping.” [Construction]"", ""“We are still in cost cutting and operational streamlining mode as technology continues to advance. We have seen more concessions regarding passing through tariff surcharges. We continue to closely monitor the political situation in the Middle East and how ramifications could impact our supply chain and overall costs.” [Finance & Insurance]"", ""“As we close out the first quarter, demand for AI computer infrastructure remains incredibly resilient. Customers have opened their 2026 capital budgets, leading to a strong refresh in new order intake. Operationally, our focus has shifted toward efficiency and margin protection.” [Information]"", ""“Political uncertainty with Iran conflict has resulted in less international business. Domestic business remains consistent with January and February levels.” [Mining]"", ""“We’re seeing some expansion across the services economy with stronger business activity and new orders. Clients remain active on regulatory, tax planning, and risk management initiatives, though persistent pricing pressures and evolving economic conditions continue to shape project prioritization and budgeting.” [Professional, Scientific & Technical Services]"", ""“The war in Iran has added an additional layer of uncertainty on top of an already shaky macroeconomic climate. A spike in inflation due to higher oil prices will reduce purchasing power, affecting every industry.” [Real Estate, Rental & Leasing]"", ""“Recent increases in fuel prices are having a substantial impact on the airline industry, resulting in significantly higher operational costs compared to pricing from just one month ago.” [Transportation & Warehousing]"", ""“Continued volatility in copper, aluminum and steel markets — driven by supply chain constraints and strong infrastructure demand — has increased costs and lead times for electric utility projects. These conditions are influencing purchasing strategies and capital planning across the industry.” [Utilities]"", ""“The U.S.-Israel military operations against Iran have created significant uncertainty for our Omani frankincense imports. Threats to close the Strait of Hormuz and rising war-risk surcharges are pressuring regional logistics costs, even for air freight. Combined with the Supreme Court’s emergency tariffs ruling — which replaced our 10-percent tariff with a 15-percent Section 122 tariff — landed costs have increased materially. We are monitoring regional stability closely and maintaining communication with Omani suppliers.” [Wholesale Trade]""]","In March, the Services PMI ® registered 54 percent, 1.7 percentage points above its 12-month moving average. A reading above 50 percent indicates the services sector economy is generally expanding; below 50 percent indicates it is generally contracting.

A Services PMI ® above 48.1 percent, over time, generally indicates an expansion of the overall economy. Therefore, the March Services PMI ® indicates the overall economy is expanding for the 70th straight month. Miller says, “The past relationship between the Services PMI ® and the overall economy indicates that the Services PMI ® for March (54 percent) corresponds to a 1.9-percentage point increase in real gross domestic product (GDP) on an annualized basis.”","ISM ® ’s Business Activity Index continued in expansion in March; the reading of 53.9 percent is 6 percentage points lower than the 59.9 percent recorded in February. March’s reading is the lowest reading since September 2025 (50.2 percent), and 0.3 percentage point below its 12-month moving average. Comments from respondents include: “Reduced fertilizer sales due to the dramatic cost increases due to the war in Iran” and “Seasonal — we are a retail business, and sales tend to slow in February and March.”

The 11 industries reporting an increase in business activity for the month of March — listed in order — are: Transportation & Warehousing; Wholesale Trade; Educational Services; Management of Companies & Support Services; Finance & Insurance; Accommodation & Food Services; Other Services; Information; Utilities; Professional, Scientific & Technical Services; and Construction. The three industries reporting a decrease in business activity for the month of March are: Retail Trade; Health Care & Social Assistance; and Public Administration.","ISM ® ’s New Orders Index remained in expansion territory at 60.6 percent in March, 2 percentage points higher than the reading of 58.6 percent reported in February. The index has expanded in 37 of the last 39 months. Comments from respondents include: “We are growing due to continued demand for digital transformation, increased reliance on cloud-based solutions, and the need for secure, scalable software platforms” and “Our submission rate is declining in part due to a softening of the commercial property industry.”

The 14 industries reporting an increase in new orders for the month of March — listed in order — are: Real Estate, Rental & Leasing; Wholesale Trade; Management of Companies & Support Services; Transportation & Warehousing; Finance & Insurance; Educational Services; Accommodation & Food Services; Other Services; Professional, Scientific & Technical Services; Information; Utilities; Construction; Public Administration; and Health Care & Social Assistance. The only industry reporting a decrease in new orders for the month of March is Retail Trade.","Employment activity in the services sector returned to contraction in March after three months in expansion territory. The Employment Index registered 45.2 percent, down 6.6 percentage points from the February figure of 51.8 percent. Comments from respondents include: “Lower employment in the U.S., higher in India and other low-cost geographies; H-1B visa salaries have increased as well” and “Staffing levels remain adequate; however, attendance declined by approximately 5 percent compared to the previous month.”

The five industries reporting an increase in employment in March are: Wholesale Trade; Management of Companies & Support Services; Finance & Insurance; Utilities; and Construction. The six industries reporting a decrease in employment in March — listed in order — are: Real Estate, Rental & Leasing; Information; Agriculture, Forestry, Fishing & Hunting; Transportation & Warehousing; Retail Trade; and Public Administration. Seven industries reported no change in employment in the month of March.","In March, the Supplier Deliveries Index indicated slower performance for the 16th month in a row. The index registered 56.2 percent, up 2.3 percentage points from the 53.9 percent recorded in February. A reading above 50 percent indicates slower deliveries, while a reading below 50 percent indicates faster deliveries. Comments from respondents include: “Back orders from suppliers and manufacturers are creating delays” and “A shortage of trucks is slowing down deliveries.”

The 11 industries reporting slower deliveries in March — in the following order — are: Mining; Accommodation & Food Services; Wholesale Trade; Construction; Information; Real Estate, Rental & Leasing; Transportation & Warehousing; Finance & Insurance; Professional, Scientific & Technical Services; Utilities; and Health Care & Social Assistance. The only industry reporting faster supplier deliveries for the month of March is Educational Services. Six industries reported no change in supplier deliveries in the month of March.","The Inventories Index expanded for the second month in a row and fourth time in the last five months, registering 54.8 percent, a 1.6-percentage point decrease compared to the 56.4 percent reported in February. Of the total respondents in March, 28 percent indicated they do not have inventories or do not measure them. Comments from respondents include: “We are purchasing additional inventory to account for geopolitical issues” and “Stockpiling oil-derivative products in case the extended conflict in Iran or closure of the Strait of Hormuz cause supply issues.”

The 11 industries reporting an increase in inventories in March — in the following order — are: Accommodation & Food Services; Mining; Real Estate, Rental & Leasing; Management of Companies & Support Services; Other Services; Professional, Scientific & Technical Services; Transportation & Warehousing; Utilities; Wholesale Trade; Health Care & Social Assistance; and Public Administration. The four industries reporting a decrease in inventories in March are: Construction; Retail Trade; Information; and Educational Services.","The ISM ® Services Inventory Sentiment Index was in expansion (or “too high”) territory for the 35th consecutive month in March; the reading of 54.3 percent is a decrease of 1 percentage point compared to February’s figure of 55.3 percent. This reading indicates that respondents feel their companies’ inventory levels are too high when correlated to business requirements.

The 10 industries reporting sentiment that their inventories were too high in March — listed in order — are: Retail Trade; Accommodation & Food Services; Other Services; Educational Services; Wholesale Trade; Utilities; Construction; Public Administration; Health Care & Social Assistance; and Professional, Scientific & Technical Services. Four industries reporting a decrease in inventory sentiment in March are: Management of Companies & Support Services; Agriculture, Forestry, Fishing & Hunting; Information; and Transportation & Warehousing.","Prices paid by services organizations for materials and services increased in March for the 106th consecutive month. The Prices Index registered 70.7 percent, 7.7 percentage points higher than the 63 percent recorded in February — its largest one-month increase in more than 13 years.

Seventeen industries reported an increase in prices paid during the month of March, in the following order: Agriculture, Forestry, Fishing & Hunting; Transportation & Warehousing; Construction; Information; Public Administration; Management of Companies & Support Services; Wholesale Trade; Professional, Scientific & Technical Services; Finance & Insurance; Accommodation & Food Services; Real Estate, Rental & Leasing; Retail Trade; Educational Services; Utilities; Arts, Entertainment & Recreation; Health Care & Social Assistance; and Other Services. No industry reported a decrease in March.","The ISM ® Services Backlog of Orders Index was in expansion territory for its second time in a row. The reading of 53.6 percent was a 2.3-percentage point decrease compared to the 55.9 percent reported in February. Of the total respondents in March, 31 percent indicated they do not measure backlog of orders. Respondent comments include: “Permitting and regulatory delays, plus additional regulatory burdens” and “The Iran conflict is impacting the availability of certain items, with some suppliers indicating that DPAS (Defense Priorities and Allocations System) requirements are being invoked.”

The 10 industries reporting an increase in order backlogs in March — listed in order — are: Accommodation & Food Services; Arts, Entertainment & Recreation; Agriculture, Forestry, Fishing & Hunting; Other Services; Professional, Scientific & Technical Services; Information; Health Care & Social Assistance; Wholesale Trade; Transportation & Warehousing; and Finance & Insurance. The two industries reporting a decrease in order backlogs in March are: Retail Trade; and Educational Services. Six industries reported no change in backlog of orders in the month of March.","Orders and requests for services and other non-manufacturing activities to be provided outside of the U.S. by domestically based companies expanded for its second month in a row in March. The New Export Orders Index registered 50.7 percent, down 6.5 percentage points compared to the February reading of 57.2 percent. Of the total respondents in March, 41 percent indicated they do not perform, or do not separately measure, orders for work outside of the U.S. Respondent comments include: “Organizations are investing in technologies that improve integration, automation, and data management, which supports expansion within the software industry and drives increased adoption of our solutions” and “Middle East energy customers are not currently taking deliveries due to cargo security risks.”

The three industries reporting an increase in new export orders in March are: Information; Utilities; and Professional, Scientific & Technical Services. The eight industries reporting a decrease in new export orders in March, in order, are: Real Estate, Rental & Leasing; Construction; Mining; Other Services; Accommodation & Food Services; Educational Services; Wholesale Trade; and Health Care & Social Assistance. Seven industries reported no change in exports in March.","The Imports Index remained in expansion territory in March for the second month in a row and third time in the last four months, registering 55.2 percent, 3.4 percentage points higher than the 51.8 percent reported in February. Of the total respondents in March, 39 percent reported that they do not use, or do not track the use of, imported materials. Respondent comments include: “Hedging against continued uncertainties with the Iran conflict” and “Due to geopolitical issues, the international supply chain is getting tight.”

The seven industries reporting an increase in imports for the month of March, in order, are: Agriculture, Forestry, Fishing & Hunting; Management of Companies & Support Services; Information; Professional, Scientific & Technical Services; Retail Trade; Transportation & Warehousing; and Wholesale Trade. The five industries reporting a decrease in imports in March are: Real Estate, Rental & Leasing; Public Administration; Mining; Health Care & Social Assistance; and Utilities. Six industries reported no change in imports in March."
2026-01-01,services,https://www.ismworld.org/supply-management-news-and-reports/reports/ism-pmi-reports/services/january/,January 2026 ISM ® Services PMI ® Report,"(Tempe, Arizona) — Economic activity in the services sector continued to expand in January , say the nation’s purchasing and supply executives in the latest ISM ® Services PMI ® Report . The Services PMI ® registered 53.8 percent to start 2026 as it finished 2025, on a positive note, with its 19th month in a row in expansion territory after ISM’s most recent seasonal adjustments.

The report was issued today by Steve Miller, CPSM, CSCP, Chair of the Institute for Supply Management ® (ISM ® ) Services Business Survey Committee: “In January, the Services PMI ® registered a reading of 53.8 percent, the same as the seasonally adjusted December figure of 53.8 percent and a 19th consecutive month of expansion. The Business Activity Index continued in expansion territory in January, registering 57.4 percent, 2.2 percentage points higher than the seasonally adjusted reading of 55.2 percent recorded in December. The New Orders Index also remained in expansion in January, with a reading of 53.1 percent, 3.4 percentage points below December’s seasonally adjusted figure of 56.5 percent. The Employment Index expanded for the second month in a row with a reading of 50.3 percent, a 1.4-percentage point drop from the seasonally adjusted 51.7 percent recorded in December.

“The Supplier Deliveries Index registered 54.2 percent, 2.4 percentage points higher than the 51.8 percent recorded in December. This is the 14th consecutive month that the index has been in expansion territory, indicating slower supplier delivery performance. (Supplier Deliveries is the only ISM ® PMI ® Reports index that is inversed; a reading of above 50 percent indicates slower deliveries, which is typical as the economy improves and customer demand increases.)

“The Prices Index registered 66.6 percent in January, higher than the previous two months and 0.2 percentage point above its 12-month average. The January figure was a 1.5-percentage point increase from December’s seasonally adjusted reading of 65.1 percent. The index has exceeded 60 percent for 14 straight months.

“The Inventories Index registered 45.1 percent in January, a decrease of 9.1 percentage points from December’s figure of 54.2 percent and in contraction territory for the third time in five months. The Inventory Sentiment Index expanded for the 33rd consecutive month, registering 54.3 percent, up 0.2 percentage point from December’s figure of 54.1 percent. The Backlog of Orders Index was in contraction territory for the 11th month in a row, registering 44 percent in January, a 1.4-percentage point increase from the December figure of 42.6 percent.

“Eleven industries reported growth in January, the same as in December, and the number reporting contraction remained at five. The January Services PMI ® reading of 53.8 percent, while flat compared to December, is 2 percentage points above the seasonally adjusted 12-month average of 51.8 percent. This average is an uptick of 0.1 percentage point over December’s 12-month average of 51.7 percent and its first month-over-month increase since April 2025.”

Miller continues, “January’s Services PMI ® is the result of a second month in a row of all four subindexes being in expansion territory. December 2024 and January 2025 featured similar subindex performance, but in the last two months, the PMI ® is stronger year over year by an average of 0.7 percentage point. The Employment Index expanded for a second straight month for the first time since January and February 2025. These are positive signs for continued expansion; however, the closely watched Prices Index continues to creep up, now 0.2 percentage point above its 12-month seasonally adjusted average of 66.4 percent. There was more respondent commentary in January on tariff impacts and uncertainty, potentially the result of annual contract renewals and geopolitical tensions. Gasoline and diesel fuel continued to be cited as commodities down in price. With the highest Business Activity and Supplier Deliveries index readings since October 2024, indicating higher business activity levels and slower supplier deliveries, whether pricing increases will stick or expand needs to be closely watched.”

The 11 services industries reporting growth in January — listed in order — are: Health Care & Social Assistance; Utilities; Construction; Retail Trade; Information; Accommodation & Food Services; Real Estate, Rental & Leasing; Professional, Scientific & Technical Services; Public Administration; Educational Services; and Finance & Insurance. The five industries reporting a contraction in the month of January are: Other Services; Transportation & Warehousing; Management of Companies & Support Services; Arts, Entertainment & Recreation; and Wholesale Trade.","[""“The uncertainty of U.S. tariff policies continues to affect our purchasing. The proliferation of AI is affecting how we purchase services, particularly getting more value out of service contracts and taking a harder look at risk.” [Accommodation & Food Services]"", ""“Pending surge in new capital investments of our customers, specifically in data centers, combined cycle power, and nuclear market sectors. Expect significant business growth in 2026, both in the domestic U.S. and globally.” [Construction]"", ""“Our business has stayed pretty consistent over the past few months.” [Finance & Insurance]"", ""“AI data center construction is expected to cause constraints in the IT market and availability. We haven’t seen delays on IT equipment yet but expect them in the coming months.” [Health Care & Social Assistance]"", ""“Still slow but more optimistic.” [Management of Companies & Support Services]"", ""“Overall business is slow coming out of the end of year and holidays.” [Other Services]"", ""“Supply chain is steady. Prices are leveling off.” [Public Administration]"", ""“Solid holiday performance across most units. January is even better. Consumers are still buying discretionary goods.” [Retail Trade]"", ""“Typical slow start. A lot of busy activity quoting, reports and the like.” [Transportation & Warehousing]"", ""“Data centers are causing large spikes in requirements. Suppliers are challenged by capacity and tariffs. Therefore, this is both an exciting and challenging time in the industry.” [Utilities]""]","In January, the Services PMI ® registered 53.8 percent, the same as its seasonally adjusted December reading — both months are the index’s highest readings since it registered 55.5 percent in October 2024. A reading above 50 percent indicates the services sector economy is generally expanding; below 50 percent indicates it is generally contracting.

A Services PMI ® above 48.1 percent, over time, generally indicates an expansion of the overall economy. Therefore, the January Services PMI ® indicates the overall economy is expanding for the 68th straight month. Miller says, “The past relationship between the Services PMI ® and the overall economy indicates that the Services PMI ® for January (53.8 percent) corresponds to a 1.8-percentage point increase in real gross domestic product (GDP) on an annualized basis.”","ISM ® ’s Business Activity Index continued in expansion in January; the reading of 57.4 percent is 2.2 percentage points higher than the seasonally adjusted 55.2 percent recorded in December. January’s reading is the highest since the index registered 57.7 percent in October 2024. Comments from respondents include: “Cold and flu season has impacted our patient volume; we have also experienced weather-related traumas (car accidents, slips and falls, and the like.)” and “Lower attendance due to smaller box office after the holidays.”

The 11 industries reporting an increase in business activity for the month of January — listed in order — are: Utilities; Health Care & Social Assistance; Construction; Management of Companies & Support Services; Information; Finance & Insurance; Retail Trade; Public Administration; Educational Services; Wholesale Trade; and Professional, Scientific & Technical Services. The three industries reporting a decrease in business activity for the month of January are: Other Services; Transportation & Warehousing; and Arts, Entertainment & Recreation.","ISM ® ’s New Orders Index dropped to 53.1 percent in January, remaining in expansion territory but 3.4 percentage points lower than the seasonally adjusted reading of 56.5 percent reported in December. The index has been in expansion territory in 35 of the last 37 months. Comments from respondents include: “Internal activity has been spurred by the new fiscal year and budgets being refreshed” and “Projects that were being put on hold are being pushed for now.” Also, “Reduced customer forecasts and revenue projections.”

The 10 industries reporting an increase in new orders for the month of January — listed in order — are: Health Care & Social Assistance; Retail Trade; Utilities; Agriculture, Forestry, Fishing & Hunting; Construction; Public Administration; Information; Educational Services; Finance & Insurance; and Professional, Scientific & Technical Services. The six industries reporting a decrease in new orders for the month of January, in order, are: Other Services; Arts, Entertainment & Recreation; Real Estate, Rental & Leasing; Transportation & Warehousing; Management of Companies & Support Services; and Wholesale Trade.","Employment activity in the services sector continued in expansion territory in January for its second month in a row. The Employment Index registered 50.3 percent, down 1.4 percentage points from the seasonally adjusted December figure of 51.7 percent. Comments from respondents include: “Some staff has retired, and there is a current hiring freeze due to the State of California budget deficit” and “Seeing employees take jobs elsewhere, either remote positions or ones with reduced commutes.”

The five industries reporting an increase in employment in January are: Construction; Accommodation & Food Services; Health Care & Social Assistance; Retail Trade; and Professional, Scientific & Technical Services. The eight industries reporting a decrease in employment in January — listed in order — are: Other Services; Management of Companies & Support Services; Transportation & Warehousing; Finance & Insurance; Public Administration; Information; Educational Services; and Wholesale Trade.","In January, the Supplier Deliveries Index indicated slower performance for the 14th month in a row. The index registered 54.2 percent, up 2.4 percentage points from the 51.8 percent recorded in December. A reading above 50 percent indicates slower deliveries, while a reading below 50 percent indicates faster deliveries. Comments from respondents include: “Supply of chips nowhere near keeping up with demand due to data center buildouts taking all available OEM inventory” and “Our lead times are increasing due to longer shipping and manufacturing times.”

The six industries reporting slower deliveries in January — in the following order — are: Real Estate, Rental & Leasing; Information; Transportation & Warehousing; Public Administration; Finance & Insurance; and Health Care & Social Assistance. The three industries reporting faster supplier deliveries for the month of January are: Agriculture, Forestry, Fishing & Hunting; Wholesale Trade; and Utilities. Nine industries reported no change in Supplier Deliveries in the month of January.","The Inventories Index returned to contraction territory after two months of expansion, registering 45.1 percent, a 9.1-percentage point decrease compared to the 54.2 percent reported in December. Of the total respondents in January, 29 percent indicated they do not have inventories or do not measure them. Comments from respondents include: “General need for raw materials in preparation for the busy part of the season” and “End-of-year commitments with suppliers — deliveries had to be accepted.”

The six industries reporting an increase in inventories in January — in the following order — are: Educational Services; Agriculture, Forestry, Fishing & Hunting; Utilities; Professional, Scientific & Technical Services; Information; and Retail Trade. The 10 industries reporting a decrease in inventories in January, in order, are: Mining; Arts, Entertainment & Recreation; Real Estate, Rental & Leasing; Other Services; Management of Companies & Support Services; Construction; Transportation & Warehousing; Wholesale Trade; Health Care & Social Assistance; and Accommodation & Food Services.","The ISM ® Services Inventory Sentiment Index was in expansion (or “too high”) territory for the 33rd consecutive month in January; the reading of 54.3 percent is an increase of 0.2 percentage point from December’s figure of 54.1 percent. This reading indicates that respondents feel their companies’ inventory levels are too high when correlated to business requirements.

The eight industries reporting sentiment that their inventories were too high in January — listed in order — are: Retail Trade; Wholesale Trade; Educational Services; Other Services; Utilities; Construction; Health Care & Social Assistance; and Information. The only industry reporting a decrease in inventory sentiment in January is Professional, Scientific & Technical Services. Nine industries reported no change in inventory sentiment in January.","Prices paid by services organizations for materials and services increased in January for the 104th consecutive month. The Prices Index registered 66.6 percent, 1.5 percentage points higher than the seasonally adjusted 65.1 percent recorded in December.

Seventeen industries reported an increase in prices paid during the month of January, in the following order: Wholesale Trade; Finance & Insurance; Other Services; Management of Companies & Support Services; Accommodation & Food Services; Information; Arts, Entertainment & Recreation; Health Care & Social Assistance; Public Administration; Professional, Scientific & Technical Services; Retail Trade; Educational Services; Agriculture, Forestry, Fishing & Hunting; Real Estate, Rental & Leasing; Transportation & Warehousing; Construction; and Utilities. No industry reported a decrease in January.","The ISM ® Services Backlog of Orders Index was in contraction territory for the 11th consecutive month, and the reading of 44 percent was a 1.4-percentage point increase compared to the 42.6 percent reported in December. Of the total respondents in January, 30 percent indicated they do not measure backlog of orders. Respondent comments include: “Construction and aerospace industries show an increase in backlog of orders” and “We’ve been able to order more raw materials and clear up our backlog.”

The four industries reporting an increase in order backlogs in January are: Utilities; Professional, Scientific & Technical Services; Construction; and Health Care & Social Assistance. The nine industries reporting a decrease in order backlogs in January — in the following order — are: Mining; Retail Trade; Other Services; Accommodation & Food Services; Real Estate, Rental & Leasing; Educational Services; Transportation & Warehousing; Management of Companies & Support Services; and Information.","Orders and requests for services and other non-manufacturing activities to be provided outside of the U.S. by domestically based companies contracted in January after one month in expansion. The New Export Orders Index registered 45 percent, down 9.2 percentage points compared to the December reading of 54.2 percent and its lowest reading since March 2023 (43.7 percent). Of the total respondents in January, 40 percent indicated they do not perform, or do not separately measure, orders for work outside of the U.S. Respondent comments include: “Increased demand for subscriptions” and “Travel restrictions and tariff have significantly impacted orders from outside the country.”

The three industries reporting an increase in new export orders in January, in order, are: Utilities; Information; and Wholesale Trade. The seven industries reporting a decrease in new export orders in January — listed in order — are: Real Estate, Rental & Leasing; Mining; Educational Services; Construction; Accommodation & Food Services; Transportation & Warehousing; and Professional, Scientific & Technical Services. Eight industries reported no change in exports in January.","The Imports Index returned to contraction territory in January after one month in expansion, registering 48.2 percent, 2.1 percentage points lower than the 50.3 percent reported in December. Thirty-eight percent of respondents reported that they do not use, or do not track the use of, imported materials. Respondent comments include: “Impact of increased tariffs on imported products” and “Offshoring more packaging products.”

The three industries reporting an increase in imports for the month of January are: Agriculture, Forestry, Fishing & Hunting; Educational Services; and Professional, Scientific & Technical Services. The three industries reporting a decrease in imports in January are: Accommodation & Food Services; Transportation & Warehousing; and Wholesale Trade. Twelve industries reported no change in imports in January."
