date,VIX_open,VIX_high,VIX_low,VIX_close,VVIX_open,VVIX_high,VVIX_low,VVIX_close
2026-06-01,15.880000114440918,23.34000015258789,15.180000305175781,19.489999771118164,90.06999969482422,110.58000183105469,85.38999938964844,99.5
2026-05-01,17.010000228881836,19.440000534057617,15.220000267028809,15.319999694824219,94.66000366210938,103.23999786376953,84.9800033569336,86.05999755859375
2026-04-01,24.299999237060547,28.0,16.8700008392334,16.889999389648438,116.0199966430664,122.37999725341797,90.8499984741211,93.69999694824219
2026-03-01,24.65999984741211,35.29999923706055,20.280000686645508,25.25,118.76000213623047,140.99000549316406,105.55000305175781,116.05000305175781
2026-02-01,19.950000762939453,23.100000381469727,16.049999237060547,19.860000610351562,108.2300033569336,119.5999984741211,98.23999786376953,110.88999938964844
2026-01-01,14.850000381469727,20.989999771118164,14.430000305175781,17.440000534057617,91.02999877929688,120.20999908447266,86.69999694824219,108.18000030517578
2025-12-01,18.049999237060547,18.329999923706055,13.380000114440918,14.949999809265137,96.16000366210938,105.9800033569336,81.72000122070312,92.66999816894531
2025-11-01,18.059999465942383,28.270000457763672,15.779999732971191,16.350000381469727,104.87000274658203,132.72000122070312,90.26000213623047,90.33999633789062
2025-10-01,17.280000686645508,28.989999771118164,15.619999885559082,17.440000534057617,96.5999984741211,137.24000549316406,91.95999908447266,104.45999908447266
2025-09-01,16.649999618530273,19.3799991607666,14.329999923706055,16.280000686645508,107.80000305175781,147.13999938964844,90.13999938964844,95.88999938964844
2025-08-01,17.399999618530273,21.899999618530273,14.119999885559082,15.359999656677246,106.19000244140625,128.75999450683594,87.62999725341797,97.16999816894531
2025-07-01,16.979999542236328,19.479999542236328,14.699999809265137,16.719999313354492,90.43000030517578,103.29000091552734,86.81999969482422,98.37000274658203
2025-06-01,19.809999465942383,22.510000228881836,16.110000610351562,16.729999542236328,98.91000366210938,116.69000244140625,87.83999633789062,89.73999786376953
2025-05-01,23.940000534057617,25.6200008392334,17.149999618530273,18.56999969482422,99.62000274658203,134.91000366210938,85.16000366210938,95.1500015258789
2025-04-01,22.059999465942383,60.130001068115234,20.68000030517578,24.700000762939453,101.75,189.02999877929688,94.79000091552734,102.29000091552734
2025-03-01,19.829999923706055,29.56999969482422,16.969999313354492,22.280000686645508,106.43000030517578,139.49000549316406,81.7300033569336,99.12000274658203
2025-02-01,20.360000610351562,22.399999618530273,14.739999771118164,19.6299991607666,111.9800033569336,117.43000030517578,94.36000061035156,108.98999786376953
2025-01-01,17.209999084472656,22.510000228881836,14.579999923706055,16.43000030517578,103.66999816894531,122.44999694824219,92.98999786376953,101.5
2024-12-01,14.079999923706055,28.31999969482422,12.699999809265137,17.350000381469727,89.62999725341797,137.69000244140625,59.310001373291016,104.33000183105469
2024-11-01,22.959999084472656,23.09000015258789,13.489999771118164,13.510000228881836,120.30000305175781,161.75999450683594,85.45999908447266,86.31999969482422
2024-10-01,16.959999084472656,23.420000076293945,16.610000610351562,23.15999984741211,100.41000366210938,124.94999694824219,99.8499984741211,121.88999938964844
2024-09-01,15.760000228881836,23.760000228881836,14.899999618530273,16.729999542236328,100.27999877929688,137.63999938964844,89.81999969482422,99.33999633789062
2024-08-01,16.200000762939453,65.7300033569336,14.460000038146973,15.0,94.0,192.49000549316406,91.45999908447266,93.7300033569336
2024-07-01,12.979999542236328,19.360000610351562,10.619999885559082,16.360000610351562,80.87000274658203,109.66000366210938,72.06999969482422,94.25
2024-06-01,13.079999923706055,14.3100004196167,11.869999885559082,12.4399995803833,80.05000305175781,87.30999755859375,68.08999633789062,79.4800033569336
2024-05-01,15.75,16.219999313354492,11.520000457763672,12.920000076293945,83.56999969482422,123.55000305175781,72.87999725341797,78.2699966430664
2024-04-01,13.609999656677246,21.360000610351562,13.550000190734863,15.649999618530273,79.80999755859375,112.86000061035156,77.22000122070312,81.81999969482422
2024-03-01,13.34000015258789,16.040000915527344,12.399999618530273,13.010000228881836,76.69000244140625,96.2300033569336,74.87999725341797,76.56999969482422
2024-02-01,14.210000038146973,17.940000534057617,12.6899995803833,13.399999618530273,85.94999694824219,101.45999908447266,76.68000030517578,77.44999694824219
2024-01-01,13.220000267028809,15.399999618530273,12.350000381469727,14.350000381469727,91.86000061035156,96.19000244140625,74.6500015258789,87.55999755859375
2023-12-01,12.9399995803833,14.489999771118164,11.8100004196167,12.449999809265137,86.30999755859375,111.8499984741211,78.22000122070312,86.95999908447266
2023-11-01,18.020000457763672,18.420000076293945,12.449999809265137,12.920000076293945,87.08999633789062,90.41999816894531,79.37000274658203,86.70999908447266
2023-10-01,17.309999465942383,23.079999923706055,15.4399995803833,18.139999389648438,96.18000030517578,118.79000091552734,87.41999816894531,87.94000244140625
2023-09-01,13.5600004196167,19.709999084472656,12.680000305175781,17.520000457763672,81.9800033569336,105.4000015258789,80.95999908447266,94.0999984741211
2023-08-01,13.75,18.8799991607666,13.4399995803833,13.569999694824219,89.11000061035156,109.47000122070312,77.94999694824219,80.80000305175781
2023-07-01,13.850000381469727,17.079999923706055,12.739999771118164,13.630000114440918,85.70999908447266,104.75,82.80999755859375,86.68000030517578
2023-06-01,17.239999771118164,17.59000015258789,12.729999542236328,13.59000015258789,89.44000244140625,98.88999938964844,82.33000183105469,83.11000061035156
2023-05-01,16.40999984741211,21.329999923706055,15.529999732971191,17.940000534057617,88.2300033569336,111.47000122070312,87.0199966430664,91.38999938964844
2023-04-01,19.790000915527344,20.079999923706055,15.720000267028809,15.779999732971191,86.08999633789062,100.38999938964844,81.18000030517578,86.9000015258789
2023-03-01,20.389999389648438,30.809999465942383,18.15999984741211,18.700000762939453,81.31999969482422,137.64999389648438,73.5999984741211,87.52999877929688
2023-02-01,19.6200008392334,23.6299991607666,17.059999465942383,20.700000762939453,83.9000015258789,100.52999877929688,77.62999725341797,80.76000213623047
2023-01-01,23.09000015258789,23.760000228881836,17.969999313354492,19.399999618530273,78.8499984741211,87.94000244140625,72.2699966430664,83.9000015258789
2022-12-01,20.829999923706055,25.84000015258789,18.950000762939453,21.670000076293945,82.05999755859375,94.33000183105469,76.8499984741211,77.05000305175781
2022-11-01,25.959999084472656,26.8700008392334,20.309999465942383,20.579999923706055,77.38999938964844,92.23999786376953,76.12999725341797,81.79000091552734
2022-10-01,33.0,34.529998779296875,25.75,25.8799991607666,106.47000122070312,109.91000366210938,77.41000366210938,78.86000061035156
2022-09-01,26.8799991607666,34.880001068115234,22.639999389648438,31.6200008392334,89.43000030517578,117.30000305175781,83.11000061035156,106.19000244140625
2022-08-01,22.40999984741211,27.690000534057617,19.1200008392334,25.8700008392334,83.63999938964844,95.97000122070312,82.69999694824219,88.4000015258789
2022-07-01,29.530000686645508,29.81999969482422,21.209999084472656,21.329999923706055,90.0999984741211,95.41000366210938,78.7300033569336,80.29000091552734
2022-06-01,26.049999237060547,35.04999923706055,23.739999771118164,28.709999084472656,92.5199966430664,116.63999938964844,85.36000061035156,89.38999938964844
2022-05-01,33.349998474121094,36.63999938964844,24.940000534057617,26.190000534057617,125.41999816894531,130.75999450683594,92.05999755859375,93.0999984741211
2022-04-01,20.6200008392334,34.34000015258789,18.450000762939453,33.400001525878906,109.97000122070312,127.70999908447266,100.66000366210938,121.9800033569336
2022-03-01,29.450000762939453,37.52000045776367,18.670000076293945,20.559999465942383,124.5199966430664,147.08999633789062,103.41999816894531,111.44999694824219
2022-02-01,24.56999969482422,37.790000915527344,19.93000030517578,30.149999618530273,123.41000366210938,147.38999938964844,114.22000122070312,123.63999938964844
2022-01-01,17.600000381469727,38.939998626708984,16.34000015258789,24.829999923706055,110.19999694824219,172.82000732421875,106.83000183105469,125.05999755859375
2021-12-01,24.920000076293945,35.31999969482422,16.6200008392334,17.219999313354492,134.2100067138672,168.3699951171875,107.11000061035156,109.66999816894531
2021-11-01,16.850000381469727,28.989999771118164,14.729999542236328,27.190000534057617,106.87000274658203,153.3800048828125,99.66000366210938,142.5500030517578
2021-10-01,24.780000686645508,24.889999389648438,14.84000015258789,16.260000228881836,115.5199966430664,122.16999816894531,100.05999755859375,105.16999816894531
2021-09-01,16.059999465942383,28.790000915527344,15.680000305175781,23.139999389648438,105.75,146.30999755859375,102.52999877929688,118.01000213623047
2021-08-01,18.15999984741211,24.739999771118164,15.1899995803833,16.479999542236328,117.33000183105469,135.50999450683594,105.72000122070312,105.80999755859375
2021-07-01,15.619999885559082,25.09000015258789,14.25,18.239999771118164,106.37000274658203,149.60000610351562,97.44000244140625,116.18000030517578
2021-06-01,17.239999771118164,21.81999969482422,14.100000381469727,15.829999923706055,104.93000030517578,131.9199981689453,104.5199966430664,106.7300033569336
2021-05-01,18.649999618530273,28.93000030517578,15.899999618530273,16.760000228881836,109.47000122070312,151.5,102.51000213623047,105.41000366210938
2021-04-01,18.600000381469727,19.899999618530273,15.380000114440918,18.610000610351562,98.29000091552734,121.98999786376953,95.91999816894531,109.22000122070312
2021-03-01,25.200000762939453,31.899999618530273,18.68000030517578,19.399999618530273,118.72000122070312,127.70999908447266,97.61000061035156,100.04000091552734
2021-02-01,31.450000762939453,33.959999084472656,19.690000534057617,27.950000762939453,134.85000610351562,140.8000030517578,106.45999908447266,124.95999908447266
2021-01-01,23.040000915527344,37.5099983215332,21.09000015258789,33.09000015258789,114.30000305175781,168.77999877929688,107.75,137.3300018310547
2020-12-01,20.209999084472656,31.459999084472656,19.969999313354492,22.75,105.11000061035156,127.79000091552734,100.52999877929688,111.86000061035156
2020-11-01,38.56999969482422,38.779998779296875,19.510000228881836,20.56999969482422,142.67999267578125,143.64999389648438,102.0,106.12000274658203
2020-10-01,25.780000686645508,41.15999984741211,24.030000686645508,38.02000045776367,100.62999725341797,154.99000549316406,99.29000091552734,145.24000549316406
2020-09-01,25.860000610351562,38.279998779296875,24.84000015258789,26.3700008392334,118.66999816894531,137.49000549316406,96.19000244140625,101.58000183105469
2020-08-01,25.75,27.09000015258789,20.280000686645508,26.40999984741211,113.4000015258789,124.81999969482422,100.48999786376953,119.01000213623047
2020-07-01,30.959999084472656,33.66999816894531,23.549999237060547,24.459999084472656,120.05999755859375,124.63999938964844,109.0999984741211,112.04000091552734
2020-06-01,28.940000534057617,44.439998626708984,23.540000915527344,30.43000030517578,109.66000366210938,172.2100067138672,103.7300033569336,120.76000213623047
2020-05-01,38.16999816894531,40.31999969482422,25.920000076293945,27.510000228881836,123.37999725341797,149.02000427246094,105.5999984741211,105.5999984741211
2020-04-01,57.380001068115234,60.59000015258789,30.540000915527344,34.150001525878906,156.4600067138672,158.16000366210938,113.9800033569336,118.52999877929688
2020-03-01,38.540000915527344,85.47000122070312,24.93000030517578,53.540000915527344,124.94000244140625,209.75999450683594,108.58999633789062,152.9199981689453
2020-02-01,18.639999389648438,49.47999954223633,13.380000114440918,40.11000061035156,104.08000183105469,133.0500030517578,91.0,125.7300033569336
2020-01-01,13.460000038146973,19.989999771118164,11.75,18.84000015258789,92.66000366210938,112.0199966430664,85.30999755859375,105.5999984741211
2019-12-01,12.6899995803833,17.989999771118164,11.710000038146973,13.779999732971191,90.95999908447266,105.93000030517578,90.95999908447266,94.0999984741211
2019-11-01,12.5,14.170000076293945,11.420000076293945,12.619999885559082,88.86000061035156,99.08999633789062,84.83999633789062,91.05000305175781
2019-10-01,16.020000457763672,21.459999084472656,12.270000457763672,13.220000267028809,97.75,106.7300033569336,83.37999725341797,88.91999816894531
2019-09-01,20.959999084472656,21.149999618530273,13.3100004196167,16.239999771118164,102.4800033569336,108.37999725341797,92.13999938964844,97.62000274658203
2019-08-01,15.40999984741211,24.809999465942383,13.729999542236328,18.979999542236328,95.48999786376953,117.3499984741211,90.47000122070312,102.66000366210938
2019-07-01,13.850000381469727,16.549999237060547,11.6899995803833,16.1200008392334,80.55999755859375,98.68000030517578,75.37000274658203,96.27999877929688
2019-06-01,19.40999984741211,19.75,13.1899995803833,15.079999923706055,98.22000122070312,98.62999725341797,79.33000183105469,85.77999877929688
2019-05-01,12.859999656677246,23.3799991607666,12.739999771118164,18.709999084472656,87.30999755859375,117.62999725341797,85.81999969482422,96.72000122070312
2019-04-01,13.899999618530273,14.390000343322754,11.029999732971191,13.119999885559082,86.77999877929688,93.08000183105469,78.44999694824219,88.55999755859375
2019-03-01,14.569999694824219,18.329999923706055,12.369999885559082,13.710000038146973,78.41999816894531,103.94000244140625,77.29000091552734,85.81999969482422
2019-02-01,16.6299991607666,17.889999389648438,13.4399995803833,14.779999732971191,78.98999786376953,88.95999908447266,74.36000061035156,80.0
2019-01-01,27.540000915527344,28.530000686645508,16.540000915527344,16.56999969482422,89.38999938964844,96.19999694824219,78.04000091552734,79.23999786376953
2018-12-01,16.040000915527344,36.20000076293945,15.9399995803833,25.420000076293945,86.75,112.0199966430664,85.29000091552734,87.11000061035156
2018-11-01,20.959999084472656,23.809999465942383,16.09000015258789,18.06999969482422,102.30999755859375,115.5199966430664,90.31999969482422,93.58999633789062
2018-10-01,11.989999771118164,28.84000015258789,11.34000015258789,21.229999542236328,87.45999908447266,147.3800048828125,85.30000305175781,102.9000015258789
2018-09-01,13.130000114440918,15.630000114440918,11.100000381469727,12.119999885559082,96.54000091552734,103.2699966430664,86.0199966430664,87.30999755859375
2018-08-01,13.09000015258789,16.860000610351562,10.170000076293945,12.859999656677246,93.72000122070312,120.0,82.5999984741211,92.7300033569336
2018-07-01,17.700000762939453,18.079999923706055,11.4399995803833,12.829999923706055,111.38999938964844,112.37999725341797,90.91000366210938,94.12999725341797
2018-06-01,14.920000076293945,19.610000610351562,11.220000267028809,16.09000015258789,96.55999755859375,126.06999969482422,87.48999786376953,105.97000122070312
2018-05-01,16.0,18.780000686645508,10.90999984741211,15.430000305175781,94.80000305175781,113.43000030517578,87.6500015258789,100.62999725341797
2018-04-01,21.06999969482422,25.719999313354492,14.569999694824219,15.930000305175781,108.43000030517578,118.19999694824219,87.5999984741211,94.30000305175781
2018-03-01,19.959999084472656,26.219999313354492,13.3100004196167,19.969999313354492,121.98999786376953,139.7899932861328,94.88999938964844,103.31999969482422
2018-02-01,13.050000190734863,50.29999923706055,12.5,19.850000381469727,110.2699966430664,203.72999572753906,99.83000183105469,121.69999694824219
2018-01-01,10.949999809265137,15.420000076293945,8.920000076293945,13.539999961853027,103.06999969482422,119.95999908447266,90.7300033569336,108.41000366210938
2017-12-01,11.1899995803833,14.579999923706055,8.899999618530273,11.039999961853027,90.55999755859375,111.4800033569336,89.88999938964844,100.76000213623047
2017-11-01,9.789999961853027,14.510000228881836,8.5600004196167,11.279999732971191,91.91000366210938,113.77999877929688,84.58000183105469,89.94000244140625
2017-10-01,9.59000015258789,13.199999809265137,9.109999656677246,10.180000305175781,94.87000274658203,113.45999908447266,89.66000366210938,92.01000213623047
2017-09-01,10.329999923706055,14.0600004196167,9.359999656677246,9.510000228881836,93.94000244140625,110.1500015258789,88.8499984741211,93.13999938964844
2017-08-01,10.1899995803833,17.280000686645508,9.520000457763672,10.59000015258789,87.30999755859375,135.32000732421875,83.38999938964844,94.86000061035156
2017-07-01,11.069999694824219,13.050000190734863,8.84000015258789,10.260000228881836,89.88999938964844,101.38999938964844,75.55999755859375,86.76000213623047
2017-06-01,10.420000076293945,15.15999984741211,9.369999885559082,11.180000305175781,84.29000091552734,105.27999877929688,81.5999984741211,90.43000030517578
2017-05-01,10.920000076293945,16.299999237060547,9.5600004196167,10.40999984741211,78.0199966430664,115.44000244140625,76.05999755859375,84.5199966430664
2017-04-01,12.59000015258789,16.280000686645508,10.220000267028809,10.819999694824219,81.45999908447266,115.69000244140625,74.33999633789062,77.08999633789062
2017-03-01,12.3100004196167,15.109999656677246,10.600000381469727,12.369999885559082,84.91000366210938,97.77999877929688,71.75,78.30999755859375
2017-02-01,11.789999961853027,12.960000038146973,9.970000267028809,12.920000076293945,87.83999633789062,99.4000015258789,77.7699966430664,88.08000183105469
2017-01-01,14.069999694824219,14.069999694824219,10.300000190734863,11.989999771118164,90.16000366210938,96.56999969482422,77.61000061035156,89.83000183105469
2016-12-01,13.399999618530273,14.720000267028809,10.930000305175781,14.039999961853027,88.05999755859375,99.38999938964844,85.22000122070312,91.5999984741211
2016-11-01,16.540000915527344,23.010000228881836,12.15999984741211,13.329999923706055,102.41000366210938,120.91999816894531,79.77999877929688,88.98999786376953
2016-10-01,13.75,17.950000762939453,12.210000038146973,17.059999465942383,94.80999755859375,108.30999755859375,84.79000091552734,102.81999969482422
2016-09-01,13.069999694824219,20.510000228881836,11.649999618530273,13.289999961853027,84.7300033569336,116.01000213623047,80.22000122070312,91.41999816894531
2016-08-01,11.890000343322754,14.930000305175781,11.020000457763672,13.420000076293945,92.38999938964844,97.9800033569336,80.30000305175781,84.87000274658203
2016-07-01,15.59000015258789,17.040000915527344,11.399999618530273,11.869999885559082,95.19999694824219,96.16000366210938,81.44999694824219,90.83999633789062
2016-06-01,14.449999809265137,26.719999313354492,12.720000267028809,15.630000114440918,79.9800033569336,132.4199981689453,78.3499984741211,94.2300033569336
2016-05-01,16.329999923706055,17.649999618530273,13.039999961853027,14.1899995803833,92.25,94.69999694824219,76.16999816894531,79.43000030517578
2016-04-01,15.229999542236328,17.09000015258789,12.5,15.699999809265137,85.08999633789062,95.72000122070312,81.23999786376953,91.68000030517578
2016-03-01,19.84000015258789,20.170000076293945,13.0600004196167,13.949999809265137,84.05000305175781,99.80999755859375,77.29000091552734,82.94000244140625
2016-02-01,21.31999969482422,30.899999618530273,18.3799991607666,20.549999237060547,92.58000183105469,114.19000244140625,81.72000122070312,85.05999755859375
2016-01-01,22.479999542236328,32.09000015258789,19.25,20.200000762939453,110.08000183105469,121.1500015258789,89.62999725341797,89.94999694824219
2015-12-01,15.609999656677246,26.809999465942383,14.449999809265137,18.209999084472656,89.7300033569336,135.3699951171875,86.30000305175781,100.19999694824219
2015-11-01,15.40999984741211,20.670000076293945,13.670000076293945,16.1299991607666,93.31999969482422,107.62999725341797,85.02999877929688,90.83999633789062
2015-10-01,23.139999389648438,25.229999542236328,12.800000190734863,15.069999694824219,102.62999725341797,106.58999633789062,85.5999984741211,90.2699966430664
2015-09-01,31.90999984741211,33.81999969482422,17.8700008392334,24.5,135.1699981689453,135.3000030517578,93.9000015258789,103.27999877929688
2015-08-01,12.850000381469727,53.290000915527344,10.880000114440918,28.43000030517578,83.66999816894531,212.22000122070312,77.16000366210938,127.27999877929688
2015-07-01,16.6299991607666,20.049999237060547,11.710000038146973,12.119999885559082,101.0999984741211,115.36000061035156,78.22000122070312,81.7699966430664
2015-06-01,13.920000076293945,19.799999237060547,11.930000305175781,18.229999542236328,79.01000213623047,117.83999633789062,77.81999969482422,110.16999816894531
2015-05-01,13.979999542236328,16.360000610351562,11.819999694824219,13.84000015258789,84.54000091552734,95.72000122070312,72.19999694824219,79.06999969482422
2015-04-01,15.319999694824219,16.65999984741211,12.119999885559082,14.550000190734863,84.18000030517578,89.0,76.19999694824219,87.08000183105469
2015-03-01,13.899999618530273,17.190000534057617,12.539999961853027,15.289999961853027,87.47000122070312,97.61000061035156,77.02999877929688,84.01000213623047
2015-02-01,20.889999389648438,22.809999465942383,12.859999656677246,13.34000015258789,108.23999786376953,113.56999969482422,80.87999725341797,85.2300033569336
2015-01-01,17.760000228881836,23.43000030517578,15.520000457763672,20.969999313354492,109.55999755859375,125.68000030517578,91.8499984741211,108.98999786376953
2014-12-01,14.15999984741211,25.200000762939453,11.529999732971191,19.200000762939453,86.83999633789062,138.60000610351562,83.47000122070312,113.08000183105469
2014-11-01,14.40999984741211,15.930000305175781,11.90999984741211,13.329999923706055,93.19000244140625,93.19000244140625,77.04000091552734,79.83999633789062
2014-10-01,16.440000534057617,31.059999465942383,13.720000267028809,14.029999732971191,98.12000274658203,131.57000732421875,87.7699966430664,94.0999984741211
2014-09-01,12.319999694824219,17.079999923706055,11.520000457763672,16.309999465942383,82.41000366210938,96.72000122070312,77.33000183105469,92.47000122070312
2014-08-01,16.670000076293945,17.56999969482422,11.239999771118164,12.09000015258789,101.11000061035156,101.11000061035156,78.4800033569336,81.11000061035156
2014-07-01,11.279999732971191,17.110000610351562,10.279999732971191,16.950000762939453,69.27999877929688,97.41999816894531,68.1500015258789,97.41999816894531
2014-06-01,11.6899995803833,12.890000343322754,10.34000015258789,11.569999694824219,68.76000213623047,81.5,65.47000122070312,71.55999755859375
2014-05-01,13.640000343322754,14.489999771118164,11.319999694824219,11.399999618530273,64.5,71.5999984741211,61.7599983215332,67.94999694824219
2014-04-01,13.430000305175781,17.850000381469727,12.600000381469727,13.40999984741211,67.51000213623047,83.94000244140625,64.48999786376953,64.48999786376953
2014-03-01,16.469999313354492,18.219999313354492,13.460000038146973,13.880000114440918,92.83999633789062,97.11000061035156,72.19999694824219,72.19999694824219
2014-02-01,18.56999969482422,21.479999542236328,13.4399995803833,14.0,106.77999877929688,106.77999877929688,75.81999969482422,81.44999694824219
2014-01-01,14.319999694824219,18.989999771118164,11.8100004196167,18.40999984741211,73.13999938964844,99.66000366210938,67.73999786376953,99.66000366210938
2013-12-01,13.90999984741211,16.75,11.6899995803833,13.720000267028809,69.58999633789062,85.38999938964844,62.709999084472656,70.83000183105469
2013-11-01,13.460000038146973,14.140000343322754,11.989999771118164,13.699999809265137,68.94000244140625,75.05999755859375,63.77000045776367,64.80999755859375
2013-10-01,16.309999465942383,21.34000015258789,12.34000015258789,13.75,76.43000030517578,111.43000030517578,68.5199966430664,69.44000244140625
2013-09-01,16.469999313354492,17.489999771118164,12.520000457763672,16.600000381469727,90.66000366210938,90.66000366210938,69.95999908447266,81.66999816894531
2013-08-01,12.890000343322754,17.809999465942383,11.829999923706055,17.010000228881836,71.0999984741211,92.5999984741211,69.73999786376953,92.5999984741211
2013-07-01,16.899999618530273,17.31999969482422,12.069999694824219,13.449999809265137,84.88999938964844,84.88999938964844,72.48999786376953,73.08000183105469
2013-06-01,16.399999618530273,21.90999984741211,14.960000038146973,16.860000610351562,86.98999786376953,101.7699966430664,82.94000244140625,86.54000091552734
2013-05-01,13.880000114440918,16.350000381469727,12.260000228881836,16.299999237060547,88.11000061035156,88.2300033569336,78.86000061035156,84.87000274658203
2013-04-01,13.460000038146973,18.200000762939453,11.989999771118164,13.520000457763672,84.2300033569336,107.6500015258789,80.48999786376953,83.45999908447266
2013-03-01,16.100000381469727,16.81999969482422,11.050000190734863,12.699999809265137,87.83000183105469,94.38999938964844,76.6500015258789,83.19999694824219
2013-02-01,13.369999885559082,19.280000686645508,12.079999923706055,15.510000228881836,73.29000091552734,94.33999633789062,70.44999694824219,86.56999969482422
2013-01-01,15.239999771118164,15.930000305175781,12.289999961853027,14.279999732971191,78.7699966430664,78.7699966430664,71.86000061035156,76.72000122070312
2012-12-01,15.8100004196167,23.229999542236328,15.40999984741211,18.020000457763672,84.06999969482422,104.72000122070312,78.69999694824219,92.5
2012-11-01,17.770000457763672,19.399999618530273,14.770000457763672,15.869999885559082,81.69999694824219,94.75,78.41999816894531,78.58999633789062
2012-10-01,16.030000686645508,19.649999618530273,13.670000076293945,18.600000381469727,92.51000213623047,99.66000366210938,83.0999984741211,90.2300033569336
2012-09-01,18.649999618530273,18.959999084472656,13.510000228881836,15.729999542236328,93.70999908447266,95.05000305175781,82.23999786376953,90.48999786376953
2012-08-01,18.799999237060547,19.25,13.300000190734863,17.469999313354492,94.2300033569336,99.13999938964844,83.91000366210938,93.30000305175781
2012-07-01,17.6200008392334,21.0,15.449999809265137,18.93000030517578,85.61000061035156,111.6500015258789,84.58999633789062,96.11000061035156
2012-06-01,25.8700008392334,27.729999542236328,16.770000457763672,17.079999923706055,111.41000366210938,111.41000366210938,89.58999633789062,89.58999633789062
2012-05-01,17.270000457763672,25.459999084472656,16.010000228881836,24.059999465942383,87.05999755859375,117.44000244140625,86.29000091552734,108.75
2012-04-01,16.350000381469727,21.059999465942383,15.020000457763672,17.149999618530273,100.37999725341797,111.19000244140625,88.62000274658203,89.31999969482422
2012-03-01,18.020000457763672,21.239999771118164,13.65999984741211,15.5,97.43000030517578,109.37999725341797,96.08000183105469,100.27999877929688
2012-02-01,18.68000030517578,21.979999542236328,16.100000381469727,18.43000030517578,85.77999877929688,114.6500015258789,83.79000091552734,101.5999984741211
2012-01-01,22.950000762939453,23.729999542236328,16.799999237060547,19.440000534057617,91.38999938964844,93.66000366210938,86.01000213623047,88.51000213623047
2011-12-01,27.6299991607666,30.90999984741211,20.34000015258789,23.399999618530273,90.87999725341797,99.62999725341797,85.54000091552734,91.69999694824219
2011-11-01,36.029998779296875,37.529998779296875,27.030000686645508,27.799999237060547,113.1500015258789,122.7300033569336,92.22000122070312,92.22000122070312
2011-10-01,44.25,46.880001068115234,24.440000534057617,29.959999084472656,103.88999938964844,104.83999633789062,89.38999938964844,104.83999633789062
2011-09-01,31.90999984741211,43.869998931884766,30.43000030517578,42.959999084472656,92.30999755859375,104.7699966430664,91.0,101.08000183105469
2011-08-01,22.6299991607666,48.0,22.459999084472656,31.6200008392334,95.88999938964844,134.6300048828125,94.16000366210938,94.16000366210938
2011-07-01,16.059999465942383,25.940000534057617,15.119999885559082,25.25,78.63999938964844,106.56999969482422,78.63999938964844,106.56999969482422
2011-06-01,15.949999809265137,24.649999618530273,15.880000114440918,16.520000457763672,87.58999633789062,105.06999969482422,81.08000183105469,81.08000183105469
2011-05-01,15.069999694824219,20.030000686645508,15.069999694824219,15.449999809265137,88.5,96.25,80.91999816894531,80.91999816894531
2011-04-01,16.68000030517578,19.06999969482422,14.270000457763672,14.75,81.9800033569336,89.11000061035156,81.44000244140625,83.9800033569336
2011-03-01,17.6299991607666,31.280000686645508,17.06999969482422,17.739999771118164,89.27999877929688,112.38999938964844,80.83999633789062,82.51000213623047
2011-02-01,18.59000015258789,23.219999313354492,14.859999656677246,18.350000381469727,84.4800033569336,99.18000030517578,78.93000030517578,81.77999877929688
2011-01-01,17.940000534057617,20.079999923706055,15.369999885559082,19.530000686645508,84.80000305175781,91.5199966430664,75.94000244140625,86.08000183105469
2010-12-01,21.190000534057617,21.43000030517578,15.399999618530273,17.75,92.02999877929688,92.02999877929688,79.36000061035156,86.36000061035156
2010-11-01,21.649999618530273,23.84000015258789,17.760000228881836,23.540000915527344,79.72000122070312,95.7300033569336,70.77999877929688,95.7300033569336
2010-10-01,22.899999618530273,24.34000015258789,17.899999618530273,21.200000762939453,84.08000183105469,91.75,77.45999908447266,77.45999908447266
2010-09-01,25.1299991607666,25.1299991607666,20.850000381469727,23.700000762939453,78.27999877929688,89.87999725341797,76.63999938964844,86.48999786376953
2010-08-01,23.06999969482422,28.920000076293945,21.360000610351562,26.049999237060547,85.0199966430664,102.6500015258789,79.0,81.48999786376953
2010-07-01,34.40999984741211,37.58000183105469,21.860000610351562,23.5,100.69000244140625,102.58000183105469,88.55000305175781,89.55000305175781
2010-06-01,34.869998931884766,37.380001068115234,22.8700008392334,34.540000915527344,109.91999816894531,111.7699966430664,89.6500015258789,105.16000366210938
2010-05-01,22.40999984741211,48.20000076293945,19.610000610351562,32.06999969482422,95.68000030517578,145.1199951171875,95.68000030517578,110.12999725341797
2010-04-01,17.010000228881836,23.200000762939453,15.229999542236328,22.049999237060547,78.29000091552734,103.2300033569336,76.81999969482422,101.41000366210938
2010-03-01,19.93000030517578,19.940000534057617,16.170000076293945,17.59000015258789,73.23999786376953,83.81999969482422,70.51000213623047,77.48999786376953
2010-02-01,24.329999923706055,29.219999313354492,19.31999969482422,19.5,83.7300033569336,92.18000030517578,73.12999725341797,73.12999725341797
2010-01-01,21.68000030517578,28.010000228881836,16.860000610351562,24.6200008392334,73.30000305175781,100.05999755859375,64.87000274658203,89.0
2009-12-01,24.510000228881836,24.510000228881836,19.25,21.68000030517578,80.73999786376953,84.93000030517578,68.80999755859375,74.98999786376953
2009-11-01,30.700000762939453,31.84000015258789,20.049999237060547,24.510000228881836,91.9800033569336,91.9800033569336,68.48999786376953,81.58000183105469
2009-10-01,25.979999542236328,31.59000015258789,20.100000381469727,30.690000534057617,76.25,89.9000015258789,64.97000122070312,89.9000015258789
2009-09-01,26.010000228881836,29.56999969482422,22.190000534057617,25.610000610351562,81.0,81.0,68.18000030517578,71.31999969482422
2009-08-01,25.920000076293945,28.389999389648438,23.68000030517578,26.010000228881836,72.79000091552734,84.22000122070312,70.12999725341797,77.12000274658203
2009-07-01,25.729999542236328,33.04999923706055,23.0,25.920000076293945,79.68000030517578,86.16999816894531,72.80000305175781,73.47000122070312
2009-06-01,28.700000762939453,32.77000045776367,25.020000457763672,26.350000381469727,84.2300033569336,88.48999786376953,77.5999984741211,79.5999984741211
2009-05-01,36.5,36.880001068115234,26.56999969482422,28.920000076293945,69.81999969482422,91.2300033569336,69.81999969482422,83.91000366210938
2009-04-01,45.41999816894531,45.599998474121094,33.68000030517578,36.5,70.38999938964844,75.5199966430664,64.94999694824219,71.41999816894531
2009-03-01,49.959999084472656,53.25,38.790000915527344,44.13999938964844,93.86000061035156,93.86000061035156,70.16000366210938,72.70999908447266
2009-02-01,49.41999816894531,53.15999984741211,40.72999954223633,46.349998474121094,96.4800033569336,96.4800033569336,88.2699966430664,91.08000183105469
2009-01-01,39.58000183105469,57.36000061035156,36.880001068115234,44.84000015258789,84.41000366210938,104.0199966430664,84.41000366210938,98.72000122070312
2008-12-01,60.470001220703125,68.5999984741211,37.959999084472656,40.0,90.48999786376953,90.48999786376953,75.16999816894531,85.5999984741211
2008-11-01,60.16999816894531,81.4800033569336,44.25,55.279998779296875,116.19000244140625,125.0,88.41000366210938,88.41000366210938
2008-10-01,39.38999938964844,89.52999877929688,39.38999938964844,59.88999938964844,89.76000213623047,134.8699951171875,89.76000213623047,116.94000244140625
2008-09-01,20.649999618530273,48.400001525878906,20.469999313354492,39.38999938964844,69.6500015258789,99.86000061035156,67.94000244140625,92.2300033569336
2008-08-01,22.65999984741211,23.860000610351562,18.639999389648438,20.649999618530273,72.7300033569336,79.41000366210938,68.05000305175781,68.06999969482422
2008-07-01,25.139999389648438,30.809999465942383,20.729999542236328,22.940000534057617,79.44000244140625,81.69000244140625,67.20999908447266,72.94999694824219
2008-06-01,17.829999923706055,24.559999465942383,17.829999923706055,23.950000762939453,78.5999984741211,93.87000274658203,76.01000213623047,79.66000366210938
2008-05-01,20.780000686645508,20.950000762939453,15.819999694824219,17.829999923706055,63.060001373291016,83.62000274658203,63.060001373291016,73.45999908447266
2008-04-01,25.610000610351562,25.610000610351562,19.209999084472656,20.790000915527344,66.95999908447266,75.47000122070312,59.7400016784668,64.69000244140625
2008-03-01,27.540000915527344,35.599998474121094,22.290000915527344,25.610000610351562,71.0199966430664,80.98999786376953,66.97000122070312,67.63999938964844
2008-02-01,25.65999984741211,29.700000762939453,21.639999389648438,26.540000915527344,73.94000244140625,75.05999755859375,65.47000122070312,69.80999755859375
2008-01-01,22.579999923706055,37.56999969482422,22.110000610351562,26.200000762939453,80.58000183105469,89.37000274658203,75.20999908447266,75.20999908447266
2007-12-01,23.59000015258789,24.860000610351562,18.280000686645508,22.5,87.44999694824219,89.41000366210938,79.44000244140625,82.19000244140625
2007-11-01,19.889999389648438,31.09000015258789,17.3799991607666,22.8700008392334,97.52999877929688,98.16999816894531,88.87999725341797,88.87999725341797
2007-10-01,18.440000534057617,24.149999618530273,16.079999923706055,18.530000686645508,84.4800033569336,100.37000274658203,79.93000030517578,93.62000274658203
2007-09-01,21.93000030517578,28.81999969482422,16.90999984741211,18.0,104.87000274658203,108.22000122070312,87.12999725341797,87.12999725341797
2007-08-01,23.709999084472656,37.5,19.329999923706055,23.3799991607666,108.86000061035156,142.99000549316406,82.5199966430664,109.2699966430664
2007-07-01,16.479999542236328,24.170000076293945,14.670000076293945,23.520000457763672,75.55999755859375,104.08000183105469,72.0199966430664,104.08000183105469
2007-06-01,12.770000457763672,18.979999542236328,12.430000305175781,16.229999542236328,70.19000244140625,82.01000213623047,63.52000045776367,76.94000244140625
2007-05-01,14.100000381469727,14.600000381469727,12.079999923706055,13.050000190734863,81.27999877929688,85.88999938964844,70.26000213623047,72.19999694824219
2007-04-01,14.90999984741211,15.460000038146973,11.460000038146973,14.220000267028809,98.91999816894531,98.91999816894531,77.83000183105469,85.33000183105469
2007-03-01,17.760000228881836,21.25,11.210000038146973,14.640000343322754,99.47000122070312,104.79000091552734,89.55000305175781,99.77999877929688
2007-02-01,10.319999694824219,19.010000228881836,9.699999809265137,15.420000076293945,73.5,110.41999816894531,65.87000274658203,91.63999938964844
2007-01-01,12.15999984741211,12.829999923706055,9.869999885559082,10.420000076293945,87.62999725341797,93.77999877929688,77.27999877929688,77.27999877929688
2006-12-01,11.069999694824219,12.680000305175781,9.390000343322754,11.5600004196167,,,,
2006-11-01,10.930000305175781,12.550000190734863,9.8100004196167,10.90999984741211,,,,
2006-10-01,12.449999809265137,12.90999984741211,10.4399995803833,11.100000381469727,,,,
2006-09-01,12.140000343322754,14.489999771118164,10.739999771118164,11.979999542236328,,,,
2006-08-01,15.489999771118164,16.149999618530273,11.569999694824219,12.3100004196167,,,,
2006-07-01,13.289999961853027,19.579999923706055,12.770000457763672,14.949999809265137,,,,
2006-06-01,16.469999313354492,23.809999465942383,12.739999771118164,13.079999923706055,,,,
2006-05-01,11.829999923706055,19.8700008392334,11.180000305175781,16.440000534057617,,,,
2006-04-01,11.470000267028809,13.09000015258789,11.020000457763672,11.59000015258789,,,,
2006-03-01,12.050000190734863,13.34000015258789,10.529999732971191,11.390000343322754,,,,
2006-02-01,13.029999732971191,13.729999542236328,11.130000114440918,12.34000015258789,,,,
2006-01-01,12.25,14.5600004196167,10.8100004196167,12.949999809265137,,,,
2005-12-01,12.09000015258789,12.4399995803833,10.149999618530273,12.069999694824219,,,,
2005-11-01,14.850000381469727,15.65999984741211,10.5,12.0600004196167,,,,
2005-10-01,12.369999885559082,17.190000534057617,11.979999542236328,15.319999694824219,,,,
2005-09-01,12.859999656677246,14.390000343322754,11.069999694824219,11.920000076293945,,,,
2005-08-01,11.75,14.40999984741211,11.359999656677246,12.600000381469727,,,,
2005-07-01,11.75,13.920000076293945,9.880000114440918,11.569999694824219,,,,
2005-06-01,13.34000015258789,13.34000015258789,10.779999732971191,12.039999961853027,,,,
2005-05-01,15.449999809265137,17.700000762939453,11.649999618530273,13.289999961853027,,,,
2005-04-01,13.640000343322754,18.59000015258789,11.199999809265137,15.3100004196167,,,,
2005-03-01,11.949999809265137,14.890000343322754,11.65999984741211,14.020000457763672,,,,
2005-02-01,12.800000190734863,13.199999809265137,10.899999618530273,12.079999923706055,,,,
2005-01-01,13.390000343322754,14.75,12.289999961853027,12.819999694824219,,,,
2004-12-01,13.100000381469727,13.739999771118164,11.140000343322754,13.289999961853027,,,,
2004-11-01,16.43000030517578,16.760000228881836,12.5600004196167,13.239999771118164,,,,
2004-10-01,13.109999656677246,16.8700008392334,12.600000381469727,16.270000457763672,,,,
2004-09-01,15.390000343322754,15.979999542236328,13.15999984741211,13.34000015258789,,,,
2004-08-01,16.420000076293945,19.969999313354492,14.670000076293945,15.289999961853027,,,,
2004-07-01,14.739999771118164,17.93000030517578,13.34000015258789,15.319999694824219,,,,
2004-06-01,16.600000381469727,17.040000915527344,13.75,14.34000015258789,,,,
2004-05-01,17.690000534057617,20.450000762939453,15.1899995803833,15.5,,,,
2004-04-01,16.760000228881836,17.979999542236328,13.859999656677246,17.190000534057617,,,,
2004-03-01,14.90999984741211,22.670000076293945,13.829999923706055,16.739999771118164,,,,
2004-02-01,17.450000762939453,18.059999465942383,13.800000190734863,14.550000190734863,,,,
2004-01-01,17.959999084472656,18.68000030517578,14.010000228881836,16.6299991607666,,,,
2003-12-01,16.739999771118164,18.860000610351562,14.65999984741211,18.309999465942383,,,,
2003-11-01,16.329999923706055,19.610000610351562,16.020000457763672,16.31999969482422,,,,
2003-10-01,22.809999465942383,22.81999969482422,15.789999961853027,16.100000381469727,,,,
2003-09-01,19.309999465942383,23.260000228881836,17.520000457763672,22.719999313354492,,,,
2003-08-01,20.059999465942383,23.889999389648438,17.639999389648438,18.6299991607666,,,,
2003-07-01,20.489999771118164,20.799999237060547,17.649999618530273,19.489999771118164,,,,
2003-06-01,20.350000381469727,22.809999465942383,18.8700008392334,19.520000457763672,,,,
2003-05-01,21.350000381469727,22.329999923706055,18.239999771118164,19.469999313354492,,,,
2003-04-01,29.579999923706055,30.040000915527344,20.260000228881836,21.209999084472656,,,,
2003-03-01,29.780000686645508,34.400001525878906,27.579999923706055,29.149999618530273,,,,
2003-02-01,32.45000076293945,35.65999984741211,29.059999465942383,29.6299991607666,,,,
2003-01-01,28.739999771118164,35.33000183105469,24.020000457763672,31.170000076293945,,,,
2002-12-01,28.350000381469727,31.200000762939453,25.8700008392334,28.6200008392334,,,,
2002-11-01,31.56999969482422,32.599998474121094,23.049999237060547,27.5,,,,
2002-10-01,37.25,43.439998626708984,29.690000534057617,31.139999389648438,,,,
2002-09-01,37.119998931884766,41.86000061035156,33.720001220703125,39.689998626708984,,,,
2002-08-01,32.77000045776367,45.209999084472656,27.610000610351562,32.63999938964844,,,,
2002-07-01,25.709999084472656,48.459999084472656,25.6299991607666,32.029998779296875,,,,
2002-06-01,20.979999542236328,30.979999542236328,20.6200008392334,25.399999618530273,,,,
2002-05-01,21.440000534057617,22.709999084472656,17.700000762939453,19.979999542236328,,,,
2002-04-01,18.989999771118164,24.5,17.729999542236328,21.90999984741211,,,,
2002-03-01,21.059999465942383,21.1200008392334,17.020000457763672,17.399999618530273,,,,
2002-02-01,21.1200008392334,27.31999969482422,20.549999237060547,21.59000015258789,,,,
2002-01-01,23.780000686645508,26.8799991607666,20.399999618530273,21.09000015258789,,,,
2001-12-01,25.920000076293945,26.3799991607666,21.1200008392334,23.799999237060547,,,,
2001-11-01,33.970001220703125,34.56999969482422,22.959999084472656,23.84000015258789,,,,
2001-10-01,33.41999816894531,36.95000076293945,28.110000610351562,33.560001373291016,,,,
2001-09-01,26.110000610351562,49.349998474121094,24.190000534057617,31.93000030517578,,,,
2001-08-01,20.969999313354492,25.84000015258789,19.690000534057617,24.920000076293945,,,,
2001-07-01,19.75,25.610000610351562,18.739999771118164,21.6200008392334,,,,
2001-06-01,23.020000457763672,24.420000076293945,18.829999923706055,19.059999465942383,,,,
2001-05-01,25.459999084472656,26.489999771118164,20.459999084472656,22.639999389648438,,,,
2001-04-01,29.399999618530273,35.20000076293945,23.010000228881836,25.479999542236328,,,,
2001-03-01,29.65999984741211,35.45000076293945,24.1200008392334,28.639999389648438,,,,
2001-02-01,22.389999389648438,30.6200008392334,20.219999313354492,28.350000381469727,,,,
2001-01-01,27.93000030517578,30.799999237060547,21.469999313354492,22.020000457763672,,,,
2000-12-01,28.309999465942383,32.31999969482422,22.3799991607666,26.850000381469727,,,,
2000-11-01,24.06999969482422,31.110000610351562,23.510000228881836,29.649999618530273,,,,
2000-10-01,20.979999542236328,30.799999237060547,20.40999984741211,23.6299991607666,,,,
2000-09-01,16.809999465942383,22.65999984741211,16.469999313354492,20.56999969482422,,,,
2000-08-01,20.65999984741211,20.84000015258789,16.280000686645508,16.84000015258789,,,,
2000-07-01,20.510000228881836,21.649999618530273,18.770000457763672,20.739999771118164,,,,
2000-06-01,23.200000762939453,25.010000228881836,19.389999389648438,19.540000915527344,,,,
2000-05-01,26.06999969482422,32.88999938964844,23.229999542236328,23.649999618530273,,,,
2000-04-01,24.989999771118164,34.310001373291016,23.25,26.200000762939453,,,,
2000-03-01,22.649999618530273,25.8700008392334,19.190000534057617,24.110000610351562,,,,
2000-02-01,24.43000030517578,28.1200008392334,20.690000534057617,23.3700008392334,,,,
2000-01-01,24.360000610351562,29.0,19.510000228881836,24.950000762939453,,,,
1999-12-01,23.40999984741211,25.200000762939453,18.690000534057617,24.639999389648438,,,,
1999-11-01,22.700000762939453,24.290000915527344,18.639999389648438,24.18000030517578,,,,
1999-10-01,25.579999923706055,29.809999465942383,20.299999237060547,22.200000762939453,,,,
1999-09-01,23.860000610351562,29.209999084472656,20.8700008392334,25.40999984741211,,,,
1999-08-01,25.75,30.0,20.1200008392334,24.450000762939453,,,,
1999-07-01,20.56999969482422,25.739999771118164,17.06999969482422,24.639999389648438,,,,
1999-06-01,27.1200008392334,27.989999771118164,20.670000076293945,21.09000015258789,,,,
1999-05-01,24.40999984741211,29.6200008392334,24.049999237060547,25.389999389648438,,,,
1999-04-01,22.8700008392334,26.5,20.469999313354492,25.06999969482422,,,,
1999-03-01,29.34000015258789,29.899999618530273,22.0,23.260000228881836,,,,
1999-02-01,27.209999084472656,31.75,25.219999313354492,27.8799991607666,,,,
1999-01-01,25.3799991607666,33.65999984741211,21.3799991607666,26.25,,,,
1998-12-01,27.3799991607666,31.670000076293945,20.079999923706055,24.420000076293945,,,,
1998-11-01,28.309999465942383,30.559999465942383,21.239999771118164,26.010000228881836,,,,
1998-10-01,41.900001525878906,49.529998779296875,27.540000915527344,28.049999237060547,,,,
1998-09-01,41.7400016784668,48.060001373291016,32.439998626708984,40.95000076293945,,,,
1998-08-01,26.149999618530273,45.02000045776367,25.350000381469727,44.279998779296875,,,,
1998-07-01,18.989999771118164,26.68000030517578,16.100000381469727,24.799999237060547,,,,
1998-06-01,22.709999084472656,26.489999771118164,18.93000030517578,19.709999084472656,,,,
1998-05-01,20.719999313354492,25.100000381469727,18.600000381469727,21.31999969482422,,,,
1998-04-01,24.850000381469727,27.469999313354492,19.25,21.18000030517578,,,,
1998-03-01,18.969999313354492,24.920000076293945,17.579999923706055,24.219999313354492,,,,
1998-02-01,21.31999969482422,21.899999618530273,18.389999389648438,18.549999237060547,,,,
1998-01-01,24.34000015258789,31.079999923706055,20.549999237060547,21.469999313354492,,,,
1997-12-01,27.860000610351562,33.08000183105469,20.40999984741211,24.010000228881836,,,,
1997-11-01,32.18000030517578,38.459999084472656,26.420000076293945,27.43000030517578,,,,
1997-10-01,22.950000762939453,48.63999938964844,19.280000686645508,35.09000015258789,,,,
1997-09-01,25.850000381469727,27.329999923706055,21.43000030517578,22.90999984741211,,,,
1997-08-01,21.290000915527344,26.309999465942383,19.329999923706055,24.760000228881836,,,,
1997-07-01,21.540000915527344,23.709999084472656,17.81999969482422,21.479999542236328,,,,
1997-06-01,21.079999923706055,22.280000686645508,18.200000762939453,21.530000686645508,,,,
1997-05-01,20.18000030517578,22.260000228881836,17.280000686645508,19.190000534057617,,,,
1997-04-01,22.850000381469727,23.040000915527344,17.56999969482422,20.059999465942383,,,,
1997-03-01,21.889999389648438,22.440000534057617,17.299999237060547,22.139999389648438,,,,
1997-02-01,19.889999389648438,21.549999237060547,18.709999084472656,21.100000381469727,,,,
1997-01-01,21.540000915527344,22.799999237060547,16.360000610351562,19.469999313354492,,,,
1996-12-01,18.65999984741211,22.1299991607666,16.829999923706055,20.920000076293945,,,,
1996-11-01,17.290000915527344,18.610000610351562,13.449999809265137,17.139999389648438,,,,
1996-10-01,16.899999618530273,19.209999084472656,14.630000114440918,18.110000610351562,,,,
1996-09-01,19.780000686645508,20.530000686645508,14.550000190734863,16.950000762939453,,,,
1996-08-01,19.389999389648438,19.389999389648438,13.220000267028809,17.010000228881836,,,,
1996-07-01,13.829999923706055,27.049999237060547,13.75,19.459999084472656,,,,
1996-06-01,16.799999237060547,18.8799991607666,13.550000190734863,13.680000305175781,,,,
1996-05-01,15.890000343322754,18.959999084472656,14.5600004196167,16.06999969482422,,,,
1996-04-01,18.420000076293945,21.09000015258789,13.989999771118164,15.829999923706055,,,,
1996-03-01,17.1299991607666,21.360000610351562,14.979999542236328,18.8799991607666,,,,
1996-02-01,11.4399995803833,17.389999389648438,11.109999656677246,17.040000915527344,,,,
1996-01-01,13.390000343322754,16.8700008392334,11.229999542236328,12.529999732971191,,,,
1995-12-01,11.119999885559082,15.420000076293945,10.0600004196167,12.520000457763672,,,,
1995-11-01,13.979999542236328,14.100000381469727,10.569999694824219,11.579999923706055,,,,
1995-10-01,12.399999618530273,16.989999771118164,12.289999961853027,13.829999923706055,,,,
1995-09-01,11.149999618530273,13.949999809265137,10.1899995803833,12.739999771118164,,,,
1995-08-01,13.4399995803833,14.489999771118164,11.359999656677246,11.520000457763672,,,,
1995-07-01,11.359999656677246,15.260000228881836,10.920000076293945,13.489999771118164,,,,
1995-06-01,12.15999984741211,14.050000190734863,10.359999656677246,11.380000114440918,,,,
1995-05-01,11.210000038146973,13.600000381469727,10.079999923706055,12.850000381469727,,,,
1995-04-01,12.520000457763672,14.479999542236328,10.949999809265137,11.75,,,,
1995-03-01,11.489999771118164,14.770000457763672,10.789999961853027,13.369999885559082,,,,
1995-02-01,11.739999771118164,13.010000228881836,10.510000228881836,11.75,,,,
1995-01-01,14.09000015258789,14.710000038146973,10.760000228881836,11.960000038146973,,,,
1994-12-01,15.489999771118164,18.15999984741211,11.359999656677246,13.199999809265137,,,,
1994-11-01,14.609999656677246,19.56999969482422,14.319999694824219,15.949999809265137,,,,
1994-10-01,15.6899995803833,17.219999313354492,12.75,14.5600004196167,,,,
1994-09-01,12.170000076293945,16.079999923706055,11.170000076293945,14.279999732971191,,,,
1994-08-01,11.710000038146973,13.34000015258789,10.75,11.970000267028809,,,,
1994-07-01,14.890000343322754,15.630000114440918,10.960000038146973,11.130000114440918,,,,
1994-06-01,13.15999984741211,17.709999084472656,10.479999542236328,14.970000267028809,,,,
1994-05-01,14.420000076293945,16.649999618530273,11.4399995803833,13.029999732971191,,,,
1994-04-01,23.610000610351562,28.299999237060547,13.050000190734863,13.770000457763672,,,,
1994-03-01,12.579999923706055,21.940000534057617,11.579999923706055,20.450000762939453,,,,
1994-02-01,10.8100004196167,16.309999465942383,10.210000038146973,14.869999885559082,,,,
1994-01-01,11.279999732971191,13.420000076293945,9.59000015258789,10.630000114440918,,,,
1993-12-01,12.930000305175781,14.760000228881836,8.890000343322754,11.65999984741211,,,,
1993-11-01,12.020000457763672,16.459999084472656,11.489999771118164,13.760000228881836,,,,
1993-10-01,12.5600004196167,14.789999961853027,10.0,11.460000038146973,,,,
1993-09-01,11.300000190734863,18.309999465942383,10.75,12.989999771118164,,,,
1993-08-01,11.8100004196167,13.25,10.800000190734863,11.850000381469727,,,,
1993-07-01,10.489999771118164,14.369999885559082,9.109999656677246,11.729999542236328,,,,
1993-06-01,13.640000343322754,15.880000114440918,10.859999656677246,11.260000228881836,,,,
1993-05-01,13.25,15.109999656677246,11.960000038146973,13.470000267028809,,,,
1993-04-01,13.039999961853027,15.449999809265137,10.710000038146973,12.420000076293945,,,,
1993-03-01,13.130000114440918,16.3700008392334,10.65999984741211,12.529999732971191,,,,
1993-02-01,12.510000228881836,16.649999618530273,11.6899995803833,13.15999984741211,,,,
1993-01-01,12.960000038146973,15.0600004196167,10.979999542236328,12.420000076293945,,,,
1992-12-01,12.9399995803833,13.890000343322754,10.289999961853027,12.569999694824219,,,,
1992-11-01,17.020000457763672,17.920000076293945,11.380000114440918,13.010000228881836,,,,
1992-10-01,15.4399995803833,25.1299991607666,15.029999732971191,16.149999618530273,,,,
1992-09-01,11.869999885559082,15.420000076293945,10.6899995803833,14.279999732971191,,,,
1992-08-01,14.050000190734863,16.520000457763672,12.34000015258789,13.579999923706055,,,,
1992-07-01,13.430000305175781,16.360000610351562,11.359999656677246,13.170000076293945,,,,
1992-06-01,14.470000267028809,18.530000686645508,12.729999542236328,13.350000381469727,,,,
1992-05-01,14.869999885559082,17.760000228881836,12.770000457763672,13.859999656677246,,,,
1992-04-01,16.93000030517578,21.440000534057617,14.829999923706055,15.529999732971191,,,,
1992-03-01,17.440000534057617,21.059999465942383,15.460000038146973,16.18000030517578,,,,
1992-02-01,17.079999923706055,19.309999465942383,15.34000015258789,16.68000030517578,,,,
1992-01-01,19.690000534057617,20.299999237060547,14.119999885559082,17.399999618530273,,,,
1991-12-01,20.18000030517578,20.56999969482422,15.4399995803833,19.309999465942383,,,,
1991-11-01,15.600000381469727,21.920000076293945,13.949999809265137,20.260000228881836,,,,
1991-10-01,14.8100004196167,18.579999923706055,14.8100004196167,15.479999542236328,,,,
1991-09-01,16.56999969482422,18.219999313354492,15.350000381469727,15.850000381469727,,,,
1991-08-01,15.470000267028809,21.190000534057617,14.40999984741211,14.460000038146973,,,,
1991-07-01,18.639999389648438,20.290000915527344,15.180000305175781,15.180000305175781,,,,
1991-06-01,16.8700008392334,19.549999237060547,15.5,19.549999237060547,,,,
1991-05-01,17.770000457763672,18.3799991607666,15.229999542236328,15.930000305175781,,,,
1991-04-01,17.420000076293945,20.1200008392334,15.470000267028809,18.239999771118164,,,,
1991-03-01,21.229999542236328,21.229999542236328,14.899999618530273,16.8799991607666,,,,
1991-02-01,21.040000915527344,23.600000381469727,19.56999969482422,21.229999542236328,,,,
1991-01-01,26.6200008392334,36.20000076293945,20.90999984741211,20.90999984741211,,,,
1990-12-01,22.290000915527344,26.3799991607666,20.940000534057617,26.3799991607666,,,,
1990-11-01,30.25,30.8700008392334,20.09000015258789,22.15999984741211,,,,
1990-10-01,28.059999465942383,33.97999954223633,27.270000457763672,30.040000915527344,,,,
1990-09-01,29.579999923706055,30.559999465942383,27.8799991607666,29.110000610351562,,,,
1990-08-01,21.639999389648438,36.470001220703125,20.43000030517578,29.899999618530273,,,,
1990-07-01,16.260000228881836,23.68000030517578,15.630000114440918,21.110000610351562,,,,
1990-06-01,17.09000015258789,19.360000610351562,14.720000267028809,15.5,,,,
1990-05-01,18.43000030517578,20.139999389648438,16.719999313354492,17.3700008392334,,,,
1990-04-01,22.84000015258789,24.15999984741211,17.729999542236328,19.520000457763672,,,,
1990-03-01,21.899999618530273,22.739999771118164,17.6200008392334,19.729999542236328,,,,
1990-02-01,24.8700008392334,24.8700008392334,19.709999084472656,21.989999771118164,,,,
1990-01-01,17.239999771118164,27.25,17.239999771118164,25.360000610351562,,,,
