date,DGORDER,ADXTNO,ADXDNO,A34SNO,A35SNO,A33SNO,A32SNO,A31SNO,A36SNO,A37SNO
2026-07-01,339392.0,223225.0,312834.0,30739.0,18766.0,44641.0,45676.0,32172.0,116167.0,7668.0
2026-06-01,335779.0,222226.0,308837.0,31073.0,18827.0,44307.0,45420.0,31548.0,113553.0,7612.0
2026-05-01,333842.0,219729.0,307748.0,30134.0,18505.0,43740.0,45464.0,30970.0,114113.0,7613.0
2026-04-01,347767.0,215845.0,321448.0,29813.0,18435.0,42516.0,44822.0,29705.0,131922.0,7405.0
2026-03-01,320485.0,212716.0,296333.0,29926.0,18403.0,41963.0,43025.0,28927.0,107769.0,7547.0
2026-02-01,316233.0,210330.0,297138.0,28559.0,18172.0,41453.0,43030.0,28694.0,105903.0,7635.0
2026-01-01,319975.0,207738.0,300815.0,28163.0,18349.0,40501.0,42565.0,28004.0,112237.0,7742.0
2025-12-01,321342.0,206966.0,300099.0,27945.0,18520.0,40255.0,42574.0,27677.0,114376.0,7769.0
2025-11-01,324305.0,204436.0,305977.0,27015.0,18172.0,40170.0,42213.0,27046.0,119869.0,7782.0
2025-10-01,307570.0,203472.0,287052.0,26863.0,17975.0,39871.0,42018.0,27118.0,104098.0,7648.0
2025-09-01,314147.0,203094.0,290785.0,26803.0,17982.0,39599.0,41707.0,27408.0,111053.0,7545.0
2025-08-01,312138.0,201805.0,290444.0,26485.0,17674.0,39538.0,41394.0,27151.0,110333.0,7578.0
2025-07-01,303032.0,200898.0,285007.0,26786.0,17584.0,38708.0,41188.0,27014.0,102134.0,7547.0
2025-06-01,311761.0,199115.0,292029.0,26639.0,17479.0,38182.0,40843.0,26615.0,112646.0,7500.0
2025-05-01,344069.0,198398.0,322478.0,26397.0,17396.0,38012.0,40872.0,26361.0,145671.0,7509.0
2025-04-01,295229.0,197143.0,278701.0,25858.0,17291.0,37862.0,40423.0,26183.0,98086.0,7553.0
2025-03-01,316215.0,197131.0,301827.0,25733.0,17225.0,37849.0,40218.0,26147.0,119084.0,7554.0
2025-02-01,293985.0,197569.0,276953.0,26187.0,17444.0,37639.0,40599.0,25965.0,96416.0,7521.0
2025-01-01,291195.0,196743.0,275262.0,26138.0,17116.0,37994.0,40406.0,25651.0,94452.0,7463.0
2024-12-01,290559.0,196225.0,272547.0,25946.0,17526.0,36678.0,41169.0,25304.0,94334.0,7450.0
2024-11-01,288340.0,195810.0,271610.0,25550.0,17134.0,37154.0,40301.0,26011.0,92530.0,7575.0
2024-10-01,293266.0,196508.0,273354.0,25716.0,17081.0,36397.0,41795.0,25824.0,96758.0,7460.0
2024-09-01,292469.0,196891.0,273032.0,25755.0,16833.0,37325.0,41258.0,26100.0,95578.0,7523.0
2024-08-01,289926.0,194816.0,272280.0,25580.0,16978.0,36950.0,40024.0,25974.0,95110.0,7305.0
2024-07-01,293234.0,193703.0,275921.0,25551.0,16421.0,36796.0,39737.0,25934.0,99531.0,7447.0
2024-06-01,281128.0,194494.0,264773.0,25253.0,16668.0,37005.0,39685.0,26637.0,86634.0,7434.0
2024-05-01,286829.0,193708.0,270413.0,25269.0,16541.0,36439.0,39825.0,26197.0,93121.0,7462.0
2024-04-01,286972.0,193928.0,271663.0,25247.0,16297.0,37084.0,39553.0,26208.0,93044.0,7396.0
2024-03-01,287423.0,192727.0,273280.0,25104.0,16473.0,36758.0,39348.0,25538.0,94696.0,7440.0
2024-02-01,282623.0,192943.0,268494.0,25258.0,16273.0,37035.0,39276.0,25729.0,89680.0,7442.0
2024-01-01,280614.0,192801.0,264980.0,25527.0,16459.0,36497.0,39301.0,25866.0,87813.0,7451.0
2023-12-01,304324.0,194538.0,290985.0,25075.0,16295.0,37465.0,39924.0,26469.0,109786.0,7334.0
2023-11-01,298570.0,193640.0,283536.0,25423.0,16138.0,37063.0,39676.0,25937.0,104930.0,7437.0
2023-10-01,285976.0,193698.0,269829.0,25316.0,15926.0,37469.0,39940.0,25826.0,92278.0,7353.0
2023-09-01,298229.0,194180.0,285522.0,25148.0,16387.0,37626.0,39798.0,26054.0,104049.0,7247.0
2023-08-01,289128.0,193664.0,274443.0,24949.0,16107.0,37497.0,39457.0,26517.0,95464.0,7183.0
2023-07-01,293278.0,194460.0,279090.0,24778.0,16496.0,38337.0,39458.0,26437.0,98818.0,7089.0
2023-06-01,303971.0,193013.0,288613.0,24640.0,16125.0,37447.0,38861.0,26937.0,110958.0,7350.0
2023-05-01,289707.0,188346.0,272857.0,24346.0,15840.0,38438.0,38535.0,22094.0,101361.0,7239.0
2023-04-01,290168.0,191580.0,269925.0,24360.0,15957.0,37578.0,38629.0,26457.0,98588.0,7342.0
2023-03-01,289270.0,195038.0,273626.0,24613.0,16383.0,37380.0,39310.0,28512.0,94232.0,7292.0
2023-02-01,280693.0,191790.0,265610.0,24255.0,15830.0,37387.0,38695.0,26558.0,88903.0,7467.0
2023-01-01,288874.0,194086.0,272800.0,24005.0,16548.0,37937.0,39019.0,26968.0,94788.0,7616.0
2022-12-01,293358.0,195045.0,277124.0,24587.0,16199.0,38348.0,39519.0,27087.0,98313.0,7609.0
2022-11-01,279095.0,194841.0,264804.0,24806.0,15438.0,39352.0,39635.0,26624.0,84254.0,7341.0
2022-10-01,287071.0,195883.0,274151.0,24651.0,15848.0,39100.0,39883.0,27168.0,91188.0,7613.0
2022-09-01,282430.0,195208.0,270360.0,25076.0,15675.0,38664.0,39608.0,26993.0,87222.0,7550.0
2022-08-01,282368.0,195477.0,266610.0,25449.0,15695.0,39102.0,39951.0,25989.0,86891.0,7668.0
2022-07-01,284460.0,196214.0,270824.0,25470.0,15429.0,38657.0,40644.0,26841.0,88246.0,7568.0
2022-06-01,284763.0,196108.0,267049.0,25024.0,15331.0,38820.0,39881.0,27779.0,88655.0,7596.0
2022-05-01,278740.0,196227.0,265737.0,25136.0,15084.0,39016.0,39582.0,28242.0,82513.0,7529.0
2022-04-01,279157.0,195513.0,266699.0,25011.0,15022.0,38654.0,40030.0,27702.0,83644.0,7365.0
2022-03-01,277554.0,194621.0,264148.0,24866.0,14918.0,38441.0,39715.0,27714.0,82933.0,7286.0
2022-02-01,277036.0,192887.0,263008.0,24829.0,14139.0,38296.0,39647.0,26999.0,84149.0,7159.0
2022-01-01,280925.0,192769.0,268724.0,24951.0,13995.0,38412.0,39489.0,27538.0,88156.0,7209.0
2021-12-01,277487.0,192177.0,263362.0,24000.0,13801.0,37757.0,39760.0,28947.0,85310.0,7051.0
2021-11-01,268650.0,187492.0,256003.0,24365.0,13698.0,37258.0,37610.0,26875.0,81158.0,6932.0
2021-10-01,263534.0,185469.0,250273.0,23258.0,13464.0,37268.0,37715.0,27246.0,78065.0,6835.0
2021-09-01,259192.0,184685.0,244967.0,23426.0,13164.0,36766.0,37708.0,26843.0,74507.0,7187.0
2021-08-01,264287.0,183488.0,251814.0,23851.0,12977.0,36693.0,37225.0,26564.0,80799.0,7093.0
2021-07-01,259416.0,181185.0,244708.0,23169.0,12893.0,36723.0,36156.0,25951.0,78231.0,7028.0
2021-06-01,258284.0,179252.0,244359.0,23243.0,13034.0,35681.0,36540.0,24557.0,79032.0,6928.0
2021-05-01,253009.0,177203.0,239543.0,23212.0,12966.0,35479.0,35421.0,24123.0,75806.0,7017.0
2021-04-01,252613.0,177206.0,238294.0,23219.0,12699.0,35682.0,37952.0,22273.0,75407.0,6856.0
2021-03-01,253805.0,173335.0,236402.0,22931.0,12314.0,35030.0,37115.0,21209.0,80470.0,6865.0
2021-02-01,251426.0,171368.0,235245.0,22920.0,12670.0,34152.0,35379.0,22993.0,80058.0,6568.0
2021-01-01,249937.0,169627.0,233325.0,22657.0,12584.0,33000.0,34977.0,22482.0,80310.0,6642.0
2020-12-01,241814.0,166699.0,227212.0,24299.0,12205.0,33304.0,33267.0,20751.0,75115.0,6542.0
2020-11-01,237115.0,161558.0,221500.0,24147.0,11606.0,31572.0,32089.0,19691.0,75557.0,6555.0
2020-10-01,236338.0,160062.0,220586.0,24196.0,11574.0,31575.0,32314.0,18576.0,76276.0,6496.0
2020-09-01,230481.0,157970.0,218228.0,23397.0,11420.0,31418.0,32325.0,18349.0,72511.0,6394.0
2020-08-01,226872.0,153267.0,209915.0,23404.0,11282.0,30650.0,30314.0,16965.0,73605.0,6420.0
2020-07-01,223750.0,151760.0,207147.0,23027.0,11458.0,30244.0,30995.0,16041.0,71990.0,6237.0
2020-06-01,202777.0,146908.0,187452.0,22760.0,10698.0,29509.0,29605.0,15578.0,55869.0,6144.0
2020-05-01,184417.0,139835.0,168370.0,22651.0,10596.0,28573.0,26943.0,14459.0,44582.0,5658.0
2020-04-01,165166.0,134747.0,150253.0,22584.0,10228.0,27723.0,25468.0,13473.0,30419.0,5473.0
2020-03-01,204710.0,149039.0,184734.0,22648.0,11570.0,31268.0,29525.0,16120.0,55671.0,6183.0
2020-02-01,240355.0,153847.0,220663.0,23006.0,11403.0,31462.0,31603.0,18010.0,86508.0,6478.0
2020-01-01,233656.0,153995.0,218850.0,22796.0,11459.0,31680.0,31794.0,17843.0,79661.0,6454.0
2019-12-01,222265.0,155165.0,201927.0,22570.0,11596.0,31579.0,32485.0,18115.0,67100.0,6453.0
2019-11-01,218719.0,157704.0,209563.0,22350.0,11578.0,32737.0,33070.0,18891.0,61015.0,6404.0
2019-10-01,226218.0,158152.0,209937.0,22529.0,11338.0,33303.0,33001.0,18561.0,68066.0,6359.0
2019-09-01,226791.0,158946.0,210755.0,22922.0,11485.0,33186.0,32419.0,19352.0,67845.0,6203.0
2019-08-01,230355.0,160046.0,215496.0,23042.0,11571.0,33129.0,33375.0,19336.0,70309.0,6233.0
2019-07-01,228956.0,160232.0,217996.0,23189.0,11621.0,32786.0,33284.0,19714.0,68724.0,6336.0
2019-06-01,224890.0,162086.0,213867.0,23393.0,11705.0,33224.0,33414.0,20281.0,62804.0,6441.0
2019-05-01,224565.0,161275.0,211613.0,23512.0,11558.0,33529.0,32925.0,19842.0,63290.0,6456.0
2019-04-01,232744.0,161928.0,218846.0,23818.0,11352.0,33505.0,33094.0,20563.0,70816.0,6483.0
2019-03-01,240465.0,161051.0,224553.0,23250.0,11352.0,33568.0,32325.0,20782.0,79414.0,6392.0
2019-02-01,231710.0,162097.0,220062.0,23016.0,11067.0,34089.0,33217.0,21071.0,69613.0,6333.0
2019-01-01,236180.0,161155.0,224471.0,22967.0,11177.0,34303.0,32982.0,20236.0,75025.0,6418.0
2018-12-01,243401.0,161943.0,228320.0,23343.0,10812.0,33118.0,33171.0,21771.0,81458.0,6553.0
2018-11-01,235930.0,160907.0,221687.0,23366.0,11043.0,32721.0,32949.0,21290.0,75023.0,6427.0
2018-10-01,238903.0,163605.0,225818.0,23254.0,11173.0,35048.0,32503.0,21685.0,75298.0,6606.0
2018-09-01,247957.0,162215.0,227760.0,22545.0,11189.0,34288.0,32125.0,21826.0,85742.0,6815.0
2018-08-01,245657.0,162314.0,229219.0,22856.0,11256.0,33989.0,32655.0,21586.0,83343.0,6575.0
2018-07-01,235786.0,164145.0,223821.0,22970.0,11121.0,34858.0,32913.0,21946.0,71641.0,6725.0
2018-06-01,243778.0,163095.0,227640.0,22836.0,11159.0,34039.0,33076.0,21701.0,80683.0,6696.0
2018-05-01,243168.0,162467.0,228994.0,22716.0,11074.0,33889.0,32930.0,21603.0,80701.0,6739.0
2018-04-01,243872.0,160597.0,231293.0,22440.0,10896.0,32804.0,32643.0,21684.0,83275.0,6708.0
2018-03-01,244343.0,158110.0,232257.0,21747.0,10831.0,32570.0,32302.0,20878.0,86233.0,6610.0
2018-02-01,236950.0,158067.0,225408.0,22026.0,10876.0,33351.0,31675.0,20534.0,78883.0,6549.0
2018-01-01,228219.0,154979.0,217576.0,21876.0,10563.0,32205.0,31205.0,19805.0,73240.0,6478.0
2017-12-01,241711.0,155058.0,226791.0,22126.0,10752.0,31915.0,30763.0,19781.0,86653.0,6362.0
2017-11-01,230235.0,153776.0,221784.0,22767.0,10695.0,31201.0,30079.0,19660.0,76459.0,6536.0
2017-10-01,228333.0,153294.0,217110.0,22295.0,10695.0,32048.0,29705.0,19775.0,75039.0,6338.0
2017-09-01,228782.0,150732.0,217160.0,22577.0,10683.0,30855.0,29745.0,18733.0,78050.0,6152.0
2017-08-01,221312.0,148604.0,209468.0,21779.0,10251.0,30320.0,29132.0,19334.0,72708.0,6203.0
2017-07-01,217739.0,147596.0,204204.0,21789.0,9934.0,30469.0,28714.0,18860.0,70143.0,6310.0
2017-06-01,236980.0,145756.0,226205.0,21015.0,10145.0,30140.0,28479.0,18498.0,91224.0,6046.0
2017-05-01,222292.0,146851.0,211979.0,21175.0,10435.0,30713.0,28643.0,18362.0,75441.0,6066.0
2017-04-01,224150.0,145985.0,211429.0,21350.0,10345.0,30315.0,28116.0,18273.0,78165.0,6078.0
2017-03-01,222944.0,146609.0,211607.0,20900.0,10569.0,30492.0,28797.0,18293.0,76335.0,6036.0
2017-02-01,221514.0,145178.0,209866.0,21512.0,10553.0,29606.0,27431.0,18308.0,76336.0,6335.0
2017-01-01,219277.0,144836.0,207859.0,21216.0,10516.0,29736.0,27938.0,17715.0,74441.0,6603.0
2016-12-01,219525.0,143135.0,203910.0,21483.0,10592.0,28960.0,27770.0,17442.0,76390.0,6084.0
2016-11-01,216353.0,142686.0,201568.0,20861.0,10206.0,29059.0,28354.0,17302.0,73667.0,6156.0
2016-10-01,233461.0,142112.0,219881.0,20990.0,10148.0,28948.0,28264.0,16812.0,91349.0,6250.0
2016-09-01,217396.0,141038.0,205399.0,21152.0,10283.0,28959.0,27222.0,16665.0,76358.0,6248.0
2016-08-01,217584.0,141904.0,204738.0,21480.0,10099.0,29208.0,27585.0,16703.0,75680.0,6325.0
2016-07-01,216155.0,141787.0,205904.0,21529.0,10160.0,28920.0,27761.0,16816.0,74368.0,6096.0
2016-06-01,206910.0,140333.0,197936.0,21449.0,9927.0,28099.0,27516.0,16414.0,66577.0,6093.0
2016-05-01,223117.0,141227.0,213131.0,21611.0,9925.0,27986.0,27941.0,16526.0,81890.0,6411.0
2016-04-01,229837.0,142511.0,215935.0,21758.0,9894.0,28683.0,28324.0,16639.0,87326.0,6221.0
2016-03-01,218388.0,141128.0,202236.0,21034.0,9804.0,29153.0,27137.0,16327.0,77260.0,6521.0
2016-02-01,216792.0,142594.0,207876.0,21206.0,10225.0,29293.0,28079.0,16691.0,74198.0,6268.0
2016-01-01,228982.0,144337.0,217059.0,20876.0,10603.0,30165.0,28421.0,17056.0,84645.0,6329.0
2015-12-01,217570.0,142240.0,206935.0,20673.0,10492.0,28334.0,28155.0,17212.0,75330.0,6372.0
2015-11-01,224319.0,143926.0,210393.0,20171.0,10304.0,30618.0,27752.0,17624.0,80393.0,6351.0
2015-10-01,226517.0,144818.0,213997.0,20245.0,10337.0,31394.0,27574.0,17905.0,81699.0,6426.0
2015-09-01,217744.0,145844.0,209419.0,20347.0,10449.0,31225.0,28435.0,18075.0,71900.0,6321.0
2015-08-01,222335.0,145960.0,212148.0,20580.0,10662.0,31444.0,27708.0,18310.0,76375.0,6454.0
2015-07-01,228347.0,145898.0,215428.0,20745.0,10465.0,30938.0,28546.0,18006.0,82449.0,6328.0
2015-06-01,228948.0,147361.0,217847.0,20746.0,10692.0,31203.0,28605.0,19160.0,81587.0,6387.0
2015-05-01,218316.0,144751.0,207575.0,20140.0,10358.0,30690.0,28026.0,19223.0,73565.0,6204.0
2015-04-01,225656.0,146471.0,215865.0,20496.0,10688.0,31056.0,28105.0,19323.0,79185.0,6285.0
2015-03-01,230136.0,147245.0,218774.0,21263.0,10824.0,31540.0,28217.0,18927.0,82891.0,5958.0
2015-02-01,217321.0,146235.0,209212.0,19358.0,10675.0,31182.0,28333.0,20263.0,71086.0,5840.0
2015-01-01,225739.0,147579.0,215439.0,19556.0,10569.0,31872.0,28174.0,20619.0,78160.0,6064.0
2014-12-01,225104.0,150786.0,215160.0,20150.0,10986.0,31049.0,30410.0,21395.0,74318.0,6314.0
2014-11-01,228727.0,149784.0,219369.0,19957.0,10837.0,31032.0,30118.0,21451.0,78943.0,5955.0
2014-10-01,233072.0,152802.0,220065.0,20613.0,10906.0,32400.0,30311.0,22030.0,80270.0,5902.0
2014-09-01,236112.0,156844.0,226983.0,21246.0,11094.0,34601.0,30313.0,22759.0,79268.0,6007.0
2014-08-01,236400.0,155031.0,225424.0,21563.0,10834.0,34119.0,30120.0,22142.0,81369.0,5805.0
2014-07-01,300114.0,153141.0,289677.0,21169.0,10497.0,32805.0,29905.0,22743.0,146973.0,5734.0
2014-06-01,237501.0,156023.0,224060.0,21729.0,10955.0,35063.0,29661.0,22330.0,81478.0,5869.0
2014-05-01,234459.0,152266.0,222251.0,20879.0,10559.0,32774.0,30090.0,21981.0,82193.0,5678.0
2014-04-01,237317.0,152079.0,217963.0,21546.0,10574.0,33042.0,29381.0,21912.0,85238.0,5681.0
2014-03-01,235485.0,153268.0,222821.0,21542.0,10632.0,34370.0,29234.0,22182.0,82217.0,5708.0
2014-02-01,231380.0,151286.0,219455.0,21244.0,10339.0,34065.0,29227.0,21655.0,80094.0,5583.0
2014-01-01,224538.0,151101.0,215369.0,21429.0,10449.0,34088.0,29120.0,21595.0,73437.0,5363.0
2013-12-01,238481.0,148507.0,228562.0,20495.0,10182.0,34202.0,27282.0,21062.0,89974.0,6094.0
2013-11-01,243831.0,151429.0,234513.0,21850.0,9456.0,33306.0,28935.0,22175.0,92402.0,6046.0
2013-10-01,231736.0,148829.0,220969.0,21399.0,10329.0,31337.0,28507.0,22093.0,82907.0,5690.0
2013-09-01,237493.0,148018.0,224652.0,20874.0,10166.0,31377.0,28775.0,21599.0,89475.0,5797.0
2013-08-01,224721.0,147218.0,212949.0,19973.0,10212.0,30778.0,28933.0,21515.0,77503.0,6016.0
2013-07-01,220831.0,148114.0,209167.0,20996.0,9692.0,32305.0,28714.0,21408.0,72717.0,5890.0
2013-06-01,246567.0,150721.0,233289.0,21549.0,10480.0,32455.0,28916.0,21914.0,95846.0,5967.0
2013-05-01,236942.0,150527.0,225840.0,21858.0,10790.0,32293.0,28878.0,21678.0,86415.0,5839.0
2013-04-01,226467.0,149736.0,216470.0,21394.0,10129.0,31964.0,29472.0,22058.0,76731.0,5911.0
2013-03-01,217480.0,146172.0,210156.0,19648.0,10104.0,31295.0,29366.0,21391.0,71308.0,5675.0
2013-02-01,234445.0,149402.0,222938.0,20275.0,10356.0,32428.0,29182.0,22377.0,85043.0,5736.0
2013-01-01,223063.0,151761.0,213673.0,20924.0,9992.0,34375.0,30237.0,22080.0,71302.0,5674.0
2012-12-01,231169.0,146583.0,208964.0,22244.0,10123.0,31534.0,27326.0,21886.0,84586.0,5535.0
2012-11-01,217176.0,147604.0,205923.0,21301.0,10851.0,32408.0,28657.0,21267.0,69572.0,5454.0
2012-10-01,218355.0,147325.0,207262.0,21073.0,10367.0,32961.0,28320.0,21337.0,71030.0,5524.0
2012-09-01,216864.0,144233.0,204772.0,20890.0,9996.0,31283.0,28143.0,20845.0,72631.0,5623.0
2012-08-01,200405.0,142362.0,190329.0,20751.0,10351.0,29819.0,28166.0,20609.0,58043.0,5474.0
2012-07-01,222851.0,145461.0,208979.0,21584.0,10146.0,32066.0,28404.0,20694.0,77390.0,5557.0
2012-06-01,217930.0,147748.0,203283.0,21396.0,10157.0,34261.0,28513.0,20945.0,70182.0,5469.0
2012-05-01,219486.0,150969.0,208364.0,23546.0,10758.0,34219.0,28405.0,21411.0,68517.0,5553.0
2012-04-01,218445.0,151386.0,208158.0,23128.0,10483.0,33047.0,29096.0,23293.0,67059.0,5478.0
2012-03-01,221729.0,153739.0,208835.0,23024.0,10642.0,34927.0,29651.0,23131.0,67990.0,5607.0
2012-02-01,226783.0,154087.0,214384.0,23866.0,10425.0,34586.0,29623.0,23486.0,72696.0,5586.0
2012-01-01,226295.0,152400.0,215143.0,23072.0,10613.0,33034.0,29252.0,24188.0,73895.0,5584.0
2011-12-01,223835.0,154801.0,214193.0,23424.0,10350.0,35470.0,28750.0,24927.0,69034.0,5406.0
2011-11-01,215531.0,150443.0,203549.0,23401.0,10045.0,31837.0,28914.0,24544.0,65088.0,5384.0
2011-10-01,210799.0,151629.0,199429.0,23904.0,10188.0,34010.0,28260.0,23688.0,59170.0,5397.0
2011-09-01,204738.0,148657.0,192112.0,23688.0,10431.0,31862.0,28199.0,23677.0,56081.0,5244.0
2011-08-01,216705.0,147496.0,201795.0,23767.0,10353.0,31708.0,27147.0,23740.0,69209.0,5164.0
2011-07-01,206458.0,147897.0,194162.0,22682.0,9926.0,33029.0,27687.0,23436.0,58561.0,5287.0
2011-06-01,201579.0,146197.0,188604.0,23336.0,9834.0,32015.0,27642.0,22515.0,55382.0,5321.0
2011-05-01,207170.0,146454.0,191707.0,23217.0,9767.0,32496.0,26860.0,23281.0,60716.0,5340.0
2011-04-01,200733.0,143390.0,185170.0,23190.0,9483.0,30709.0,26745.0,22263.0,57343.0,5526.0
2011-03-01,212748.0,145907.0,197694.0,22813.0,10043.0,31078.0,27507.0,23173.0,66841.0,5592.0
2011-02-01,196393.0,141061.0,183093.0,23634.0,9930.0,28160.0,27299.0,21452.0,55332.0,5338.0
2011-01-01,203636.0,143113.0,187397.0,23892.0,9631.0,29851.0,25422.0,23291.0,60523.0,5314.0
2010-12-01,193452.0,144216.0,179976.0,23852.0,9625.0,32533.0,26674.0,21436.0,49236.0,5198.0
2010-11-01,197202.0,142450.0,182184.0,23319.0,9841.0,29238.0,26577.0,22776.0,54752.0,5252.0
2010-10-01,193066.0,134518.0,181818.0,21199.0,9189.0,28437.0,25119.0,20058.0,58548.0,5101.0
2010-09-01,201932.0,139248.0,186703.0,23547.0,9369.0,29896.0,25593.0,20731.0,62684.0,5078.0
2010-08-01,191745.0,137093.0,179013.0,22976.0,9086.0,28354.0,25976.0,20306.0,54652.0,4988.0
2010-07-01,187506.0,134656.0,173972.0,22231.0,9161.0,27142.0,25333.0,20606.0,52850.0,4759.0
2010-06-01,185667.0,137226.0,174280.0,21992.0,9259.0,30528.0,25309.0,19547.0,48441.0,5118.0
2010-05-01,189932.0,136881.0,176036.0,22218.0,8844.0,29255.0,24995.0,20568.0,53051.0,5054.0
2010-04-01,182948.0,131196.0,169689.0,22672.0,9068.0,23394.0,25292.0,19979.0,51752.0,4842.0
2010-03-01,182148.0,134835.0,167256.0,22797.0,9213.0,27302.0,25084.0,20286.0,47313.0,4935.0
2010-02-01,180450.0,128810.0,165895.0,21631.0,8703.0,24743.0,24533.0,19066.0,51640.0,5040.0
2010-01-01,181016.0,127057.0,163907.0,22392.0,8996.0,23345.0,23783.0,18835.0,53959.0,4992.0
2009-12-01,160520.0,124425.0,150419.0,22004.0,8619.0,24802.0,23198.0,16177.0,36095.0,5090.0
2009-11-01,160419.0,122532.0,151373.0,22262.0,8744.0,23043.0,23389.0,15670.0,37887.0,4879.0
2009-10-01,161097.0,122244.0,150367.0,21899.0,8902.0,22448.0,23955.0,15692.0,38853.0,4948.0
2009-09-01,158041.0,122042.0,147422.0,22631.0,8242.0,23728.0,23168.0,14787.0,35999.0,4809.0
2009-08-01,157489.0,117142.0,147236.0,21340.0,8441.0,21197.0,22009.0,14489.0,40347.0,5029.0
2009-07-01,153691.0,117705.0,142708.0,22050.0,8627.0,21507.0,21937.0,13804.0,35986.0,5050.0
2009-06-01,147033.0,115485.0,137316.0,22222.0,7983.0,21809.0,20521.0,13772.0,31548.0,4828.0
2009-05-01,149255.0,113080.0,136506.0,21614.0,8113.0,20673.0,21580.0,11951.0,36175.0,4954.0
2009-04-01,147467.0,110601.0,133533.0,21268.0,8180.0,19419.0,21498.0,11111.0,36866.0,4970.0
2009-03-01,146323.0,113312.0,135287.0,23032.0,8164.0,19798.0,21479.0,11050.0,33011.0,5233.0
2009-02-01,148834.0,116595.0,139166.0,22732.0,8468.0,20697.0,21879.0,12269.0,32239.0,5259.0
2009-01-01,151085.0,114948.0,144441.0,21324.0,8528.0,20343.0,22077.0,12303.0,36137.0,5358.0
2008-12-01,173849.0,127962.0,154844.0,24007.0,9311.0,24149.0,25609.0,13351.0,45887.0,5637.0
2008-11-01,181552.0,138472.0,171297.0,25442.0,9298.0,27493.0,26774.0,16168.0,43080.0,5690.0
2008-10-01,191912.0,141024.0,179810.0,23958.0,9336.0,27577.0,28317.0,17188.0,50888.0,5929.0
2008-09-01,215245.0,153392.0,196922.0,26400.0,10419.0,30885.0,28674.0,21397.0,61853.0,6469.0
2008-08-01,214106.0,156865.0,201813.0,26089.0,10904.0,30317.0,30170.0,22927.0,57241.0,6938.0
2008-07-01,220411.0,162295.0,208607.0,25458.0,11107.0,32448.0,30437.0,25875.0,58116.0,6893.0
2008-06-01,229262.0,166622.0,215671.0,27929.0,11607.0,30963.0,31511.0,26934.0,62640.0,7085.0
2008-05-01,227370.0,164561.0,214179.0,27941.0,11551.0,31466.0,31195.0,25471.0,62809.0,6758.0
2008-04-01,231086.0,167301.0,218861.0,27245.0,11237.0,33586.0,31306.0,26430.0,63785.0,6998.0
2008-03-01,234868.0,163953.0,221367.0,26952.0,9827.0,32974.0,31419.0,25772.0,70915.0,6829.0
2008-02-01,235037.0,160985.0,221341.0,27257.0,12050.0,29328.0,30063.0,24974.0,74052.0,6972.0
2008-01-01,239389.0,164615.0,226573.0,27824.0,11333.0,32472.0,30827.0,24326.0,74774.0,6953.0
2007-12-01,244443.0,163300.0,229953.0,27226.0,11188.0,32705.0,30547.0,23632.0,81143.0,6954.0
2007-11-01,227005.0,160074.0,219719.0,26942.0,10914.0,30210.0,29709.0,23789.0,66931.0,7251.0
2007-10-01,230700.0,159832.0,217527.0,27360.0,10632.0,30291.0,29748.0,22939.0,70868.0,7402.0
2007-09-01,226473.0,157646.0,217157.0,27589.0,10557.0,30400.0,28710.0,21745.0,68827.0,7204.0
2007-08-01,235758.0,158130.0,219485.0,28016.0,10581.0,30825.0,29552.0,20679.0,77628.0,6870.0
2007-07-01,233176.0,156767.0,221982.0,26859.0,10494.0,31550.0,29163.0,20204.0,76409.0,6966.0
2007-06-01,228868.0,154569.0,221064.0,26272.0,10584.0,29693.0,29553.0,19676.0,74299.0,7041.0
2007-05-01,228836.0,158536.0,218415.0,28272.0,10776.0,29128.0,29147.0,22093.0,70300.0,7268.0
2007-04-01,233420.0,159160.0,223837.0,26997.0,11348.0,30183.0,29030.0,22929.0,74260.0,7137.0
2007-03-01,229526.0,156356.0,222472.0,24998.0,11135.0,31639.0,28215.0,21519.0,73170.0,7105.0
2007-02-01,220962.0,155151.0,211415.0,28525.0,10881.0,28352.0,28441.0,20468.0,65811.0,6923.0
2007-01-01,222969.0,153402.0,210186.0,26084.0,11063.0,27673.0,28777.0,20765.0,69567.0,7194.0
2006-12-01,229243.0,158499.0,217834.0,28059.0,10453.0,30928.0,28236.0,20594.0,70744.0,7225.0
2006-11-01,224809.0,153502.0,210917.0,29456.0,10361.0,28551.0,26718.0,19864.0,71307.0,6927.0
2006-10-01,216952.0,153537.0,208239.0,26844.0,10542.0,30762.0,26339.0,20226.0,63415.0,6955.0
2006-09-01,234701.0,153923.0,219853.0,28459.0,10331.0,28789.0,27296.0,19898.0,80778.0,7202.0
2006-08-01,210473.0,150575.0,200148.0,27522.0,9528.0,27686.0,26893.0,19980.0,59898.0,6961.0
2006-07-01,209494.0,153064.0,200707.0,27889.0,10697.0,28275.0,26765.0,20301.0,56430.0,7033.0
2006-06-01,221220.0,154888.0,208711.0,27806.0,10405.0,28395.0,28158.0,20692.0,66332.0,6971.0
2006-05-01,215819.0,153734.0,207554.0,26587.0,10757.0,29140.0,27188.0,20559.0,62085.0,7045.0
2006-04-01,214625.0,151952.0,205466.0,28248.0,10377.0,27795.0,27070.0,19047.0,62673.0,7270.0
2006-03-01,227188.0,153217.0,217005.0,28871.0,9915.0,28408.0,26917.0,18956.0,73971.0,7121.0
2006-02-01,219738.0,150818.0,207134.0,26526.0,10069.0,27412.0,26958.0,18647.0,68920.0,7531.0
2006-01-01,209540.0,150953.0,204019.0,25290.0,10440.0,28600.0,26650.0,19209.0,58587.0,7218.0
2005-12-01,221499.0,147852.0,211350.0,25292.0,10164.0,28141.0,26292.0,18583.0,73647.0,6981.0
2005-11-01,220733.0,148043.0,213196.0,25067.0,9844.0,27824.0,25935.0,19928.0,72690.0,7253.0
2005-10-01,209901.0,145723.0,200608.0,24296.0,10136.0,26756.0,25995.0,19361.0,64178.0,7398.0
2005-09-01,203997.0,143841.0,195857.0,24689.0,10030.0,26137.0,25640.0,19168.0,60156.0,7195.0
2005-08-01,204839.0,143073.0,197525.0,26049.0,10175.0,26171.0,25141.0,17391.0,61766.0,7598.0
2005-07-01,194475.0,135974.0,186870.0,23857.0,9300.0,25352.0,24118.0,16039.0,58501.0,6910.0
2005-06-01,210020.0,141241.0,199935.0,26798.0,9254.0,26630.0,25443.0,15904.0,68779.0,7020.0
2005-05-01,206623.0,137358.0,197735.0,24635.0,9327.0,25263.0,24736.0,15993.0,69265.0,6960.0
2005-04-01,194847.0,137264.0,186553.0,24351.0,9205.0,25870.0,24485.0,16057.0,57583.0,6833.0
2005-03-01,186608.0,136810.0,180157.0,25735.0,8848.0,24669.0,23457.0,17074.0,49798.0,7085.0
2005-02-01,196475.0,139138.0,188702.0,25326.0,9293.0,25853.0,24212.0,17475.0,57337.0,6999.0
2005-01-01,194875.0,137331.0,186957.0,25188.0,9556.0,25472.0,23898.0,16813.0,57544.0,6753.0
2004-12-01,193578.0,136981.0,186095.0,25105.0,8744.0,25685.0,23348.0,17269.0,56597.0,7022.0
2004-11-01,192545.0,134122.0,183784.0,24707.0,9397.0,24024.0,23405.0,16541.0,58423.0,6787.0
2004-10-01,185187.0,132178.0,175497.0,25080.0,8719.0,24451.0,23551.0,15374.0,53009.0,6562.0
2004-09-01,188444.0,132455.0,178667.0,25956.0,8984.0,24828.0,21577.0,16170.0,55989.0,6513.0
2004-08-01,183728.0,130447.0,176538.0,23646.0,9029.0,22901.0,22852.0,16523.0,53281.0,6666.0
2004-07-01,186835.0,127850.0,177293.0,23513.0,9045.0,22842.0,21640.0,16498.0,58985.0,6633.0
2004-06-01,185640.0,128558.0,175494.0,24662.0,8295.0,23409.0,21993.0,15585.0,57082.0,6535.0
2004-05-01,183459.0,128782.0,175303.0,25327.0,8808.0,22984.0,21582.0,15374.0,54677.0,6591.0
2004-04-01,184368.0,127956.0,173902.0,24683.0,9064.0,22639.0,22757.0,14454.0,56412.0,6571.0
2004-03-01,190869.0,131645.0,181448.0,25899.0,9038.0,24203.0,22733.0,15493.0,59224.0,6291.0
2004-02-01,181662.0,123810.0,171570.0,24571.0,8579.0,22280.0,21462.0,14161.0,57852.0,6321.0
2004-01-01,178696.0,123228.0,168214.0,24374.0,8416.0,21702.0,22072.0,13389.0,55468.0,6678.0
2003-12-01,181513.0,124803.0,170591.0,26323.0,8519.0,22836.0,21426.0,12605.0,56710.0,6198.0
2003-11-01,181685.0,125148.0,172903.0,24876.0,8516.0,22707.0,21712.0,13068.0,56537.0,6554.0
2003-10-01,183704.0,125195.0,172776.0,26376.0,8590.0,20960.0,21506.0,13410.0,58509.0,6392.0
2003-09-01,178690.0,121332.0,169820.0,25217.0,8420.0,21904.0,20865.0,11323.0,57358.0,6216.0
2003-08-01,173044.0,119931.0,162258.0,24607.0,8236.0,21883.0,20307.0,11673.0,53113.0,6401.0
2003-07-01,173320.0,118215.0,164584.0,23871.0,8051.0,21034.0,20770.0,11617.0,55105.0,6230.0
2003-06-01,173507.0,117719.0,165123.0,23387.0,8365.0,21493.0,20561.0,11545.0,55788.0,6323.0
2003-05-01,171542.0,116303.0,161370.0,24063.0,7949.0,20967.0,20214.0,11113.0,55239.0,6235.0
2003-04-01,169347.0,115023.0,158517.0,23420.0,7983.0,20629.0,19592.0,11364.0,54324.0,6282.0
2003-03-01,172245.0,116926.0,162941.0,22826.0,8599.0,22278.0,20539.0,10745.0,55319.0,6116.0
2003-02-01,174113.0,118098.0,164139.0,23152.0,8095.0,20695.0,22329.0,11588.0,56015.0,6302.0
2003-01-01,169994.0,115609.0,161973.0,22955.0,8100.0,20885.0,19617.0,11809.0,54385.0,6399.0
2002-12-01,163962.0,115767.0,156085.0,22776.0,8645.0,20998.0,19732.0,11201.0,48195.0,6528.0
2002-11-01,170023.0,116947.0,163175.0,23049.0,8469.0,21052.0,20532.0,11273.0,53076.0,6434.0
2002-10-01,169134.0,116624.0,163571.0,21460.0,8464.0,21100.0,20837.0,12133.0,52510.0,6557.0
2002-09-01,166838.0,116461.0,158513.0,21537.0,8516.0,21476.0,21007.0,11828.0,50377.0,6386.0
2002-08-01,177126.0,117043.0,169023.0,23643.0,8381.0,20838.0,19979.0,11915.0,60083.0,6279.0
2002-07-01,174282.0,116993.0,164086.0,23565.0,8088.0,20935.0,20661.0,11561.0,57289.0,6136.0
2002-06-01,166070.0,117193.0,158878.0,23810.0,8973.0,19998.0,20378.0,11907.0,48877.0,6173.0
2002-05-01,171854.0,119944.0,165886.0,25011.0,8802.0,20921.0,20891.0,12152.0,51910.0,6311.0
2002-04-01,171852.0,118882.0,164479.0,25393.0,8941.0,20288.0,20494.0,11802.0,52970.0,6168.0
2002-03-01,167853.0,114652.0,157855.0,24249.0,8385.0,19389.0,20098.0,11416.0,53201.0,5969.0
2002-02-01,172406.0,115732.0,162338.0,25330.0,8670.0,19390.0,19926.0,11088.0,56674.0,6111.0
2002-01-01,163324.0,113631.0,157413.0,23957.0,7913.0,19237.0,19916.0,11089.0,49693.0,6152.0
2001-12-01,165304.0,118387.0,158149.0,26986.0,8841.0,20559.0,20477.0,11091.0,46917.0,6133.0
2001-11-01,163811.0,117164.0,157390.0,27061.0,8591.0,20582.0,19578.0,10980.0,46647.0,5949.0
2001-10-01,171530.0,115125.0,152471.0,26377.0,8322.0,19904.0,19638.0,10513.0,56405.0,5691.0
2001-09-01,164123.0,118407.0,155425.0,26632.0,8495.0,21984.0,19635.0,11255.0,45716.0,5779.0
2001-08-01,170484.0,122061.0,164593.0,27598.0,8990.0,22182.0,21005.0,11302.0,48423.0,6107.0
2001-07-01,170129.0,121761.0,163190.0,27625.0,9199.0,21166.0,20946.0,11544.0,48368.0,6105.0
2001-06-01,176350.0,125138.0,170143.0,29088.0,9525.0,22334.0,21156.0,12245.0,51212.0,5952.0
2001-05-01,177749.0,126158.0,170387.0,28736.0,9546.0,22483.0,22847.0,11831.0,51591.0,5902.0
2001-04-01,171850.0,120800.0,165193.0,27554.0,9454.0,21451.0,20805.0,11518.0,51050.0,5819.0
2001-03-01,182209.0,125568.0,173019.0,30957.0,9878.0,22227.0,21372.0,11794.0,56641.0,6102.0
2001-02-01,180276.0,131335.0,174230.0,33420.0,10338.0,23363.0,21320.0,11824.0,48941.0,6183.0
2001-01-01,177056.0,131646.0,172069.0,33966.0,9930.0,23462.0,21713.0,12095.0,45410.0,6110.0
2000-12-01,188659.0,135323.0,185300.0,34449.0,10729.0,23986.0,22772.0,12254.0,53336.0,6104.0
2000-11-01,189392.0,136045.0,181736.0,36567.0,10749.0,23150.0,22081.0,12173.0,53347.0,6069.0
2000-10-01,186158.0,137264.0,180302.0,36320.0,10236.0,23556.0,22433.0,12329.0,48894.0,6190.0
2000-09-01,199947.0,141463.0,194299.0,37504.0,10470.0,25709.0,22509.0,13000.0,58484.0,6236.0
2000-08-01,188730.0,138633.0,182241.0,37713.0,10211.0,24960.0,22542.0,12101.0,50097.0,6277.0
2000-07-01,189265.0,137968.0,183526.0,35704.0,10337.0,25085.0,22243.0,12733.0,51297.0,6332.0
2000-06-01,219745.0,143496.0,192711.0,41154.0,11006.0,25604.0,22608.0,12627.0,76249.0,6032.0
2000-05-01,188606.0,137890.0,183199.0,36124.0,10455.0,24512.0,22256.0,12240.0,50716.0,6256.0
2000-04-01,195044.0,141338.0,189901.0,36415.0,10504.0,25145.0,23277.0,13303.0,53706.0,6379.0
2000-03-01,192130.0,139841.0,186944.0,35912.0,10286.0,24874.0,22730.0,13412.0,52289.0,6507.0
2000-02-01,183911.0,132425.0,178520.0,33171.0,10175.0,22649.0,21512.0,13331.0,51486.0,6010.0
2000-01-01,201360.0,139613.0,192052.0,34317.0,11050.0,25307.0,22789.0,13799.0,61747.0,6039.0
1999-12-01,196344.0,139078.0,189055.0,36855.0,10223.0,24118.0,22969.0,13404.0,57266.0,6348.0
1999-11-01,186597.0,134658.0,182096.0,34822.0,9810.0,23676.0,22074.0,13490.0,51939.0,5989.0
1999-10-01,194547.0,137171.0,186205.0,35455.0,10085.0,24170.0,21459.0,13396.0,57376.0,6110.0
1999-09-01,188910.0,135632.0,184169.0,34873.0,10210.0,24588.0,21736.0,13006.0,53278.0,6159.0
1999-08-01,189414.0,134061.0,184078.0,34023.0,10850.0,23146.0,21576.0,13284.0,55353.0,6163.0
1999-07-01,189083.0,134206.0,181571.0,34503.0,10472.0,23036.0,21342.0,13477.0,54877.0,6031.0
1999-06-01,182590.0,130642.0,177042.0,32866.0,10116.0,22813.0,21289.0,12890.0,51948.0,6307.0
1999-05-01,185963.0,130627.0,179129.0,32899.0,9846.0,22669.0,21339.0,12940.0,55336.0,6020.0
1999-04-01,182993.0,130468.0,177226.0,32525.0,9891.0,23167.0,20705.0,13124.0,52525.0,6126.0
1999-03-01,184689.0,129497.0,176954.0,32426.0,9933.0,22128.0,21051.0,12583.0,55192.0,5979.0
1999-02-01,185546.0,130143.0,178797.0,31473.0,9820.0,22203.0,21503.0,13205.0,55403.0,6244.0
1999-01-01,186527.0,127125.0,178955.0,30567.0,9556.0,22271.0,21293.0,12443.0,59402.0,6071.0
1998-12-01,178424.0,130753.0,171696.0,32059.0,9827.0,24028.0,21059.0,12871.0,47671.0,5975.0
1998-11-01,182400.0,128102.0,175917.0,31086.0,9870.0,22128.0,21769.0,13163.0,54298.0,5840.0
1998-10-01,178527.0,125391.0,172814.0,30272.0,9391.0,22408.0,20522.0,12307.0,53136.0,5879.0
1998-09-01,181422.0,128820.0,173517.0,31326.0,9753.0,24270.0,20884.0,12850.0,52602.0,5912.0
1998-08-01,179033.0,126589.0,173292.0,29964.0,9572.0,22853.0,20724.0,13363.0,52444.0,5786.0
1998-07-01,170459.0,126102.0,164656.0,30003.0,9299.0,23061.0,21032.0,12751.0,44357.0,5935.0
1998-06-01,172189.0,130048.0,166768.0,31647.0,9622.0,23698.0,21308.0,13333.0,42141.0,5702.0
1998-05-01,180634.0,129740.0,175262.0,31964.0,9692.0,23232.0,21131.0,13758.0,50894.0,5858.0
1998-04-01,180915.0,126519.0,173267.0,30361.0,9564.0,22388.0,21524.0,13800.0,54396.0,5248.0
1998-03-01,176886.0,128771.0,171668.0,30954.0,9164.0,23909.0,21318.0,13946.0,48115.0,5786.0
1998-02-01,181270.0,130630.0,175093.0,31806.0,10437.0,23100.0,21645.0,14299.0,50640.0,5395.0
1998-01-01,174288.0,127262.0,168413.0,30554.0,9428.0,22396.0,21060.0,14058.0,47026.0,5886.0
1997-12-01,173770.0,128191.0,169053.0,30405.0,9555.0,23903.0,21125.0,14402.0,45579.0,5591.0
1997-11-01,191187.0,128586.0,184858.0,30060.0,9779.0,23746.0,21102.0,15024.0,62601.0,5743.0
1997-10-01,177801.0,127387.0,172275.0,29844.0,8817.0,23945.0,21183.0,14651.0,50414.0,5591.0
1997-09-01,177835.0,130673.0,172083.0,31135.0,10444.0,24114.0,21539.0,14783.0,47162.0,5625.0
1997-08-01,177302.0,127817.0,170596.0,31387.0,9519.0,23774.0,20688.0,14301.0,49485.0,5560.0
1997-07-01,178860.0,128937.0,172439.0,32570.0,9524.0,22815.0,20438.0,14415.0,49923.0,5607.0
1997-06-01,174828.0,126457.0,168024.0,30873.0,9151.0,22520.0,21148.0,14308.0,48371.0,5442.0
1997-05-01,168586.0,122860.0,162721.0,29530.0,9209.0,21492.0,20185.0,14009.0,45726.0,5416.0
1997-04-01,174054.0,125909.0,167051.0,29922.0,9578.0,22429.0,20978.0,14402.0,48145.0,5647.0
1997-03-01,167568.0,123185.0,162083.0,29295.0,9479.0,22450.0,20190.0,13748.0,44383.0,5538.0
1997-02-01,170221.0,123490.0,163696.0,30728.0,9130.0,21467.0,20169.0,13865.0,46731.0,5426.0
1997-01-01,161827.0,118690.0,157118.0,28145.0,9324.0,20733.0,19304.0,13827.0,43137.0,5192.0
1996-12-01,162332.0,116695.0,151939.0,25961.0,8791.0,22992.0,19364.0,13379.0,45637.0,5021.0
1996-11-01,170783.0,119569.0,156723.0,29093.0,9235.0,21723.0,19495.0,12963.0,51214.0,5460.0
1996-10-01,165266.0,119499.0,158298.0,29984.0,8965.0,21054.0,19101.0,12859.0,45767.0,5204.0
1996-09-01,165442.0,116336.0,159031.0,25321.0,8767.0,22243.0,19973.0,13039.0,49106.0,5219.0
1996-08-01,157310.0,117708.0,151860.0,27699.0,8824.0,21424.0,19459.0,13363.0,39602.0,5158.0
1996-07-01,163588.0,116598.0,157889.0,27499.0,8718.0,21040.0,18982.0,13554.0,46990.0,5183.0
1996-06-01,164599.0,117889.0,156863.0,26365.0,9196.0,22400.0,19293.0,13617.0,46710.0,5170.0
1996-05-01,164502.0,117175.0,156429.0,27181.0,8587.0,21649.0,19020.0,13666.0,47327.0,5317.0
1996-04-01,156830.0,113802.0,150475.0,26655.0,8399.0,20134.0,18870.0,13126.0,43028.0,4955.0
1996-03-01,164976.0,114653.0,152130.0,26863.0,8892.0,21010.0,18301.0,12676.0,50323.0,5042.0
1996-02-01,150773.0,110398.0,145094.0,26891.0,8006.0,21265.0,17150.0,12550.0,40375.0,4816.0
1996-01-01,155806.0,112070.0,148982.0,26027.0,8036.0,21185.0,17960.0,12893.0,43736.0,4833.0
1995-12-01,163279.0,116432.0,156997.0,27344.0,8772.0,23004.0,18386.0,13544.0,46847.0,4836.0
1995-11-01,156146.0,113473.0,150718.0,27131.0,8569.0,21392.0,17996.0,13411.0,42673.0,4970.0
1995-10-01,155473.0,115650.0,149481.0,28407.0,8507.0,21537.0,18112.0,13731.0,39823.0,5023.0
1995-09-01,160175.0,113019.0,153556.0,26606.0,8412.0,22008.0,17796.0,13303.0,47156.0,4880.0
1995-08-01,154372.0,112316.0,147062.0,25700.0,8588.0,21215.0,17768.0,13585.0,42056.0,4899.0
1995-07-01,148915.0,108990.0,142786.0,24896.0,8488.0,19780.0,17685.0,12659.0,39925.0,4976.0
1995-06-01,150051.0,109440.0,143562.0,25141.0,8243.0,21247.0,17425.0,12712.0,40611.0,4822.0
1995-05-01,152838.0,111794.0,146352.0,26720.0,8249.0,20610.0,18061.0,12852.0,41044.0,4959.0
1995-04-01,151401.0,110480.0,145517.0,25903.0,8166.0,19901.0,17693.0,13396.0,40921.0,4683.0
1995-03-01,152888.0,109712.0,145807.0,24617.0,8556.0,20090.0,17741.0,13650.0,43176.0,4638.0
1995-02-01,153856.0,109484.0,146538.0,23932.0,8411.0,20278.0,17932.0,13372.0,44372.0,4800.0
1995-01-01,150459.0,111899.0,145879.0,24307.0,8626.0,20813.0,18222.0,13875.0,38560.0,5055.0
1994-12-01,152489.0,109357.0,144805.0,23829.0,8201.0,20949.0,17561.0,13870.0,43132.0,4943.0
1994-11-01,150038.0,107142.0,143323.0,23893.0,8102.0,20783.0,17125.0,13087.0,42896.0,4599.0
1994-10-01,149547.0,107955.0,141113.0,24094.0,8591.0,20784.0,16853.0,13177.0,41592.0,4708.0
1994-09-01,145487.0,104826.0,139135.0,23340.0,8099.0,19847.0,16326.0,13113.0,40661.0,4954.0
1994-08-01,145884.0,103904.0,139058.0,22975.0,7812.0,20035.0,16767.0,12085.0,41980.0,4748.0
1994-07-01,145013.0,104841.0,138141.0,23762.0,8307.0,19528.0,16502.0,12217.0,40172.0,4725.0
1994-06-01,145063.0,104475.0,138289.0,23421.0,8137.0,20095.0,16443.0,12102.0,40588.0,4732.0
1994-05-01,142630.0,102623.0,135316.0,22505.0,8132.0,18973.0,16252.0,12012.0,40007.0,4747.0
1994-04-01,140336.0,101101.0,134410.0,22665.0,8129.0,18595.0,15786.0,11530.0,39235.0,4470.0
1994-03-01,136548.0,98497.0,131368.0,20509.0,7799.0,17949.0,16330.0,11727.0,38051.0,4741.0
1994-02-01,137141.0,98720.0,131270.0,22300.0,7955.0,18254.0,15294.0,11246.0,38421.0,4456.0
1994-01-01,138498.0,97250.0,130159.0,21516.0,7807.0,17444.0,15603.0,10842.0,41248.0,4493.0
1993-12-01,133565.0,97857.0,127594.0,19601.0,7412.0,19964.0,16356.0,10659.0,35708.0,4978.0
1993-11-01,130391.0,94450.0,124269.0,21504.0,7549.0,17210.0,14524.0,10830.0,35941.0,4433.0
1993-10-01,133168.0,96033.0,125808.0,22212.0,7546.0,17276.0,15188.0,10919.0,37135.0,4507.0
1993-09-01,127233.0,94082.0,120779.0,20750.0,7609.0,17396.0,15065.0,10836.0,33151.0,4341.0
1993-08-01,129378.0,93424.0,121450.0,21352.0,7508.0,16913.0,14787.0,10411.0,35954.0,4449.0
1993-07-01,128111.0,92496.0,119325.0,20734.0,7337.0,16926.0,14738.0,10427.0,35615.0,4230.0
1993-06-01,130212.0,91139.0,124266.0,19770.0,7197.0,16781.0,14456.0,10692.0,39073.0,4277.0
1993-05-01,126529.0,91493.0,119649.0,20495.0,7312.0,16437.0,14205.0,10564.0,35036.0,4247.0
1993-04-01,127395.0,91700.0,120216.0,20516.0,7188.0,16200.0,14368.0,10450.0,35695.0,4226.0
1993-03-01,126762.0,91923.0,118717.0,20413.0,7163.0,16021.0,14265.0,11682.0,34839.0,4219.0
1993-02-01,128854.0,90448.0,121420.0,20113.0,7188.0,15365.0,14272.0,10670.0,38406.0,4457.0
1993-01-01,121637.0,91074.0,115615.0,20541.0,7236.0,16286.0,13919.0,10891.0,30563.0,4323.0
1992-12-01,126080.0,91359.0,117702.0,21666.0,6853.0,16704.0,14938.0,10602.0,34721.0,4056.0
1992-11-01,122374.0,89497.0,114116.0,21027.0,6984.0,16071.0,14301.0,10100.0,32877.0,4388.0
1992-10-01,127392.0,87064.0,115727.0,19187.0,6975.0,15630.0,14541.0,9896.0,40328.0,4139.0
1992-09-01,120711.0,88681.0,114022.0,20030.0,6746.0,16511.0,14560.0,9907.0,32030.0,4080.0
1992-08-01,120411.0,87497.0,114544.0,19482.0,6921.0,15379.0,14156.0,10778.0,32914.0,4102.0
1992-07-01,122590.0,87727.0,116709.0,19700.0,6782.0,15458.0,13991.0,10801.0,34863.0,4125.0
1992-06-01,122834.0,88219.0,115878.0,19551.0,6606.0,16029.0,14416.0,10822.0,34615.0,4010.0
1992-05-01,125822.0,88340.0,117605.0,20433.0,6825.0,15439.0,14086.0,10779.0,37482.0,3984.0
1992-04-01,124470.0,86604.0,115995.0,19017.0,6858.0,15704.0,13441.0,10452.0,37866.0,4201.0
1992-03-01,120025.0,85725.0,113354.0,19720.0,6614.0,15050.0,13542.0,10283.0,34300.0,4030.0
1992-02-01,114535.0,82931.0,106189.0,19538.0,6199.0,14202.0,13385.0,9777.0,31604.0,4025.0
